ISO-10303-21;
HEADER;
FILE_DESCRIPTION(('Open CASCADE Model'),'2;1');
FILE_NAME('Open CASCADE Shape Model','2026-07-24T16:01:45',('Author'),(
    'Open CASCADE'),'Open CASCADE STEP processor 7.9','build123d',
  'Unknown');
FILE_SCHEMA(('AUTOMOTIVE_DESIGN { 1 0 10303 214 1 1 1 1 }'));
ENDSEC;
DATA;
#1 = APPLICATION_PROTOCOL_DEFINITION('international standard',
  'automotive_design',2000,#2);
#2 = APPLICATION_CONTEXT(
  'core data for automotive mechanical design processes');
#3 = SHAPE_DEFINITION_REPRESENTATION(#4,#10);
#4 = PRODUCT_DEFINITION_SHAPE('','',#5);
#5 = PRODUCT_DEFINITION('design','',#6,#9);
#6 = PRODUCT_DEFINITION_FORMATION('','',#7);
#7 = PRODUCT('COMPOUND','COMPOUND','',(#8));
#8 = PRODUCT_CONTEXT('',#2,'mechanical');
#9 = PRODUCT_DEFINITION_CONTEXT('part definition',#2,'design');
#10 = ADVANCED_BREP_SHAPE_REPRESENTATION('',(#11,#15),#4998);
#11 = AXIS2_PLACEMENT_3D('',#12,#13,#14);
#12 = CARTESIAN_POINT('',(0.,0.,0.));
#13 = DIRECTION('',(0.,0.,1.));
#14 = DIRECTION('',(1.,0.,-0.));
#15 = MANIFOLD_SOLID_BREP('',#16);
#16 = CLOSED_SHELL('',(#17,#137,#224,#301,#715,#765,#931,#983,#1397,
    #1422,#1471,#1521,#1571,#1598,#1674,#1728,#1777,#1831,#1880,#1934,
    #1983,#2015,#2040,#2113,#2159,#2206,#2232,#2491,#2544,#2601,#2815,
    #3031,#3088,#3141,#3312,#3337,#3362,#3387,#3394,#3755,#3868,#3895,
    #3920,#4009,#4092,#4119,#4205,#4212,#4291,#4404,#4490,#4497,#4576,
    #4603,#4689,#4696,#4754,#4781,#4808,#4835,#4842,#4849,#4856,#4863,
    #4890,#4937,#4964,#4991));
#17 = ADVANCED_FACE('',(#18),#32,.T.);
#18 = FACE_BOUND('',#19,.T.);
#19 = EDGE_LOOP('',(#20,#55,#83,#111));
#20 = ORIENTED_EDGE('',*,*,#21,.T.);
#21 = EDGE_CURVE('',#22,#24,#26,.T.);
#22 = VERTEX_POINT('',#23);
#23 = CARTESIAN_POINT('',(-3.3,4.7,-7.1));
#24 = VERTEX_POINT('',#25);
#25 = CARTESIAN_POINT('',(-3.3,4.7,5.));
#26 = SURFACE_CURVE('',#27,(#31,#43),.PCURVE_S1.);
#27 = LINE('',#28,#29);
#28 = CARTESIAN_POINT('',(-3.3,4.7,-7.5));
#29 = VECTOR('',#30,1.);
#30 = DIRECTION('',(0.,0.,1.));
#31 = PCURVE('',#32,#37);
#32 = PLANE('',#33);
#33 = AXIS2_PLACEMENT_3D('',#34,#35,#36);
#34 = CARTESIAN_POINT('',(-3.3,4.7,-7.5));
#35 = DIRECTION('',(-1.,0.,0.));
#36 = DIRECTION('',(0.,1.,0.));
#37 = DEFINITIONAL_REPRESENTATION('',(#38),#42);
#38 = LINE('',#39,#40);
#39 = CARTESIAN_POINT('',(0.,0.));
#40 = VECTOR('',#41,1.);
#41 = DIRECTION('',(0.,-1.));
#42 = ( GEOMETRIC_REPRESENTATION_CONTEXT(2) 
PARAMETRIC_REPRESENTATION_CONTEXT() REPRESENTATION_CONTEXT('2D SPACE',''
  ) );
#43 = PCURVE('',#44,#49);
#44 = CYLINDRICAL_SURFACE('',#45,8.);
#45 = AXIS2_PLACEMENT_3D('',#46,#47,#48);
#46 = CARTESIAN_POINT('',(4.7,4.7,-7.5));
#47 = DIRECTION('',(0.,0.,-1.));
#48 = DIRECTION('',(-1.,0.,0.));
#49 = DEFINITIONAL_REPRESENTATION('',(#50),#54);
#50 = LINE('',#51,#52);
#51 = CARTESIAN_POINT('',(6.28318530718,0.));
#52 = VECTOR('',#53,1.);
#53 = DIRECTION('',(0.,-1.));
#54 = ( GEOMETRIC_REPRESENTATION_CONTEXT(2) 
PARAMETRIC_REPRESENTATION_CONTEXT() REPRESENTATION_CONTEXT('2D SPACE',''
  ) );
#55 = ORIENTED_EDGE('',*,*,#56,.T.);
#56 = EDGE_CURVE('',#24,#57,#59,.T.);
#57 = VERTEX_POINT('',#58);
#58 = CARTESIAN_POINT('',(-3.3,95.3,5.));
#59 = SURFACE_CURVE('',#60,(#64,#71),.PCURVE_S1.);
#60 = LINE('',#61,#62);
#61 = CARTESIAN_POINT('',(-3.3,50.,5.));
#62 = VECTOR('',#63,1.);
#63 = DIRECTION('',(0.,1.,0.));
#64 = PCURVE('',#32,#65);
#65 = DEFINITIONAL_REPRESENTATION('',(#66),#70);
#66 = LINE('',#67,#68);
#67 = CARTESIAN_POINT('',(45.3,-12.5));
#68 = VECTOR('',#69,1.);
#69 = DIRECTION('',(1.,0.));
#70 = ( GEOMETRIC_REPRESENTATION_CONTEXT(2) 
PARAMETRIC_REPRESENTATION_CONTEXT() REPRESENTATION_CONTEXT('2D SPACE',''
  ) );
#71 = PCURVE('',#72,#77);
#72 = PLANE('',#73);
#73 = AXIS2_PLACEMENT_3D('',#74,#75,#76);
#74 = CARTESIAN_POINT('',(42.099999998332,50.,5.));
#75 = DIRECTION('',(0.,0.,1.));
#76 = DIRECTION('',(1.,0.,-0.));
#77 = DEFINITIONAL_REPRESENTATION('',(#78),#82);
#78 = LINE('',#79,#80);
#79 = CARTESIAN_POINT('',(-45.39999999833,-4.108335670513E-15));
#80 = VECTOR('',#81,1.);
#81 = DIRECTION('',(0.,1.));
#82 = ( GEOMETRIC_REPRESENTATION_CONTEXT(2) 
PARAMETRIC_REPRESENTATION_CONTEXT() REPRESENTATION_CONTEXT('2D SPACE',''
  ) );
#83 = ORIENTED_EDGE('',*,*,#84,.F.);
#84 = EDGE_CURVE('',#85,#57,#87,.T.);
#85 = VERTEX_POINT('',#86);
#86 = CARTESIAN_POINT('',(-3.3,95.3,-7.1));
#87 = SURFACE_CURVE('',#88,(#92,#99),.PCURVE_S1.);
#88 = LINE('',#89,#90);
#89 = CARTESIAN_POINT('',(-3.3,95.3,-7.5));
#90 = VECTOR('',#91,1.);
#91 = DIRECTION('',(0.,0.,1.));
#92 = PCURVE('',#32,#93);
#93 = DEFINITIONAL_REPRESENTATION('',(#94),#98);
#94 = LINE('',#95,#96);
#95 = CARTESIAN_POINT('',(90.6,0.));
#96 = VECTOR('',#97,1.);
#97 = DIRECTION('',(0.,-1.));
#98 = ( GEOMETRIC_REPRESENTATION_CONTEXT(2) 
PARAMETRIC_REPRESENTATION_CONTEXT() REPRESENTATION_CONTEXT('2D SPACE',''
  ) );
#99 = PCURVE('',#100,#105);
#100 = CYLINDRICAL_SURFACE('',#101,8.);
#101 = AXIS2_PLACEMENT_3D('',#102,#103,#104);
#102 = CARTESIAN_POINT('',(4.7,95.3,-7.5));
#103 = DIRECTION('',(0.,0.,-1.));
#104 = DIRECTION('',(-1.,0.,0.));
#105 = DEFINITIONAL_REPRESENTATION('',(#106),#110);
#106 = LINE('',#107,#108);
#107 = CARTESIAN_POINT('',(0.,0.));
#108 = VECTOR('',#109,1.);
#109 = DIRECTION('',(0.,-1.));
#110 = ( GEOMETRIC_REPRESENTATION_CONTEXT(2) 
PARAMETRIC_REPRESENTATION_CONTEXT() REPRESENTATION_CONTEXT('2D SPACE',''
  ) );
#111 = ORIENTED_EDGE('',*,*,#112,.F.);
#112 = EDGE_CURVE('',#22,#85,#113,.T.);
#113 = SURFACE_CURVE('',#114,(#118,#125),.PCURVE_S1.);
#114 = LINE('',#115,#116);
#115 = CARTESIAN_POINT('',(-3.3,4.7,-7.1));
#116 = VECTOR('',#117,1.);
#117 = DIRECTION('',(0.,1.,0.));
#118 = PCURVE('',#32,#119);
#119 = DEFINITIONAL_REPRESENTATION('',(#120),#124);
#120 = LINE('',#121,#122);
#121 = CARTESIAN_POINT('',(0.,-0.4));
#122 = VECTOR('',#123,1.);
#123 = DIRECTION('',(1.,0.));
#124 = ( GEOMETRIC_REPRESENTATION_CONTEXT(2) 
PARAMETRIC_REPRESENTATION_CONTEXT() REPRESENTATION_CONTEXT('2D SPACE',''
  ) );
#125 = PCURVE('',#126,#131);
#126 = PLANE('',#127);
#127 = AXIS2_PLACEMENT_3D('',#128,#129,#130);
#128 = CARTESIAN_POINT('',(-3.1,4.7,-7.3));
#129 = DIRECTION('',(0.707106781187,-6.290406791861E-19,0.707106781187)
  );
#130 = DIRECTION('',(-4.447989298947E-19,-1.,-4.447989298947E-19));
#131 = DEFINITIONAL_REPRESENTATION('',(#132),#136);
#132 = LINE('',#133,#134);
#133 = CARTESIAN_POINT('',(-0.,-0.282842712475));
#134 = VECTOR('',#135,1.);
#135 = DIRECTION('',(-1.,0.));
#136 = ( GEOMETRIC_REPRESENTATION_CONTEXT(2) 
PARAMETRIC_REPRESENTATION_CONTEXT() REPRESENTATION_CONTEXT('2D SPACE',''
  ) );
#137 = ADVANCED_FACE('',(#138),#44,.T.);
#138 = FACE_BOUND('',#139,.T.);
#139 = EDGE_LOOP('',(#140,#170,#196,#197));
#140 = ORIENTED_EDGE('',*,*,#141,.T.);
#141 = EDGE_CURVE('',#142,#144,#146,.T.);
#142 = VERTEX_POINT('',#143);
#143 = CARTESIAN_POINT('',(4.7,-3.3,-7.1));
#144 = VERTEX_POINT('',#145);
#145 = CARTESIAN_POINT('',(4.7,-3.3,5.));
#146 = SURFACE_CURVE('',#147,(#151,#158),.PCURVE_S1.);
#147 = LINE('',#148,#149);
#148 = CARTESIAN_POINT('',(4.7,-3.3,-7.5));
#149 = VECTOR('',#150,1.);
#150 = DIRECTION('',(0.,0.,1.));
#151 = PCURVE('',#44,#152);
#152 = DEFINITIONAL_REPRESENTATION('',(#153),#157);
#153 = LINE('',#154,#155);
#154 = CARTESIAN_POINT('',(4.712388980385,0.));
#155 = VECTOR('',#156,1.);
#156 = DIRECTION('',(0.,-1.));
#157 = ( GEOMETRIC_REPRESENTATION_CONTEXT(2) 
PARAMETRIC_REPRESENTATION_CONTEXT() REPRESENTATION_CONTEXT('2D SPACE',''
  ) );
#158 = PCURVE('',#159,#164);
#159 = PLANE('',#160);
#160 = AXIS2_PLACEMENT_3D('',#161,#162,#163);
#161 = CARTESIAN_POINT('',(4.7,-3.3,-7.5));
#162 = DIRECTION('',(0.,1.,0.));
#163 = DIRECTION('',(1.,0.,0.));
#164 = DEFINITIONAL_REPRESENTATION('',(#165),#169);
#165 = LINE('',#166,#167);
#166 = CARTESIAN_POINT('',(0.,0.));
#167 = VECTOR('',#168,1.);
#168 = DIRECTION('',(0.,-1.));
#169 = ( GEOMETRIC_REPRESENTATION_CONTEXT(2) 
PARAMETRIC_REPRESENTATION_CONTEXT() REPRESENTATION_CONTEXT('2D SPACE',''
  ) );
#170 = ORIENTED_EDGE('',*,*,#171,.T.);
#171 = EDGE_CURVE('',#144,#24,#172,.T.);
#172 = SURFACE_CURVE('',#173,(#178,#185),.PCURVE_S1.);
#173 = CIRCLE('',#174,8.);
#174 = AXIS2_PLACEMENT_3D('',#175,#176,#177);
#175 = CARTESIAN_POINT('',(4.7,4.7,5.));
#176 = DIRECTION('',(0.,0.,-1.));
#177 = DIRECTION('',(-1.,0.,0.));
#178 = PCURVE('',#44,#179);
#179 = DEFINITIONAL_REPRESENTATION('',(#180),#184);
#180 = LINE('',#181,#182);
#181 = CARTESIAN_POINT('',(0.,-12.5));
#182 = VECTOR('',#183,1.);
#183 = DIRECTION('',(1.,0.));
#184 = ( GEOMETRIC_REPRESENTATION_CONTEXT(2) 
PARAMETRIC_REPRESENTATION_CONTEXT() REPRESENTATION_CONTEXT('2D SPACE',''
  ) );
#185 = PCURVE('',#72,#186);
#186 = DEFINITIONAL_REPRESENTATION('',(#187),#195);
#187 = ( BOUNDED_CURVE() B_SPLINE_CURVE(2,(#188,#189,#190,#191,#192,#193
,#194),.UNSPECIFIED.,.T.,.F.) B_SPLINE_CURVE_WITH_KNOTS((1,2,2,2,2,1),(
    -2.094395102393,0.,2.094395102393,4.188790204786,6.28318530718,
8.377580409573),.UNSPECIFIED.) CURVE() GEOMETRIC_REPRESENTATION_ITEM() 
RATIONAL_B_SPLINE_CURVE((1.,0.5,1.,0.5,1.,0.5,1.)) REPRESENTATION_ITEM(
  '') );
#188 = CARTESIAN_POINT('',(-45.39999999833,-45.3));
#189 = CARTESIAN_POINT('',(-45.39999999833,-31.44359353944));
#190 = CARTESIAN_POINT('',(-33.39999999833,-38.37179676972));
#191 = CARTESIAN_POINT('',(-21.39999999833,-45.3));
#192 = CARTESIAN_POINT('',(-33.39999999833,-52.22820323027));
#193 = CARTESIAN_POINT('',(-45.39999999833,-59.15640646055));
#194 = CARTESIAN_POINT('',(-45.39999999833,-45.3));
#195 = ( GEOMETRIC_REPRESENTATION_CONTEXT(2) 
PARAMETRIC_REPRESENTATION_CONTEXT() REPRESENTATION_CONTEXT('2D SPACE',''
  ) );
#196 = ORIENTED_EDGE('',*,*,#21,.F.);
#197 = ORIENTED_EDGE('',*,*,#198,.F.);
#198 = EDGE_CURVE('',#142,#22,#199,.T.);
#199 = SURFACE_CURVE('',#200,(#205,#212),.PCURVE_S1.);
#200 = CIRCLE('',#201,8.);
#201 = AXIS2_PLACEMENT_3D('',#202,#203,#204);
#202 = CARTESIAN_POINT('',(4.7,4.7,-7.1));
#203 = DIRECTION('',(-0.,-0.,-1.));
#204 = DIRECTION('',(0.,-1.,0.));
#205 = PCURVE('',#44,#206);
#206 = DEFINITIONAL_REPRESENTATION('',(#207),#211);
#207 = LINE('',#208,#209);
#208 = CARTESIAN_POINT('',(4.712388980385,-0.4));
#209 = VECTOR('',#210,1.);
#210 = DIRECTION('',(1.,0.));
#211 = ( GEOMETRIC_REPRESENTATION_CONTEXT(2) 
PARAMETRIC_REPRESENTATION_CONTEXT() REPRESENTATION_CONTEXT('2D SPACE',''
  ) );
#212 = PCURVE('',#213,#218);
#213 = CONICAL_SURFACE('',#214,8.,0.785398163397);
#214 = AXIS2_PLACEMENT_3D('',#215,#216,#217);
#215 = CARTESIAN_POINT('',(4.7,4.7,-7.1));
#216 = DIRECTION('',(0.,0.,1.));
#217 = DIRECTION('',(0.,-1.,0.));
#218 = DEFINITIONAL_REPRESENTATION('',(#219),#223);
#219 = LINE('',#220,#221);
#220 = CARTESIAN_POINT('',(-0.,-0.));
#221 = VECTOR('',#222,1.);
#222 = DIRECTION('',(-1.,-0.));
#223 = ( GEOMETRIC_REPRESENTATION_CONTEXT(2) 
PARAMETRIC_REPRESENTATION_CONTEXT() REPRESENTATION_CONTEXT('2D SPACE',''
  ) );
#224 = ADVANCED_FACE('',(#225),#126,.F.);
#225 = FACE_BOUND('',#226,.T.);
#226 = EDGE_LOOP('',(#227,#248,#249,#275));
#227 = ORIENTED_EDGE('',*,*,#228,.F.);
#228 = EDGE_CURVE('',#22,#229,#231,.T.);
#229 = VERTEX_POINT('',#230);
#230 = CARTESIAN_POINT('',(-2.9,4.7,-7.5));
#231 = SURFACE_CURVE('',#232,(#236,#242),.PCURVE_S1.);
#232 = LINE('',#233,#234);
#233 = CARTESIAN_POINT('',(-3.1,4.7,-7.3));
#234 = VECTOR('',#235,1.);
#235 = DIRECTION('',(0.707106781187,-8.254784185632E-36,-0.707106781187)
  );
#236 = PCURVE('',#126,#237);
#237 = DEFINITIONAL_REPRESENTATION('',(#238),#241);
#238 = B_SPLINE_CURVE_WITH_KNOTS('',1,(#239,#240),.UNSPECIFIED.,.F.,.F.,
  (2,2),(-0.282842712475,0.282842712475),.PIECEWISE_BEZIER_KNOTS.);
#239 = CARTESIAN_POINT('',(0.,-0.282842712475));
#240 = CARTESIAN_POINT('',(0.,0.282842712475));
#241 = ( GEOMETRIC_REPRESENTATION_CONTEXT(2) 
PARAMETRIC_REPRESENTATION_CONTEXT() REPRESENTATION_CONTEXT('2D SPACE',''
  ) );
#242 = PCURVE('',#213,#243);
#243 = DEFINITIONAL_REPRESENTATION('',(#244),#247);
#244 = B_SPLINE_CURVE_WITH_KNOTS('',1,(#245,#246),.UNSPECIFIED.,.F.,.F.,
  (2,2),(-0.282842712475,0.282842712475),.PIECEWISE_BEZIER_KNOTS.);
#245 = CARTESIAN_POINT('',(-1.570796326795,0.));
#246 = CARTESIAN_POINT('',(-1.570796326795,-0.4));
#247 = ( GEOMETRIC_REPRESENTATION_CONTEXT(2) 
PARAMETRIC_REPRESENTATION_CONTEXT() REPRESENTATION_CONTEXT('2D SPACE',''
  ) );
#248 = ORIENTED_EDGE('',*,*,#112,.T.);
#249 = ORIENTED_EDGE('',*,*,#250,.T.);
#250 = EDGE_CURVE('',#85,#251,#253,.T.);
#251 = VERTEX_POINT('',#252);
#252 = CARTESIAN_POINT('',(-2.9,95.3,-7.5));
#253 = SURFACE_CURVE('',#254,(#258,#264),.PCURVE_S1.);
#254 = LINE('',#255,#256);
#255 = CARTESIAN_POINT('',(-3.1,95.3,-7.3));
#256 = VECTOR('',#257,1.);
#257 = DIRECTION('',(0.707106781187,-8.254784185632E-36,-0.707106781187)
  );
#258 = PCURVE('',#126,#259);
#259 = DEFINITIONAL_REPRESENTATION('',(#260),#263);
#260 = B_SPLINE_CURVE_WITH_KNOTS('',1,(#261,#262),.UNSPECIFIED.,.F.,.F.,
  (2,2),(-0.282842712475,0.282842712475),.PIECEWISE_BEZIER_KNOTS.);
#261 = CARTESIAN_POINT('',(-90.6,-0.282842712475));
#262 = CARTESIAN_POINT('',(-90.6,0.282842712475));
#263 = ( GEOMETRIC_REPRESENTATION_CONTEXT(2) 
PARAMETRIC_REPRESENTATION_CONTEXT() REPRESENTATION_CONTEXT('2D SPACE',''
  ) );
#264 = PCURVE('',#265,#270);
#265 = CONICAL_SURFACE('',#266,8.,0.785398163397);
#266 = AXIS2_PLACEMENT_3D('',#267,#268,#269);
#267 = CARTESIAN_POINT('',(4.7,95.3,-7.1));
#268 = DIRECTION('',(0.,0.,1.));
#269 = DIRECTION('',(-1.,0.,0.));
#270 = DEFINITIONAL_REPRESENTATION('',(#271),#274);
#271 = B_SPLINE_CURVE_WITH_KNOTS('',1,(#272,#273),.UNSPECIFIED.,.F.,.F.,
  (2,2),(-0.282842712475,0.282842712475),.PIECEWISE_BEZIER_KNOTS.);
#272 = CARTESIAN_POINT('',(0.,0.));
#273 = CARTESIAN_POINT('',(0.,-0.4));
#274 = ( GEOMETRIC_REPRESENTATION_CONTEXT(2) 
PARAMETRIC_REPRESENTATION_CONTEXT() REPRESENTATION_CONTEXT('2D SPACE',''
  ) );
#275 = ORIENTED_EDGE('',*,*,#276,.F.);
#276 = EDGE_CURVE('',#229,#251,#277,.T.);
#277 = SURFACE_CURVE('',#278,(#282,#289),.PCURVE_S1.);
#278 = LINE('',#279,#280);
#279 = CARTESIAN_POINT('',(-2.9,4.7,-7.5));
#280 = VECTOR('',#281,1.);
#281 = DIRECTION('',(0.,1.,0.));
#282 = PCURVE('',#126,#283);
#283 = DEFINITIONAL_REPRESENTATION('',(#284),#288);
#284 = LINE('',#285,#286);
#285 = CARTESIAN_POINT('',(-0.,0.282842712475));
#286 = VECTOR('',#287,1.);
#287 = DIRECTION('',(-1.,0.));
#288 = ( GEOMETRIC_REPRESENTATION_CONTEXT(2) 
PARAMETRIC_REPRESENTATION_CONTEXT() REPRESENTATION_CONTEXT('2D SPACE',''
  ) );
#289 = PCURVE('',#290,#295);
#290 = PLANE('',#291);
#291 = AXIS2_PLACEMENT_3D('',#292,#293,#294);
#292 = CARTESIAN_POINT('',(42.099999998332,50.,-7.5));
#293 = DIRECTION('',(0.,0.,1.));
#294 = DIRECTION('',(1.,0.,-0.));
#295 = DEFINITIONAL_REPRESENTATION('',(#296),#300);
#296 = LINE('',#297,#298);
#297 = CARTESIAN_POINT('',(-44.99999999833,-45.3));
#298 = VECTOR('',#299,1.);
#299 = DIRECTION('',(0.,1.));
#300 = ( GEOMETRIC_REPRESENTATION_CONTEXT(2) 
PARAMETRIC_REPRESENTATION_CONTEXT() REPRESENTATION_CONTEXT('2D SPACE',''
  ) );
#301 = ADVANCED_FACE('',(#302,#477),#72,.T.);
#302 = FACE_BOUND('',#303,.T.);
#303 = EDGE_LOOP('',(#304,#305,#306,#329,#362,#390,#423,#451));
#304 = ORIENTED_EDGE('',*,*,#56,.F.);
#305 = ORIENTED_EDGE('',*,*,#171,.F.);
#306 = ORIENTED_EDGE('',*,*,#307,.T.);
#307 = EDGE_CURVE('',#144,#308,#310,.T.);
#308 = VERTEX_POINT('',#309);
#309 = CARTESIAN_POINT('',(79.499999993631,-3.3,5.));
#310 = SURFACE_CURVE('',#311,(#315,#322),.PCURVE_S1.);
#311 = LINE('',#312,#313);
#312 = CARTESIAN_POINT('',(42.1,-3.3,5.));
#313 = VECTOR('',#314,1.);
#314 = DIRECTION('',(1.,0.,0.));
#315 = PCURVE('',#72,#316);
#316 = DEFINITIONAL_REPRESENTATION('',(#317),#321);
#317 = LINE('',#318,#319);
#318 = CARTESIAN_POINT('',(1.668403817997E-09,-53.3));
#319 = VECTOR('',#320,1.);
#320 = DIRECTION('',(1.,0.));
#321 = ( GEOMETRIC_REPRESENTATION_CONTEXT(2) 
PARAMETRIC_REPRESENTATION_CONTEXT() REPRESENTATION_CONTEXT('2D SPACE',''
  ) );
#322 = PCURVE('',#159,#323);
#323 = DEFINITIONAL_REPRESENTATION('',(#324),#328);
#324 = LINE('',#325,#326);
#325 = CARTESIAN_POINT('',(37.400000000001,-12.5));
#326 = VECTOR('',#327,1.);
#327 = DIRECTION('',(1.,0.));
#328 = ( GEOMETRIC_REPRESENTATION_CONTEXT(2) 
PARAMETRIC_REPRESENTATION_CONTEXT() REPRESENTATION_CONTEXT('2D SPACE',''
  ) );
#329 = ORIENTED_EDGE('',*,*,#330,.F.);
#330 = EDGE_CURVE('',#331,#308,#333,.T.);
#331 = VERTEX_POINT('',#332);
#332 = CARTESIAN_POINT('',(87.499999996816,4.7,5.));
#333 = SURFACE_CURVE('',#334,(#339,#350),.PCURVE_S1.);
#334 = CIRCLE('',#335,8.);
#335 = AXIS2_PLACEMENT_3D('',#336,#337,#338);
#336 = CARTESIAN_POINT('',(79.499999993631,4.7,5.));
#337 = DIRECTION('',(0.,0.,-1.));
#338 = DIRECTION('',(-1.,0.,0.));
#339 = PCURVE('',#72,#340);
#340 = DEFINITIONAL_REPRESENTATION('',(#341),#349);
#341 = ( BOUNDED_CURVE() B_SPLINE_CURVE(2,(#342,#343,#344,#345,#346,#347
,#348),.UNSPECIFIED.,.T.,.F.) B_SPLINE_CURVE_WITH_KNOTS((1,2,2,2,2,1),(
    -2.094395102393,0.,2.094395102393,4.188790204786,6.28318530718,
8.377580409573),.UNSPECIFIED.) CURVE() GEOMETRIC_REPRESENTATION_ITEM() 
RATIONAL_B_SPLINE_CURVE((1.,0.5,1.,0.5,1.,0.5,1.)) REPRESENTATION_ITEM(
  '') );
#342 = CARTESIAN_POINT('',(29.399999995299,-45.3));
#343 = CARTESIAN_POINT('',(29.399999995299,-31.44359353944));
#344 = CARTESIAN_POINT('',(41.399999995299,-38.37179676972));
#345 = CARTESIAN_POINT('',(53.399999995299,-45.3));
#346 = CARTESIAN_POINT('',(41.399999995299,-52.22820323027));
#347 = CARTESIAN_POINT('',(29.399999995299,-59.15640646055));
#348 = CARTESIAN_POINT('',(29.399999995299,-45.3));
#349 = ( GEOMETRIC_REPRESENTATION_CONTEXT(2) 
PARAMETRIC_REPRESENTATION_CONTEXT() REPRESENTATION_CONTEXT('2D SPACE',''
  ) );
#350 = PCURVE('',#351,#356);
#351 = CYLINDRICAL_SURFACE('',#352,8.);
#352 = AXIS2_PLACEMENT_3D('',#353,#354,#355);
#353 = CARTESIAN_POINT('',(79.499999993631,4.7,-7.5));
#354 = DIRECTION('',(0.,0.,-1.));
#355 = DIRECTION('',(-1.,0.,0.));
#356 = DEFINITIONAL_REPRESENTATION('',(#357),#361);
#357 = LINE('',#358,#359);
#358 = CARTESIAN_POINT('',(0.,-12.5));
#359 = VECTOR('',#360,1.);
#360 = DIRECTION('',(1.,0.));
#361 = ( GEOMETRIC_REPRESENTATION_CONTEXT(2) 
PARAMETRIC_REPRESENTATION_CONTEXT() REPRESENTATION_CONTEXT('2D SPACE',''
  ) );
#362 = ORIENTED_EDGE('',*,*,#363,.T.);
#363 = EDGE_CURVE('',#331,#364,#366,.T.);
#364 = VERTEX_POINT('',#365);
#365 = CARTESIAN_POINT('',(87.499999996816,95.3,5.));
#366 = SURFACE_CURVE('',#367,(#371,#378),.PCURVE_S1.);
#367 = LINE('',#368,#369);
#368 = CARTESIAN_POINT('',(87.5,50.,5.));
#369 = VECTOR('',#370,1.);
#370 = DIRECTION('',(0.,1.,0.));
#371 = PCURVE('',#72,#372);
#372 = DEFINITIONAL_REPRESENTATION('',(#373),#377);
#373 = LINE('',#374,#375);
#374 = CARTESIAN_POINT('',(45.400000001668,-4.108335670513E-15));
#375 = VECTOR('',#376,1.);
#376 = DIRECTION('',(0.,1.));
#377 = ( GEOMETRIC_REPRESENTATION_CONTEXT(2) 
PARAMETRIC_REPRESENTATION_CONTEXT() REPRESENTATION_CONTEXT('2D SPACE',''
  ) );
#378 = PCURVE('',#379,#384);
#379 = PLANE('',#380);
#380 = AXIS2_PLACEMENT_3D('',#381,#382,#383);
#381 = CARTESIAN_POINT('',(87.5,4.7,-7.5));
#382 = DIRECTION('',(-1.,0.,0.));
#383 = DIRECTION('',(0.,1.,0.));
#384 = DEFINITIONAL_REPRESENTATION('',(#385),#389);
#385 = LINE('',#386,#387);
#386 = CARTESIAN_POINT('',(45.3,-12.5));
#387 = VECTOR('',#388,1.);
#388 = DIRECTION('',(1.,0.));
#389 = ( GEOMETRIC_REPRESENTATION_CONTEXT(2) 
PARAMETRIC_REPRESENTATION_CONTEXT() REPRESENTATION_CONTEXT('2D SPACE',''
  ) );
#390 = ORIENTED_EDGE('',*,*,#391,.F.);
#391 = EDGE_CURVE('',#392,#364,#394,.T.);
#392 = VERTEX_POINT('',#393);
#393 = CARTESIAN_POINT('',(79.499999993631,103.3,5.));
#394 = SURFACE_CURVE('',#395,(#400,#411),.PCURVE_S1.);
#395 = CIRCLE('',#396,8.);
#396 = AXIS2_PLACEMENT_3D('',#397,#398,#399);
#397 = CARTESIAN_POINT('',(79.499999993631,95.3,5.));
#398 = DIRECTION('',(0.,0.,-1.));
#399 = DIRECTION('',(-1.,0.,0.));
#400 = PCURVE('',#72,#401);
#401 = DEFINITIONAL_REPRESENTATION('',(#402),#410);
#402 = ( BOUNDED_CURVE() B_SPLINE_CURVE(2,(#403,#404,#405,#406,#407,#408
,#409),.UNSPECIFIED.,.T.,.F.) B_SPLINE_CURVE_WITH_KNOTS((1,2,2,2,2,1),(
    -2.094395102393,0.,2.094395102393,4.188790204786,6.28318530718,
8.377580409573),.UNSPECIFIED.) CURVE() GEOMETRIC_REPRESENTATION_ITEM() 
RATIONAL_B_SPLINE_CURVE((1.,0.5,1.,0.5,1.,0.5,1.)) REPRESENTATION_ITEM(
  '') );
#403 = CARTESIAN_POINT('',(29.399999995299,45.3));
#404 = CARTESIAN_POINT('',(29.399999995299,59.156406460551));
#405 = CARTESIAN_POINT('',(41.399999995299,52.228203230275));
#406 = CARTESIAN_POINT('',(53.399999995299,45.3));
#407 = CARTESIAN_POINT('',(41.399999995299,38.371796769724));
#408 = CARTESIAN_POINT('',(29.399999995299,31.443593539449));
#409 = CARTESIAN_POINT('',(29.399999995299,45.3));
#410 = ( GEOMETRIC_REPRESENTATION_CONTEXT(2) 
PARAMETRIC_REPRESENTATION_CONTEXT() REPRESENTATION_CONTEXT('2D SPACE',''
  ) );
#411 = PCURVE('',#412,#417);
#412 = CYLINDRICAL_SURFACE('',#413,8.);
#413 = AXIS2_PLACEMENT_3D('',#414,#415,#416);
#414 = CARTESIAN_POINT('',(79.499999993631,95.3,-7.5));
#415 = DIRECTION('',(0.,0.,-1.));
#416 = DIRECTION('',(-1.,0.,0.));
#417 = DEFINITIONAL_REPRESENTATION('',(#418),#422);
#418 = LINE('',#419,#420);
#419 = CARTESIAN_POINT('',(0.,-12.5));
#420 = VECTOR('',#421,1.);
#421 = DIRECTION('',(1.,0.));
#422 = ( GEOMETRIC_REPRESENTATION_CONTEXT(2) 
PARAMETRIC_REPRESENTATION_CONTEXT() REPRESENTATION_CONTEXT('2D SPACE',''
  ) );
#423 = ORIENTED_EDGE('',*,*,#424,.F.);
#424 = EDGE_CURVE('',#425,#392,#427,.T.);
#425 = VERTEX_POINT('',#426);
#426 = CARTESIAN_POINT('',(4.7,103.3,5.));
#427 = SURFACE_CURVE('',#428,(#432,#439),.PCURVE_S1.);
#428 = LINE('',#429,#430);
#429 = CARTESIAN_POINT('',(42.1,103.3,5.));
#430 = VECTOR('',#431,1.);
#431 = DIRECTION('',(1.,0.,0.));
#432 = PCURVE('',#72,#433);
#433 = DEFINITIONAL_REPRESENTATION('',(#434),#438);
#434 = LINE('',#435,#436);
#435 = CARTESIAN_POINT('',(1.668403817997E-09,53.3));
#436 = VECTOR('',#437,1.);
#437 = DIRECTION('',(1.,0.));
#438 = ( GEOMETRIC_REPRESENTATION_CONTEXT(2) 
PARAMETRIC_REPRESENTATION_CONTEXT() REPRESENTATION_CONTEXT('2D SPACE',''
  ) );
#439 = PCURVE('',#440,#445);
#440 = PLANE('',#441);
#441 = AXIS2_PLACEMENT_3D('',#442,#443,#444);
#442 = CARTESIAN_POINT('',(4.7,103.3,-7.5));
#443 = DIRECTION('',(0.,1.,0.));
#444 = DIRECTION('',(1.,0.,0.));
#445 = DEFINITIONAL_REPRESENTATION('',(#446),#450);
#446 = LINE('',#447,#448);
#447 = CARTESIAN_POINT('',(37.400000000001,-12.5));
#448 = VECTOR('',#449,1.);
#449 = DIRECTION('',(1.,0.));
#450 = ( GEOMETRIC_REPRESENTATION_CONTEXT(2) 
PARAMETRIC_REPRESENTATION_CONTEXT() REPRESENTATION_CONTEXT('2D SPACE',''
  ) );
#451 = ORIENTED_EDGE('',*,*,#452,.F.);
#452 = EDGE_CURVE('',#57,#425,#453,.T.);
#453 = SURFACE_CURVE('',#454,(#459,#470),.PCURVE_S1.);
#454 = CIRCLE('',#455,8.);
#455 = AXIS2_PLACEMENT_3D('',#456,#457,#458);
#456 = CARTESIAN_POINT('',(4.7,95.3,5.));
#457 = DIRECTION('',(0.,0.,-1.));
#458 = DIRECTION('',(-1.,0.,0.));
#459 = PCURVE('',#72,#460);
#460 = DEFINITIONAL_REPRESENTATION('',(#461),#469);
#461 = ( BOUNDED_CURVE() B_SPLINE_CURVE(2,(#462,#463,#464,#465,#466,#467
,#468),.UNSPECIFIED.,.T.,.F.) B_SPLINE_CURVE_WITH_KNOTS((1,2,2,2,2,1),(
    -2.094395102393,0.,2.094395102393,4.188790204786,6.28318530718,
8.377580409573),.UNSPECIFIED.) CURVE() GEOMETRIC_REPRESENTATION_ITEM() 
RATIONAL_B_SPLINE_CURVE((1.,0.5,1.,0.5,1.,0.5,1.)) REPRESENTATION_ITEM(
  '') );
#462 = CARTESIAN_POINT('',(-45.39999999833,45.3));
#463 = CARTESIAN_POINT('',(-45.39999999833,59.156406460551));
#464 = CARTESIAN_POINT('',(-33.39999999833,52.228203230275));
#465 = CARTESIAN_POINT('',(-21.39999999833,45.3));
#466 = CARTESIAN_POINT('',(-33.39999999833,38.371796769724));
#467 = CARTESIAN_POINT('',(-45.39999999833,31.443593539449));
#468 = CARTESIAN_POINT('',(-45.39999999833,45.3));
#469 = ( GEOMETRIC_REPRESENTATION_CONTEXT(2) 
PARAMETRIC_REPRESENTATION_CONTEXT() REPRESENTATION_CONTEXT('2D SPACE',''
  ) );
#470 = PCURVE('',#100,#471);
#471 = DEFINITIONAL_REPRESENTATION('',(#472),#476);
#472 = LINE('',#473,#474);
#473 = CARTESIAN_POINT('',(0.,-12.5));
#474 = VECTOR('',#475,1.);
#475 = DIRECTION('',(1.,0.));
#476 = ( GEOMETRIC_REPRESENTATION_CONTEXT(2) 
PARAMETRIC_REPRESENTATION_CONTEXT() REPRESENTATION_CONTEXT('2D SPACE',''
  ) );
#477 = FACE_BOUND('',#478,.T.);
#478 = EDGE_LOOP('',(#479,#507,#540,#566,#599,#625,#658,#684));
#479 = ORIENTED_EDGE('',*,*,#480,.F.);
#480 = EDGE_CURVE('',#481,#483,#485,.T.);
#481 = VERTEX_POINT('',#482);
#482 = CARTESIAN_POINT('',(-0.4,94.7,5.));
#483 = VERTEX_POINT('',#484);
#484 = CARTESIAN_POINT('',(-0.4,5.3,5.));
#485 = SURFACE_CURVE('',#486,(#490,#496),.PCURVE_S1.);
#486 = LINE('',#487,#488);
#487 = CARTESIAN_POINT('',(-0.399999999999,27.65,5.));
#488 = VECTOR('',#489,1.);
#489 = DIRECTION('',(0.,-1.,0.));
#490 = PCURVE('',#72,#491);
#491 = DEFINITIONAL_REPRESENTATION('',(#492),#495);
#492 = B_SPLINE_CURVE_WITH_KNOTS('',1,(#493,#494),.UNSPECIFIED.,.F.,.F.,
  (2,2),(-67.05,22.35),.PIECEWISE_BEZIER_KNOTS.);
#493 = CARTESIAN_POINT('',(-42.49999999833,44.7));
#494 = CARTESIAN_POINT('',(-42.49999999833,-44.7));
#495 = ( GEOMETRIC_REPRESENTATION_CONTEXT(2) 
PARAMETRIC_REPRESENTATION_CONTEXT() REPRESENTATION_CONTEXT('2D SPACE',''
  ) );
#496 = PCURVE('',#497,#502);
#497 = PLANE('',#498);
#498 = AXIS2_PLACEMENT_3D('',#499,#500,#501);
#499 = CARTESIAN_POINT('',(-0.399999999999,5.3,3.4));
#500 = DIRECTION('',(-1.,0.,0.));
#501 = DIRECTION('',(0.,1.,0.));
#502 = DEFINITIONAL_REPRESENTATION('',(#503),#506);
#503 = B_SPLINE_CURVE_WITH_KNOTS('',1,(#504,#505),.UNSPECIFIED.,.F.,.F.,
  (2,2),(-67.05,22.35),.PIECEWISE_BEZIER_KNOTS.);
#504 = CARTESIAN_POINT('',(89.4,-1.6));
#505 = CARTESIAN_POINT('',(0.,-1.6));
#506 = ( GEOMETRIC_REPRESENTATION_CONTEXT(2) 
PARAMETRIC_REPRESENTATION_CONTEXT() REPRESENTATION_CONTEXT('2D SPACE',''
  ) );
#507 = ORIENTED_EDGE('',*,*,#508,.T.);
#508 = EDGE_CURVE('',#481,#509,#511,.T.);
#509 = VERTEX_POINT('',#510);
#510 = CARTESIAN_POINT('',(5.299999999999,100.4,5.));
#511 = SURFACE_CURVE('',#512,(#517,#528),.PCURVE_S1.);
#512 = CIRCLE('',#513,5.7);
#513 = AXIS2_PLACEMENT_3D('',#514,#515,#516);
#514 = CARTESIAN_POINT('',(5.299999999999,94.7,5.));
#515 = DIRECTION('',(0.,0.,-1.));
#516 = DIRECTION('',(-1.,0.,0.));
#517 = PCURVE('',#72,#518);
#518 = DEFINITIONAL_REPRESENTATION('',(#519),#527);
#519 = ( BOUNDED_CURVE() B_SPLINE_CURVE(2,(#520,#521,#522,#523,#524,#525
,#526),.UNSPECIFIED.,.T.,.F.) B_SPLINE_CURVE_WITH_KNOTS((1,2,2,2,2,1),(
    -2.094395102393,0.,2.094395102393,4.188790204786,6.28318530718,
8.377580409573),.UNSPECIFIED.) CURVE() GEOMETRIC_REPRESENTATION_ITEM() 
RATIONAL_B_SPLINE_CURVE((1.,0.5,1.,0.5,1.,0.5,1.)) REPRESENTATION_ITEM(
  '') );
#520 = CARTESIAN_POINT('',(-42.49999999833,44.7));
#521 = CARTESIAN_POINT('',(-42.49999999833,54.572689603143));
#522 = CARTESIAN_POINT('',(-33.94999999833,49.636344801571));
#523 = CARTESIAN_POINT('',(-25.39999999833,44.7));
#524 = CARTESIAN_POINT('',(-33.94999999833,39.763655198429));
#525 = CARTESIAN_POINT('',(-42.49999999833,34.827310396857));
#526 = CARTESIAN_POINT('',(-42.49999999833,44.7));
#527 = ( GEOMETRIC_REPRESENTATION_CONTEXT(2) 
PARAMETRIC_REPRESENTATION_CONTEXT() REPRESENTATION_CONTEXT('2D SPACE',''
  ) );
#528 = PCURVE('',#529,#534);
#529 = CYLINDRICAL_SURFACE('',#530,5.7);
#530 = AXIS2_PLACEMENT_3D('',#531,#532,#533);
#531 = CARTESIAN_POINT('',(5.299999999999,94.7,3.4));
#532 = DIRECTION('',(0.,0.,-1.));
#533 = DIRECTION('',(-1.,0.,0.));
#534 = DEFINITIONAL_REPRESENTATION('',(#535),#539);
#535 = LINE('',#536,#537);
#536 = CARTESIAN_POINT('',(0.,-1.6));
#537 = VECTOR('',#538,1.);
#538 = DIRECTION('',(1.,0.));
#539 = ( GEOMETRIC_REPRESENTATION_CONTEXT(2) 
PARAMETRIC_REPRESENTATION_CONTEXT() REPRESENTATION_CONTEXT('2D SPACE',''
  ) );
#540 = ORIENTED_EDGE('',*,*,#541,.F.);
#541 = EDGE_CURVE('',#542,#509,#544,.T.);
#542 = VERTEX_POINT('',#543);
#543 = CARTESIAN_POINT('',(78.899999992115,100.4,5.));
#544 = SURFACE_CURVE('',#545,(#549,#555),.PCURVE_S1.);
#545 = LINE('',#546,#547);
#546 = CARTESIAN_POINT('',(23.699999999166,100.4,5.));
#547 = VECTOR('',#548,1.);
#548 = DIRECTION('',(-1.,0.,0.));
#549 = PCURVE('',#72,#550);
#550 = DEFINITIONAL_REPRESENTATION('',(#551),#554);
#551 = B_SPLINE_CURVE_WITH_KNOTS('',1,(#552,#553),.UNSPECIFIED.,.F.,.F.,
  (2,2),(-55.19999999294,18.399999999166),.PIECEWISE_BEZIER_KNOTS.);
#552 = CARTESIAN_POINT('',(36.799999993783,50.4));
#553 = CARTESIAN_POINT('',(-36.79999999833,50.4));
#554 = ( GEOMETRIC_REPRESENTATION_CONTEXT(2) 
PARAMETRIC_REPRESENTATION_CONTEXT() REPRESENTATION_CONTEXT('2D SPACE',''
  ) );
#555 = PCURVE('',#556,#561);
#556 = PLANE('',#557);
#557 = AXIS2_PLACEMENT_3D('',#558,#559,#560);
#558 = CARTESIAN_POINT('',(5.299999999999,100.4,3.4));
#559 = DIRECTION('',(0.,1.,0.));
#560 = DIRECTION('',(1.,0.,0.));
#561 = DEFINITIONAL_REPRESENTATION('',(#562),#565);
#562 = B_SPLINE_CURVE_WITH_KNOTS('',1,(#563,#564),.UNSPECIFIED.,.F.,.F.,
  (2,2),(-55.19999999294,18.399999999166),.PIECEWISE_BEZIER_KNOTS.);
#563 = CARTESIAN_POINT('',(73.599999992115,-1.6));
#564 = CARTESIAN_POINT('',(-1.42108547152E-14,-1.6));
#565 = ( GEOMETRIC_REPRESENTATION_CONTEXT(2) 
PARAMETRIC_REPRESENTATION_CONTEXT() REPRESENTATION_CONTEXT('2D SPACE',''
  ) );
#566 = ORIENTED_EDGE('',*,*,#567,.T.);
#567 = EDGE_CURVE('',#542,#568,#570,.T.);
#568 = VERTEX_POINT('',#569);
#569 = CARTESIAN_POINT('',(84.599999996058,94.7,5.));
#570 = SURFACE_CURVE('',#571,(#576,#587),.PCURVE_S1.);
#571 = CIRCLE('',#572,5.7);
#572 = AXIS2_PLACEMENT_3D('',#573,#574,#575);
#573 = CARTESIAN_POINT('',(78.899999992115,94.7,5.));
#574 = DIRECTION('',(0.,0.,-1.));
#575 = DIRECTION('',(-1.,0.,0.));
#576 = PCURVE('',#72,#577);
#577 = DEFINITIONAL_REPRESENTATION('',(#578),#586);
#578 = ( BOUNDED_CURVE() B_SPLINE_CURVE(2,(#579,#580,#581,#582,#583,#584
,#585),.UNSPECIFIED.,.T.,.F.) B_SPLINE_CURVE_WITH_KNOTS((1,2,2,2,2,1),(
    -2.094395102393,0.,2.094395102393,4.188790204786,6.28318530718,
8.377580409573),.UNSPECIFIED.) CURVE() GEOMETRIC_REPRESENTATION_ITEM() 
RATIONAL_B_SPLINE_CURVE((1.,0.5,1.,0.5,1.,0.5,1.)) REPRESENTATION_ITEM(
  '') );
#579 = CARTESIAN_POINT('',(31.099999993783,44.7));
#580 = CARTESIAN_POINT('',(31.099999993783,54.572689603143));
#581 = CARTESIAN_POINT('',(39.649999993783,49.636344801571));
#582 = CARTESIAN_POINT('',(48.199999993783,44.7));
#583 = CARTESIAN_POINT('',(39.649999993783,39.763655198429));
#584 = CARTESIAN_POINT('',(31.099999993783,34.827310396857));
#585 = CARTESIAN_POINT('',(31.099999993783,44.7));
#586 = ( GEOMETRIC_REPRESENTATION_CONTEXT(2) 
PARAMETRIC_REPRESENTATION_CONTEXT() REPRESENTATION_CONTEXT('2D SPACE',''
  ) );
#587 = PCURVE('',#588,#593);
#588 = CYLINDRICAL_SURFACE('',#589,5.7);
#589 = AXIS2_PLACEMENT_3D('',#590,#591,#592);
#590 = CARTESIAN_POINT('',(78.899999992115,94.7,3.4));
#591 = DIRECTION('',(0.,0.,-1.));
#592 = DIRECTION('',(-1.,0.,0.));
#593 = DEFINITIONAL_REPRESENTATION('',(#594),#598);
#594 = LINE('',#595,#596);
#595 = CARTESIAN_POINT('',(0.,-1.6));
#596 = VECTOR('',#597,1.);
#597 = DIRECTION('',(1.,0.));
#598 = ( GEOMETRIC_REPRESENTATION_CONTEXT(2) 
PARAMETRIC_REPRESENTATION_CONTEXT() REPRESENTATION_CONTEXT('2D SPACE',''
  ) );
#599 = ORIENTED_EDGE('',*,*,#600,.T.);
#600 = EDGE_CURVE('',#568,#601,#603,.T.);
#601 = VERTEX_POINT('',#602);
#602 = CARTESIAN_POINT('',(84.599999996058,5.3,5.));
#603 = SURFACE_CURVE('',#604,(#608,#614),.PCURVE_S1.);
#604 = LINE('',#605,#606);
#605 = CARTESIAN_POINT('',(84.600000000001,27.65,5.));
#606 = VECTOR('',#607,1.);
#607 = DIRECTION('',(0.,-1.,0.));
#608 = PCURVE('',#72,#609);
#609 = DEFINITIONAL_REPRESENTATION('',(#610),#613);
#610 = B_SPLINE_CURVE_WITH_KNOTS('',1,(#611,#612),.UNSPECIFIED.,.F.,.F.,
  (2,2),(-67.05,22.35),.PIECEWISE_BEZIER_KNOTS.);
#611 = CARTESIAN_POINT('',(42.500000001669,44.7));
#612 = CARTESIAN_POINT('',(42.500000001669,-44.7));
#613 = ( GEOMETRIC_REPRESENTATION_CONTEXT(2) 
PARAMETRIC_REPRESENTATION_CONTEXT() REPRESENTATION_CONTEXT('2D SPACE',''
  ) );
#614 = PCURVE('',#615,#620);
#615 = PLANE('',#616);
#616 = AXIS2_PLACEMENT_3D('',#617,#618,#619);
#617 = CARTESIAN_POINT('',(84.600000000001,5.3,3.4));
#618 = DIRECTION('',(-1.,0.,0.));
#619 = DIRECTION('',(0.,1.,0.));
#620 = DEFINITIONAL_REPRESENTATION('',(#621),#624);
#621 = B_SPLINE_CURVE_WITH_KNOTS('',1,(#622,#623),.UNSPECIFIED.,.F.,.F.,
  (2,2),(-67.05,22.35),.PIECEWISE_BEZIER_KNOTS.);
#622 = CARTESIAN_POINT('',(89.4,-1.6));
#623 = CARTESIAN_POINT('',(0.,-1.6));
#624 = ( GEOMETRIC_REPRESENTATION_CONTEXT(2) 
PARAMETRIC_REPRESENTATION_CONTEXT() REPRESENTATION_CONTEXT('2D SPACE',''
  ) );
#625 = ORIENTED_EDGE('',*,*,#626,.T.);
#626 = EDGE_CURVE('',#601,#627,#629,.T.);
#627 = VERTEX_POINT('',#628);
#628 = CARTESIAN_POINT('',(78.899999992115,-0.4,5.));
#629 = SURFACE_CURVE('',#630,(#635,#646),.PCURVE_S1.);
#630 = CIRCLE('',#631,5.7);
#631 = AXIS2_PLACEMENT_3D('',#632,#633,#634);
#632 = CARTESIAN_POINT('',(78.899999992115,5.3,5.));
#633 = DIRECTION('',(0.,0.,-1.));
#634 = DIRECTION('',(-1.,0.,0.));
#635 = PCURVE('',#72,#636);
#636 = DEFINITIONAL_REPRESENTATION('',(#637),#645);
#637 = ( BOUNDED_CURVE() B_SPLINE_CURVE(2,(#638,#639,#640,#641,#642,#643
,#644),.UNSPECIFIED.,.T.,.F.) B_SPLINE_CURVE_WITH_KNOTS((1,2,2,2,2,1),(
    -2.094395102393,0.,2.094395102393,4.188790204786,6.28318530718,
8.377580409573),.UNSPECIFIED.) CURVE() GEOMETRIC_REPRESENTATION_ITEM() 
RATIONAL_B_SPLINE_CURVE((1.,0.5,1.,0.5,1.,0.5,1.)) REPRESENTATION_ITEM(
  '') );
#638 = CARTESIAN_POINT('',(31.099999993783,-44.7));
#639 = CARTESIAN_POINT('',(31.099999993783,-34.82731039685));
#640 = CARTESIAN_POINT('',(39.649999993783,-39.76365519842));
#641 = CARTESIAN_POINT('',(48.199999993783,-44.7));
#642 = CARTESIAN_POINT('',(39.649999993783,-49.63634480157));
#643 = CARTESIAN_POINT('',(31.099999993783,-54.57268960314));
#644 = CARTESIAN_POINT('',(31.099999993783,-44.7));
#645 = ( GEOMETRIC_REPRESENTATION_CONTEXT(2) 
PARAMETRIC_REPRESENTATION_CONTEXT() REPRESENTATION_CONTEXT('2D SPACE',''
  ) );
#646 = PCURVE('',#647,#652);
#647 = CYLINDRICAL_SURFACE('',#648,5.7);
#648 = AXIS2_PLACEMENT_3D('',#649,#650,#651);
#649 = CARTESIAN_POINT('',(78.899999992115,5.3,3.4));
#650 = DIRECTION('',(0.,0.,-1.));
#651 = DIRECTION('',(-1.,0.,0.));
#652 = DEFINITIONAL_REPRESENTATION('',(#653),#657);
#653 = LINE('',#654,#655);
#654 = CARTESIAN_POINT('',(0.,-1.6));
#655 = VECTOR('',#656,1.);
#656 = DIRECTION('',(1.,0.));
#657 = ( GEOMETRIC_REPRESENTATION_CONTEXT(2) 
PARAMETRIC_REPRESENTATION_CONTEXT() REPRESENTATION_CONTEXT('2D SPACE',''
  ) );
#658 = ORIENTED_EDGE('',*,*,#659,.T.);
#659 = EDGE_CURVE('',#627,#660,#662,.T.);
#660 = VERTEX_POINT('',#661);
#661 = CARTESIAN_POINT('',(5.299999999999,-0.4,5.));
#662 = SURFACE_CURVE('',#663,(#667,#673),.PCURVE_S1.);
#663 = LINE('',#664,#665);
#664 = CARTESIAN_POINT('',(23.699999999166,-0.4,5.));
#665 = VECTOR('',#666,1.);
#666 = DIRECTION('',(-1.,0.,0.));
#667 = PCURVE('',#72,#668);
#668 = DEFINITIONAL_REPRESENTATION('',(#669),#672);
#669 = B_SPLINE_CURVE_WITH_KNOTS('',1,(#670,#671),.UNSPECIFIED.,.F.,.F.,
  (2,2),(-55.19999999294,18.399999999166),.PIECEWISE_BEZIER_KNOTS.);
#670 = CARTESIAN_POINT('',(36.799999993783,-50.4));
#671 = CARTESIAN_POINT('',(-36.79999999833,-50.4));
#672 = ( GEOMETRIC_REPRESENTATION_CONTEXT(2) 
PARAMETRIC_REPRESENTATION_CONTEXT() REPRESENTATION_CONTEXT('2D SPACE',''
  ) );
#673 = PCURVE('',#674,#679);
#674 = PLANE('',#675);
#675 = AXIS2_PLACEMENT_3D('',#676,#677,#678);
#676 = CARTESIAN_POINT('',(5.299999999999,-0.4,3.4));
#677 = DIRECTION('',(0.,1.,0.));
#678 = DIRECTION('',(1.,0.,0.));
#679 = DEFINITIONAL_REPRESENTATION('',(#680),#683);
#680 = B_SPLINE_CURVE_WITH_KNOTS('',1,(#681,#682),.UNSPECIFIED.,.F.,.F.,
  (2,2),(-55.19999999294,18.399999999166),.PIECEWISE_BEZIER_KNOTS.);
#681 = CARTESIAN_POINT('',(73.599999992115,-1.6));
#682 = CARTESIAN_POINT('',(-1.42108547152E-14,-1.6));
#683 = ( GEOMETRIC_REPRESENTATION_CONTEXT(2) 
PARAMETRIC_REPRESENTATION_CONTEXT() REPRESENTATION_CONTEXT('2D SPACE',''
  ) );
#684 = ORIENTED_EDGE('',*,*,#685,.T.);
#685 = EDGE_CURVE('',#660,#483,#686,.T.);
#686 = SURFACE_CURVE('',#687,(#692,#703),.PCURVE_S1.);
#687 = CIRCLE('',#688,5.7);
#688 = AXIS2_PLACEMENT_3D('',#689,#690,#691);
#689 = CARTESIAN_POINT('',(5.299999999999,5.3,5.));
#690 = DIRECTION('',(0.,0.,-1.));
#691 = DIRECTION('',(-1.,0.,0.));
#692 = PCURVE('',#72,#693);
#693 = DEFINITIONAL_REPRESENTATION('',(#694),#702);
#694 = ( BOUNDED_CURVE() B_SPLINE_CURVE(2,(#695,#696,#697,#698,#699,#700
,#701),.UNSPECIFIED.,.T.,.F.) B_SPLINE_CURVE_WITH_KNOTS((1,2,2,2,2,1),(
    -2.094395102393,0.,2.094395102393,4.188790204786,6.28318530718,
8.377580409573),.UNSPECIFIED.) CURVE() GEOMETRIC_REPRESENTATION_ITEM() 
RATIONAL_B_SPLINE_CURVE((1.,0.5,1.,0.5,1.,0.5,1.)) REPRESENTATION_ITEM(
  '') );
#695 = CARTESIAN_POINT('',(-42.49999999833,-44.7));
#696 = CARTESIAN_POINT('',(-42.49999999833,-34.82731039685));
#697 = CARTESIAN_POINT('',(-33.94999999833,-39.76365519842));
#698 = CARTESIAN_POINT('',(-25.39999999833,-44.7));
#699 = CARTESIAN_POINT('',(-33.94999999833,-49.63634480157));
#700 = CARTESIAN_POINT('',(-42.49999999833,-54.57268960314));
#701 = CARTESIAN_POINT('',(-42.49999999833,-44.7));
#702 = ( GEOMETRIC_REPRESENTATION_CONTEXT(2) 
PARAMETRIC_REPRESENTATION_CONTEXT() REPRESENTATION_CONTEXT('2D SPACE',''
  ) );
#703 = PCURVE('',#704,#709);
#704 = CYLINDRICAL_SURFACE('',#705,5.7);
#705 = AXIS2_PLACEMENT_3D('',#706,#707,#708);
#706 = CARTESIAN_POINT('',(5.299999999999,5.3,3.4));
#707 = DIRECTION('',(0.,0.,-1.));
#708 = DIRECTION('',(-1.,0.,0.));
#709 = DEFINITIONAL_REPRESENTATION('',(#710),#714);
#710 = LINE('',#711,#712);
#711 = CARTESIAN_POINT('',(0.,-1.6));
#712 = VECTOR('',#713,1.);
#713 = DIRECTION('',(1.,0.));
#714 = ( GEOMETRIC_REPRESENTATION_CONTEXT(2) 
PARAMETRIC_REPRESENTATION_CONTEXT() REPRESENTATION_CONTEXT('2D SPACE',''
  ) );
#715 = ADVANCED_FACE('',(#716),#100,.T.);
#716 = FACE_BOUND('',#717,.T.);
#717 = EDGE_LOOP('',(#718,#719,#720,#743));
#718 = ORIENTED_EDGE('',*,*,#84,.T.);
#719 = ORIENTED_EDGE('',*,*,#452,.T.);
#720 = ORIENTED_EDGE('',*,*,#721,.F.);
#721 = EDGE_CURVE('',#722,#425,#724,.T.);
#722 = VERTEX_POINT('',#723);
#723 = CARTESIAN_POINT('',(4.7,103.3,-7.1));
#724 = SURFACE_CURVE('',#725,(#729,#736),.PCURVE_S1.);
#725 = LINE('',#726,#727);
#726 = CARTESIAN_POINT('',(4.7,103.3,-7.5));
#727 = VECTOR('',#728,1.);
#728 = DIRECTION('',(0.,0.,1.));
#729 = PCURVE('',#100,#730);
#730 = DEFINITIONAL_REPRESENTATION('',(#731),#735);
#731 = LINE('',#732,#733);
#732 = CARTESIAN_POINT('',(1.570796326795,0.));
#733 = VECTOR('',#734,1.);
#734 = DIRECTION('',(0.,-1.));
#735 = ( GEOMETRIC_REPRESENTATION_CONTEXT(2) 
PARAMETRIC_REPRESENTATION_CONTEXT() REPRESENTATION_CONTEXT('2D SPACE',''
  ) );
#736 = PCURVE('',#440,#737);
#737 = DEFINITIONAL_REPRESENTATION('',(#738),#742);
#738 = LINE('',#739,#740);
#739 = CARTESIAN_POINT('',(0.,0.));
#740 = VECTOR('',#741,1.);
#741 = DIRECTION('',(0.,-1.));
#742 = ( GEOMETRIC_REPRESENTATION_CONTEXT(2) 
PARAMETRIC_REPRESENTATION_CONTEXT() REPRESENTATION_CONTEXT('2D SPACE',''
  ) );
#743 = ORIENTED_EDGE('',*,*,#744,.F.);
#744 = EDGE_CURVE('',#85,#722,#745,.T.);
#745 = SURFACE_CURVE('',#746,(#751,#758),.PCURVE_S1.);
#746 = CIRCLE('',#747,8.);
#747 = AXIS2_PLACEMENT_3D('',#748,#749,#750);
#748 = CARTESIAN_POINT('',(4.7,95.3,-7.1));
#749 = DIRECTION('',(-0.,0.,-1.));
#750 = DIRECTION('',(-1.,0.,0.));
#751 = PCURVE('',#100,#752);
#752 = DEFINITIONAL_REPRESENTATION('',(#753),#757);
#753 = LINE('',#754,#755);
#754 = CARTESIAN_POINT('',(0.,-0.4));
#755 = VECTOR('',#756,1.);
#756 = DIRECTION('',(1.,0.));
#757 = ( GEOMETRIC_REPRESENTATION_CONTEXT(2) 
PARAMETRIC_REPRESENTATION_CONTEXT() REPRESENTATION_CONTEXT('2D SPACE',''
  ) );
#758 = PCURVE('',#265,#759);
#759 = DEFINITIONAL_REPRESENTATION('',(#760),#764);
#760 = LINE('',#761,#762);
#761 = CARTESIAN_POINT('',(-0.,-0.));
#762 = VECTOR('',#763,1.);
#763 = DIRECTION('',(-1.,-0.));
#764 = ( GEOMETRIC_REPRESENTATION_CONTEXT(2) 
PARAMETRIC_REPRESENTATION_CONTEXT() REPRESENTATION_CONTEXT('2D SPACE',''
  ) );
#765 = ADVANCED_FACE('',(#766,#819),#159,.F.);
#766 = FACE_BOUND('',#767,.F.);
#767 = EDGE_LOOP('',(#768,#769,#770,#793));
#768 = ORIENTED_EDGE('',*,*,#141,.T.);
#769 = ORIENTED_EDGE('',*,*,#307,.T.);
#770 = ORIENTED_EDGE('',*,*,#771,.F.);
#771 = EDGE_CURVE('',#772,#308,#774,.T.);
#772 = VERTEX_POINT('',#773);
#773 = CARTESIAN_POINT('',(79.499999993631,-3.3,-7.1));
#774 = SURFACE_CURVE('',#775,(#779,#786),.PCURVE_S1.);
#775 = LINE('',#776,#777);
#776 = CARTESIAN_POINT('',(79.499999993631,-3.3,-7.5));
#777 = VECTOR('',#778,1.);
#778 = DIRECTION('',(0.,0.,1.));
#779 = PCURVE('',#159,#780);
#780 = DEFINITIONAL_REPRESENTATION('',(#781),#785);
#781 = LINE('',#782,#783);
#782 = CARTESIAN_POINT('',(74.799999993631,0.));
#783 = VECTOR('',#784,1.);
#784 = DIRECTION('',(0.,-1.));
#785 = ( GEOMETRIC_REPRESENTATION_CONTEXT(2) 
PARAMETRIC_REPRESENTATION_CONTEXT() REPRESENTATION_CONTEXT('2D SPACE',''
  ) );
#786 = PCURVE('',#351,#787);
#787 = DEFINITIONAL_REPRESENTATION('',(#788),#792);
#788 = LINE('',#789,#790);
#789 = CARTESIAN_POINT('',(4.712388980385,0.));
#790 = VECTOR('',#791,1.);
#791 = DIRECTION('',(0.,-1.));
#792 = ( GEOMETRIC_REPRESENTATION_CONTEXT(2) 
PARAMETRIC_REPRESENTATION_CONTEXT() REPRESENTATION_CONTEXT('2D SPACE',''
  ) );
#793 = ORIENTED_EDGE('',*,*,#794,.T.);
#794 = EDGE_CURVE('',#772,#142,#795,.T.);
#795 = SURFACE_CURVE('',#796,(#800,#807),.PCURVE_S1.);
#796 = LINE('',#797,#798);
#797 = CARTESIAN_POINT('',(79.499999993631,-3.3,-7.1));
#798 = VECTOR('',#799,1.);
#799 = DIRECTION('',(-1.,-0.,-0.));
#800 = PCURVE('',#159,#801);
#801 = DEFINITIONAL_REPRESENTATION('',(#802),#806);
#802 = LINE('',#803,#804);
#803 = CARTESIAN_POINT('',(74.799999993631,-0.4));
#804 = VECTOR('',#805,1.);
#805 = DIRECTION('',(-1.,0.));
#806 = ( GEOMETRIC_REPRESENTATION_CONTEXT(2) 
PARAMETRIC_REPRESENTATION_CONTEXT() REPRESENTATION_CONTEXT('2D SPACE',''
  ) );
#807 = PCURVE('',#808,#813);
#808 = PLANE('',#809);
#809 = AXIS2_PLACEMENT_3D('',#810,#811,#812);
#810 = CARTESIAN_POINT('',(79.499999993631,-3.1,-7.3));
#811 = DIRECTION('',(9.709052582848E-19,-0.707106781187,-0.707106781187)
  );
#812 = DIRECTION('',(-1.,-6.865336920228E-19,-6.865336920228E-19));
#813 = DEFINITIONAL_REPRESENTATION('',(#814),#818);
#814 = LINE('',#815,#816);
#815 = CARTESIAN_POINT('',(0.,-0.282842712475));
#816 = VECTOR('',#817,1.);
#817 = DIRECTION('',(1.,0.));
#818 = ( GEOMETRIC_REPRESENTATION_CONTEXT(2) 
PARAMETRIC_REPRESENTATION_CONTEXT() REPRESENTATION_CONTEXT('2D SPACE',''
  ) );
#819 = FACE_BOUND('',#820,.F.);
#820 = EDGE_LOOP('',(#821,#851,#879,#905));
#821 = ORIENTED_EDGE('',*,*,#822,.F.);
#822 = EDGE_CURVE('',#823,#825,#827,.T.);
#823 = VERTEX_POINT('',#824);
#824 = CARTESIAN_POINT('',(35.,-3.3,0.9));
#825 = VERTEX_POINT('',#826);
#826 = CARTESIAN_POINT('',(49.2,-3.3,0.9));
#827 = SURFACE_CURVE('',#828,(#832,#839),.PCURVE_S1.);
#828 = LINE('',#829,#830);
#829 = CARTESIAN_POINT('',(42.1,-3.3,0.9));
#830 = VECTOR('',#831,1.);
#831 = DIRECTION('',(1.,0.,0.));
#832 = PCURVE('',#159,#833);
#833 = DEFINITIONAL_REPRESENTATION('',(#834),#838);
#834 = LINE('',#835,#836);
#835 = CARTESIAN_POINT('',(37.4,-8.4));
#836 = VECTOR('',#837,1.);
#837 = DIRECTION('',(1.,0.));
#838 = ( GEOMETRIC_REPRESENTATION_CONTEXT(2) 
PARAMETRIC_REPRESENTATION_CONTEXT() REPRESENTATION_CONTEXT('2D SPACE',''
  ) );
#839 = PCURVE('',#840,#845);
#840 = B_SPLINE_SURFACE_WITH_KNOTS('',1,1,(
    (#841,#842)
    ,(#843,#844
    )),.UNSPECIFIED.,.F.,.F.,.F.,(2,2),(2,2),(-7.1,7.1),(0.,1.),
  .PIECEWISE_BEZIER_KNOTS.);
#841 = CARTESIAN_POINT('',(35.,-3.3,0.9));
#842 = CARTESIAN_POINT('',(35.6,-2.7,0.3));
#843 = CARTESIAN_POINT('',(49.2,-3.3,0.9));
#844 = CARTESIAN_POINT('',(48.6,-2.7,0.3));
#845 = DEFINITIONAL_REPRESENTATION('',(#846),#850);
#846 = LINE('',#847,#848);
#847 = CARTESIAN_POINT('',(0.,0.));
#848 = VECTOR('',#849,1.);
#849 = DIRECTION('',(1.,0.));
#850 = ( GEOMETRIC_REPRESENTATION_CONTEXT(2) 
PARAMETRIC_REPRESENTATION_CONTEXT() REPRESENTATION_CONTEXT('2D SPACE',''
  ) );
#851 = ORIENTED_EDGE('',*,*,#852,.T.);
#852 = EDGE_CURVE('',#823,#853,#855,.T.);
#853 = VERTEX_POINT('',#854);
#854 = CARTESIAN_POINT('',(35.,-3.3,-6.7));
#855 = SURFACE_CURVE('',#856,(#860,#867),.PCURVE_S1.);
#856 = LINE('',#857,#858);
#857 = CARTESIAN_POINT('',(35.,-3.3,-2.9));
#858 = VECTOR('',#859,1.);
#859 = DIRECTION('',(0.,0.,-1.));
#860 = PCURVE('',#159,#861);
#861 = DEFINITIONAL_REPRESENTATION('',(#862),#866);
#862 = LINE('',#863,#864);
#863 = CARTESIAN_POINT('',(30.3,-4.6));
#864 = VECTOR('',#865,1.);
#865 = DIRECTION('',(0.,1.));
#866 = ( GEOMETRIC_REPRESENTATION_CONTEXT(2) 
PARAMETRIC_REPRESENTATION_CONTEXT() REPRESENTATION_CONTEXT('2D SPACE',''
  ) );
#867 = PCURVE('',#868,#873);
#868 = B_SPLINE_SURFACE_WITH_KNOTS('',1,1,(
    (#869,#870)
    ,(#871,#872
    )),.UNSPECIFIED.,.F.,.F.,.F.,(2,2),(2,2),(-3.8,3.8),(0.,1.),
  .PIECEWISE_BEZIER_KNOTS.);
#869 = CARTESIAN_POINT('',(35.,-3.3,-6.7));
#870 = CARTESIAN_POINT('',(35.6,-2.7,-6.7));
#871 = CARTESIAN_POINT('',(35.,-3.3,0.9));
#872 = CARTESIAN_POINT('',(35.6,-2.7,0.3));
#873 = DEFINITIONAL_REPRESENTATION('',(#874),#878);
#874 = LINE('',#875,#876);
#875 = CARTESIAN_POINT('',(0.,0.));
#876 = VECTOR('',#877,1.);
#877 = DIRECTION('',(-1.,0.));
#878 = ( GEOMETRIC_REPRESENTATION_CONTEXT(2) 
PARAMETRIC_REPRESENTATION_CONTEXT() REPRESENTATION_CONTEXT('2D SPACE',''
  ) );
#879 = ORIENTED_EDGE('',*,*,#880,.F.);
#880 = EDGE_CURVE('',#881,#853,#883,.T.);
#881 = VERTEX_POINT('',#882);
#882 = CARTESIAN_POINT('',(49.2,-3.3,-6.7));
#883 = SURFACE_CURVE('',#884,(#888,#894),.PCURVE_S1.);
#884 = LINE('',#885,#886);
#885 = CARTESIAN_POINT('',(23.4,-3.3,-6.7));
#886 = VECTOR('',#887,1.);
#887 = DIRECTION('',(-1.,0.,1.18648057386E-17));
#888 = PCURVE('',#159,#889);
#889 = DEFINITIONAL_REPRESENTATION('',(#890),#893);
#890 = B_SPLINE_CURVE_WITH_KNOTS('',1,(#891,#892),.UNSPECIFIED.,.F.,.F.,
  (2,2),(-25.8,-11.6),.PIECEWISE_BEZIER_KNOTS.);
#891 = CARTESIAN_POINT('',(44.5,-0.8));
#892 = CARTESIAN_POINT('',(30.3,-0.8));
#893 = ( GEOMETRIC_REPRESENTATION_CONTEXT(2) 
PARAMETRIC_REPRESENTATION_CONTEXT() REPRESENTATION_CONTEXT('2D SPACE',''
  ) );
#894 = PCURVE('',#895,#900);
#895 = PLANE('',#896);
#896 = AXIS2_PLACEMENT_3D('',#897,#898,#899);
#897 = CARTESIAN_POINT('',(42.1,-3.,-6.7));
#898 = DIRECTION('',(-1.18648057386E-17,6.474406571662E-29,-1.));
#899 = DIRECTION('',(-1.,-2.781266110254E-19,1.18648057386E-17));
#900 = DEFINITIONAL_REPRESENTATION('',(#901),#904);
#901 = B_SPLINE_CURVE_WITH_KNOTS('',1,(#902,#903),.UNSPECIFIED.,.F.,.F.,
  (2,2),(-25.8,-11.6),.PIECEWISE_BEZIER_KNOTS.);
#902 = CARTESIAN_POINT('',(-7.1,-0.3));
#903 = CARTESIAN_POINT('',(7.1,-0.3));
#904 = ( GEOMETRIC_REPRESENTATION_CONTEXT(2) 
PARAMETRIC_REPRESENTATION_CONTEXT() REPRESENTATION_CONTEXT('2D SPACE',''
  ) );
#905 = ORIENTED_EDGE('',*,*,#906,.F.);
#906 = EDGE_CURVE('',#825,#881,#907,.T.);
#907 = SURFACE_CURVE('',#908,(#912,#919),.PCURVE_S1.);
#908 = LINE('',#909,#910);
#909 = CARTESIAN_POINT('',(49.2,-3.3,-2.9));
#910 = VECTOR('',#911,1.);
#911 = DIRECTION('',(0.,0.,-1.));
#912 = PCURVE('',#159,#913);
#913 = DEFINITIONAL_REPRESENTATION('',(#914),#918);
#914 = LINE('',#915,#916);
#915 = CARTESIAN_POINT('',(44.5,-4.6));
#916 = VECTOR('',#917,1.);
#917 = DIRECTION('',(0.,1.));
#918 = ( GEOMETRIC_REPRESENTATION_CONTEXT(2) 
PARAMETRIC_REPRESENTATION_CONTEXT() REPRESENTATION_CONTEXT('2D SPACE',''
  ) );
#919 = PCURVE('',#920,#925);
#920 = B_SPLINE_SURFACE_WITH_KNOTS('',1,1,(
    (#921,#922)
    ,(#923,#924
    )),.UNSPECIFIED.,.F.,.F.,.F.,(2,2),(2,2),(-3.8,3.8),(0.,1.),
  .PIECEWISE_BEZIER_KNOTS.);
#921 = CARTESIAN_POINT('',(49.2,-3.3,0.9));
#922 = CARTESIAN_POINT('',(48.6,-2.7,0.3));
#923 = CARTESIAN_POINT('',(49.2,-3.3,-6.7));
#924 = CARTESIAN_POINT('',(48.6,-2.7,-6.7));
#925 = DEFINITIONAL_REPRESENTATION('',(#926),#930);
#926 = LINE('',#927,#928);
#927 = CARTESIAN_POINT('',(0.,0.));
#928 = VECTOR('',#929,1.);
#929 = DIRECTION('',(1.,0.));
#930 = ( GEOMETRIC_REPRESENTATION_CONTEXT(2) 
PARAMETRIC_REPRESENTATION_CONTEXT() REPRESENTATION_CONTEXT('2D SPACE',''
  ) );
#931 = ADVANCED_FACE('',(#932),#213,.T.);
#932 = FACE_BOUND('',#933,.T.);
#933 = EDGE_LOOP('',(#934,#955,#956,#957));
#934 = ORIENTED_EDGE('',*,*,#935,.F.);
#935 = EDGE_CURVE('',#142,#936,#938,.T.);
#936 = VERTEX_POINT('',#937);
#937 = CARTESIAN_POINT('',(4.7,-2.9,-7.5));
#938 = SURFACE_CURVE('',#939,(#943,#949),.PCURVE_S1.);
#939 = LINE('',#940,#941);
#940 = CARTESIAN_POINT('',(4.7,-3.1,-7.3));
#941 = VECTOR('',#942,1.);
#942 = DIRECTION('',(-2.00339920889E-35,0.707106781187,-0.707106781187)
  );
#943 = PCURVE('',#213,#944);
#944 = DEFINITIONAL_REPRESENTATION('',(#945),#948);
#945 = B_SPLINE_CURVE_WITH_KNOTS('',1,(#946,#947),.UNSPECIFIED.,.F.,.F.,
  (2,2),(-0.282842712475,0.282842712475),.PIECEWISE_BEZIER_KNOTS.);
#946 = CARTESIAN_POINT('',(0.,0.));
#947 = CARTESIAN_POINT('',(0.,-0.4));
#948 = ( GEOMETRIC_REPRESENTATION_CONTEXT(2) 
PARAMETRIC_REPRESENTATION_CONTEXT() REPRESENTATION_CONTEXT('2D SPACE',''
  ) );
#949 = PCURVE('',#808,#950);
#950 = DEFINITIONAL_REPRESENTATION('',(#951),#954);
#951 = B_SPLINE_CURVE_WITH_KNOTS('',1,(#952,#953),.UNSPECIFIED.,.F.,.F.,
  (2,2),(-0.282842712475,0.282842712475),.PIECEWISE_BEZIER_KNOTS.);
#952 = CARTESIAN_POINT('',(74.799999993631,-0.282842712475));
#953 = CARTESIAN_POINT('',(74.799999993631,0.282842712475));
#954 = ( GEOMETRIC_REPRESENTATION_CONTEXT(2) 
PARAMETRIC_REPRESENTATION_CONTEXT() REPRESENTATION_CONTEXT('2D SPACE',''
  ) );
#955 = ORIENTED_EDGE('',*,*,#198,.T.);
#956 = ORIENTED_EDGE('',*,*,#228,.T.);
#957 = ORIENTED_EDGE('',*,*,#958,.F.);
#958 = EDGE_CURVE('',#936,#229,#959,.T.);
#959 = SURFACE_CURVE('',#960,(#965,#972),.PCURVE_S1.);
#960 = CIRCLE('',#961,7.6);
#961 = AXIS2_PLACEMENT_3D('',#962,#963,#964);
#962 = CARTESIAN_POINT('',(4.7,4.7,-7.5));
#963 = DIRECTION('',(-0.,-0.,-1.));
#964 = DIRECTION('',(0.,-1.,0.));
#965 = PCURVE('',#213,#966);
#966 = DEFINITIONAL_REPRESENTATION('',(#967),#971);
#967 = LINE('',#968,#969);
#968 = CARTESIAN_POINT('',(-0.,-0.4));
#969 = VECTOR('',#970,1.);
#970 = DIRECTION('',(-1.,-0.));
#971 = ( GEOMETRIC_REPRESENTATION_CONTEXT(2) 
PARAMETRIC_REPRESENTATION_CONTEXT() REPRESENTATION_CONTEXT('2D SPACE',''
  ) );
#972 = PCURVE('',#290,#973);
#973 = DEFINITIONAL_REPRESENTATION('',(#974),#982);
#974 = ( BOUNDED_CURVE() B_SPLINE_CURVE(2,(#975,#976,#977,#978,#979,#980
,#981),.UNSPECIFIED.,.T.,.F.) B_SPLINE_CURVE_WITH_KNOTS((1,2,2,2,2,1),(
    -2.094395102393,0.,2.094395102393,4.188790204786,6.28318530718,
8.377580409573),.UNSPECIFIED.) CURVE() GEOMETRIC_REPRESENTATION_ITEM() 
RATIONAL_B_SPLINE_CURVE((1.,0.5,1.,0.5,1.,0.5,1.)) REPRESENTATION_ITEM(
  '') );
#975 = CARTESIAN_POINT('',(-37.39999999833,-52.9));
#976 = CARTESIAN_POINT('',(-50.56358613585,-52.9));
#977 = CARTESIAN_POINT('',(-43.98179306709,-41.5));
#978 = CARTESIAN_POINT('',(-37.39999999833,-30.1));
#979 = CARTESIAN_POINT('',(-30.81820692957,-41.5));
#980 = CARTESIAN_POINT('',(-24.2364138608,-52.9));
#981 = CARTESIAN_POINT('',(-37.39999999833,-52.9));
#982 = ( GEOMETRIC_REPRESENTATION_CONTEXT(2) 
PARAMETRIC_REPRESENTATION_CONTEXT() REPRESENTATION_CONTEXT('2D SPACE',''
  ) );
#983 = ADVANCED_FACE('',(#984,#1222),#290,.F.);
#984 = FACE_BOUND('',#985,.F.);
#985 = EDGE_LOOP('',(#986,#1021,#1049,#1078,#1106,#1135,#1163,#1196));
#986 = ORIENTED_EDGE('',*,*,#987,.T.);
#987 = EDGE_CURVE('',#988,#990,#992,.T.);
#988 = VERTEX_POINT('',#989);
#989 = CARTESIAN_POINT('',(-0.699999999999,93.925131582591,-7.5));
#990 = VERTEX_POINT('',#991);
#991 = CARTESIAN_POINT('',(6.074868417408,100.7,-7.5));
#992 = SURFACE_CURVE('',#993,(#998,#1009),.PCURVE_S1.);
#993 = CIRCLE('',#994,5.);
#994 = AXIS2_PLACEMENT_3D('',#995,#996,#997);
#995 = CARTESIAN_POINT('',(3.7,96.3,-7.5));
#996 = DIRECTION('',(0.,0.,-1.));
#997 = DIRECTION('',(1.,0.,0.));
#998 = PCURVE('',#290,#999);
#999 = DEFINITIONAL_REPRESENTATION('',(#1000),#1008);
#1000 = ( BOUNDED_CURVE() B_SPLINE_CURVE(2,(#1001,#1002,#1003,#1004,
#1005,#1006,#1007),.UNSPECIFIED.,.T.,.F.) B_SPLINE_CURVE_WITH_KNOTS((1,2
    ,2,2,2,1),(-2.094395102393,0.,2.094395102393,4.188790204786,
6.28318530718,8.377580409573),.UNSPECIFIED.) CURVE() 
GEOMETRIC_REPRESENTATION_ITEM() RATIONAL_B_SPLINE_CURVE((1.,0.5,1.,0.5,
1.,0.5,1.)) REPRESENTATION_ITEM('') );
#1001 = CARTESIAN_POINT('',(-33.39999999833,46.3));
#1002 = CARTESIAN_POINT('',(-33.39999999833,37.639745962156));
#1003 = CARTESIAN_POINT('',(-40.89999999833,41.969872981078));
#1004 = CARTESIAN_POINT('',(-48.39999999833,46.3));
#1005 = CARTESIAN_POINT('',(-40.89999999833,50.630127018922));
#1006 = CARTESIAN_POINT('',(-33.39999999833,54.960254037844));
#1007 = CARTESIAN_POINT('',(-33.39999999833,46.3));
#1008 = ( GEOMETRIC_REPRESENTATION_CONTEXT(2) 
PARAMETRIC_REPRESENTATION_CONTEXT() REPRESENTATION_CONTEXT('2D SPACE',''
  ) );
#1009 = PCURVE('',#1010,#1015);
#1010 = CYLINDRICAL_SURFACE('',#1011,5.);
#1011 = AXIS2_PLACEMENT_3D('',#1012,#1013,#1014);
#1012 = CARTESIAN_POINT('',(3.7,96.3,-8.5));
#1013 = DIRECTION('',(-0.,-0.,-1.));
#1014 = DIRECTION('',(1.,0.,0.));
#1015 = DEFINITIONAL_REPRESENTATION('',(#1016),#1020);
#1016 = LINE('',#1017,#1018);
#1017 = CARTESIAN_POINT('',(-6.28318530718,-1.));
#1018 = VECTOR('',#1019,1.);
#1019 = DIRECTION('',(1.,-0.));
#1020 = ( GEOMETRIC_REPRESENTATION_CONTEXT(2) 
PARAMETRIC_REPRESENTATION_CONTEXT() REPRESENTATION_CONTEXT('2D SPACE',''
  ) );
#1021 = ORIENTED_EDGE('',*,*,#1022,.F.);
#1022 = EDGE_CURVE('',#1023,#990,#1025,.T.);
#1023 = VERTEX_POINT('',#1024);
#1024 = CARTESIAN_POINT('',(78.125131582592,100.7,-7.5));
#1025 = SURFACE_CURVE('',#1026,(#1030,#1037),.PCURVE_S1.);
#1026 = LINE('',#1027,#1028);
#1027 = CARTESIAN_POINT('',(77.5,100.7,-7.5));
#1028 = VECTOR('',#1029,1.);
#1029 = DIRECTION('',(-1.,0.,0.));
#1030 = PCURVE('',#290,#1031);
#1031 = DEFINITIONAL_REPRESENTATION('',(#1032),#1036);
#1032 = LINE('',#1033,#1034);
#1033 = CARTESIAN_POINT('',(35.400000001668,50.7));
#1034 = VECTOR('',#1035,1.);
#1035 = DIRECTION('',(-1.,0.));
#1036 = ( GEOMETRIC_REPRESENTATION_CONTEXT(2) 
PARAMETRIC_REPRESENTATION_CONTEXT() REPRESENTATION_CONTEXT('2D SPACE',''
  ) );
#1037 = PCURVE('',#1038,#1043);
#1038 = PLANE('',#1039);
#1039 = AXIS2_PLACEMENT_3D('',#1040,#1041,#1042);
#1040 = CARTESIAN_POINT('',(77.5,100.5,-7.3));
#1041 = DIRECTION('',(4.119781047821E-18,-0.707106781187,-0.707106781187
    ));
#1042 = DIRECTION('',(1.,2.913125115918E-18,2.913125115918E-18));
#1043 = DEFINITIONAL_REPRESENTATION('',(#1044),#1048);
#1044 = LINE('',#1045,#1046);
#1045 = CARTESIAN_POINT('',(-0.,-0.282842712475));
#1046 = VECTOR('',#1047,1.);
#1047 = DIRECTION('',(-1.,0.));
#1048 = ( GEOMETRIC_REPRESENTATION_CONTEXT(2) 
PARAMETRIC_REPRESENTATION_CONTEXT() REPRESENTATION_CONTEXT('2D SPACE',''
  ) );
#1049 = ORIENTED_EDGE('',*,*,#1050,.F.);
#1050 = EDGE_CURVE('',#1051,#1023,#1053,.T.);
#1051 = VERTEX_POINT('',#1052);
#1052 = CARTESIAN_POINT('',(84.900000000001,93.925131582594,-7.5));
#1053 = SURFACE_CURVE('',#1054,(#1059,#1066),.PCURVE_S1.);
#1054 = CIRCLE('',#1055,5.);
#1055 = AXIS2_PLACEMENT_3D('',#1056,#1057,#1058);
#1056 = CARTESIAN_POINT('',(80.5,96.3,-7.5));
#1057 = DIRECTION('',(-0.,0.,1.));
#1058 = DIRECTION('',(0.8,-0.6,0.));
#1059 = PCURVE('',#290,#1060);
#1060 = DEFINITIONAL_REPRESENTATION('',(#1061),#1065);
#1061 = CIRCLE('',#1062,5.);
#1062 = AXIS2_PLACEMENT_2D('',#1063,#1064);
#1063 = CARTESIAN_POINT('',(38.400000001668,46.3));
#1064 = DIRECTION('',(0.8,-0.6));
#1065 = ( GEOMETRIC_REPRESENTATION_CONTEXT(2) 
PARAMETRIC_REPRESENTATION_CONTEXT() REPRESENTATION_CONTEXT('2D SPACE',''
  ) );
#1066 = PCURVE('',#1067,#1072);
#1067 = CYLINDRICAL_SURFACE('',#1068,5.);
#1068 = AXIS2_PLACEMENT_3D('',#1069,#1070,#1071);
#1069 = CARTESIAN_POINT('',(80.5,96.3,-8.5));
#1070 = DIRECTION('',(-0.,-0.,-1.));
#1071 = DIRECTION('',(1.,0.,0.));
#1072 = DEFINITIONAL_REPRESENTATION('',(#1073),#1077);
#1073 = LINE('',#1074,#1075);
#1074 = CARTESIAN_POINT('',(-5.639684198387,-1.));
#1075 = VECTOR('',#1076,1.);
#1076 = DIRECTION('',(-1.,-0.));
#1077 = ( GEOMETRIC_REPRESENTATION_CONTEXT(2) 
PARAMETRIC_REPRESENTATION_CONTEXT() REPRESENTATION_CONTEXT('2D SPACE',''
  ) );
#1078 = ORIENTED_EDGE('',*,*,#1079,.T.);
#1079 = EDGE_CURVE('',#1051,#1080,#1082,.T.);
#1080 = VERTEX_POINT('',#1081);
#1081 = CARTESIAN_POINT('',(84.900000000001,6.074868417406,-7.5));
#1082 = SURFACE_CURVE('',#1083,(#1087,#1094),.PCURVE_S1.);
#1083 = LINE('',#1084,#1085);
#1084 = CARTESIAN_POINT('',(84.900000000001,93.300000000001,-7.5));
#1085 = VECTOR('',#1086,1.);
#1086 = DIRECTION('',(0.,-1.,0.));
#1087 = PCURVE('',#290,#1088);
#1088 = DEFINITIONAL_REPRESENTATION('',(#1089),#1093);
#1089 = LINE('',#1090,#1091);
#1090 = CARTESIAN_POINT('',(42.800000001669,43.300000000001));
#1091 = VECTOR('',#1092,1.);
#1092 = DIRECTION('',(0.,-1.));
#1093 = ( GEOMETRIC_REPRESENTATION_CONTEXT(2) 
PARAMETRIC_REPRESENTATION_CONTEXT() REPRESENTATION_CONTEXT('2D SPACE',''
  ) );
#1094 = PCURVE('',#1095,#1100);
#1095 = PLANE('',#1096);
#1096 = AXIS2_PLACEMENT_3D('',#1097,#1098,#1099);
#1097 = CARTESIAN_POINT('',(84.700000000001,93.300000000001,-7.3));
#1098 = DIRECTION('',(0.707106781187,-4.727776962496E-18,0.707106781187)
  );
#1099 = DIRECTION('',(3.343043150119E-18,1.,3.343043150119E-18));
#1100 = DEFINITIONAL_REPRESENTATION('',(#1101),#1105);
#1101 = LINE('',#1102,#1103);
#1102 = CARTESIAN_POINT('',(-0.,-0.282842712475));
#1103 = VECTOR('',#1104,1.);
#1104 = DIRECTION('',(-1.,0.));
#1105 = ( GEOMETRIC_REPRESENTATION_CONTEXT(2) 
PARAMETRIC_REPRESENTATION_CONTEXT() REPRESENTATION_CONTEXT('2D SPACE',''
  ) );
#1106 = ORIENTED_EDGE('',*,*,#1107,.F.);
#1107 = EDGE_CURVE('',#1108,#1080,#1110,.T.);
#1108 = VERTEX_POINT('',#1109);
#1109 = CARTESIAN_POINT('',(78.125131582592,-0.7,-7.5));
#1110 = SURFACE_CURVE('',#1111,(#1116,#1123),.PCURVE_S1.);
#1111 = CIRCLE('',#1112,5.);
#1112 = AXIS2_PLACEMENT_3D('',#1113,#1114,#1115);
#1113 = CARTESIAN_POINT('',(80.5,3.7,-7.5));
#1114 = DIRECTION('',(0.,0.,1.));
#1115 = DIRECTION('',(-0.6,-0.8,0.));
#1116 = PCURVE('',#290,#1117);
#1117 = DEFINITIONAL_REPRESENTATION('',(#1118),#1122);
#1118 = CIRCLE('',#1119,5.);
#1119 = AXIS2_PLACEMENT_2D('',#1120,#1121);
#1120 = CARTESIAN_POINT('',(38.400000001668,-46.3));
#1121 = DIRECTION('',(-0.6,-0.8));
#1122 = ( GEOMETRIC_REPRESENTATION_CONTEXT(2) 
PARAMETRIC_REPRESENTATION_CONTEXT() REPRESENTATION_CONTEXT('2D SPACE',''
  ) );
#1123 = PCURVE('',#1124,#1129);
#1124 = CYLINDRICAL_SURFACE('',#1125,5.);
#1125 = AXIS2_PLACEMENT_3D('',#1126,#1127,#1128);
#1126 = CARTESIAN_POINT('',(80.5,3.7,-8.5));
#1127 = DIRECTION('',(-0.,-0.,-1.));
#1128 = DIRECTION('',(1.,0.,0.));
#1129 = DEFINITIONAL_REPRESENTATION('',(#1130),#1134);
#1130 = LINE('',#1131,#1132);
#1131 = CARTESIAN_POINT('',(-4.068887871591,-1.));
#1132 = VECTOR('',#1133,1.);
#1133 = DIRECTION('',(-1.,-0.));
#1134 = ( GEOMETRIC_REPRESENTATION_CONTEXT(2) 
PARAMETRIC_REPRESENTATION_CONTEXT() REPRESENTATION_CONTEXT('2D SPACE',''
  ) );
#1135 = ORIENTED_EDGE('',*,*,#1136,.T.);
#1136 = EDGE_CURVE('',#1108,#1137,#1139,.T.);
#1137 = VERTEX_POINT('',#1138);
#1138 = CARTESIAN_POINT('',(6.074868417408,-0.7,-7.5));
#1139 = SURFACE_CURVE('',#1140,(#1144,#1151),.PCURVE_S1.);
#1140 = LINE('',#1141,#1142);
#1141 = CARTESIAN_POINT('',(77.5,-0.7,-7.5));
#1142 = VECTOR('',#1143,1.);
#1143 = DIRECTION('',(-1.,0.,0.));
#1144 = PCURVE('',#290,#1145);
#1145 = DEFINITIONAL_REPRESENTATION('',(#1146),#1150);
#1146 = LINE('',#1147,#1148);
#1147 = CARTESIAN_POINT('',(35.400000001668,-50.7));
#1148 = VECTOR('',#1149,1.);
#1149 = DIRECTION('',(-1.,0.));
#1150 = ( GEOMETRIC_REPRESENTATION_CONTEXT(2) 
PARAMETRIC_REPRESENTATION_CONTEXT() REPRESENTATION_CONTEXT('2D SPACE',''
  ) );
#1151 = PCURVE('',#1152,#1157);
#1152 = PLANE('',#1153);
#1153 = AXIS2_PLACEMENT_3D('',#1154,#1155,#1156);
#1154 = CARTESIAN_POINT('',(77.5,-0.5,-7.3));
#1155 = DIRECTION('',(-9.709052582848E-19,-0.707106781187,0.707106781187
    ));
#1156 = DIRECTION('',(1.,-6.865336920228E-19,6.865336920228E-19));
#1157 = DEFINITIONAL_REPRESENTATION('',(#1158),#1162);
#1158 = LINE('',#1159,#1160);
#1159 = CARTESIAN_POINT('',(-0.,-0.282842712475));
#1160 = VECTOR('',#1161,1.);
#1161 = DIRECTION('',(-1.,0.));
#1162 = ( GEOMETRIC_REPRESENTATION_CONTEXT(2) 
PARAMETRIC_REPRESENTATION_CONTEXT() REPRESENTATION_CONTEXT('2D SPACE',''
  ) );
#1163 = ORIENTED_EDGE('',*,*,#1164,.T.);
#1164 = EDGE_CURVE('',#1137,#1165,#1167,.T.);
#1165 = VERTEX_POINT('',#1166);
#1166 = CARTESIAN_POINT('',(-0.699999999999,6.074868417409,-7.5));
#1167 = SURFACE_CURVE('',#1168,(#1173,#1184),.PCURVE_S1.);
#1168 = CIRCLE('',#1169,5.);
#1169 = AXIS2_PLACEMENT_3D('',#1170,#1171,#1172);
#1170 = CARTESIAN_POINT('',(3.7,3.7,-7.5));
#1171 = DIRECTION('',(0.,0.,-1.));
#1172 = DIRECTION('',(1.,0.,0.));
#1173 = PCURVE('',#290,#1174);
#1174 = DEFINITIONAL_REPRESENTATION('',(#1175),#1183);
#1175 = ( BOUNDED_CURVE() B_SPLINE_CURVE(2,(#1176,#1177,#1178,#1179,
#1180,#1181,#1182),.UNSPECIFIED.,.T.,.F.) B_SPLINE_CURVE_WITH_KNOTS((1,2
    ,2,2,2,1),(-2.094395102393,0.,2.094395102393,4.188790204786,
6.28318530718,8.377580409573),.UNSPECIFIED.) CURVE() 
GEOMETRIC_REPRESENTATION_ITEM() RATIONAL_B_SPLINE_CURVE((1.,0.5,1.,0.5,
1.,0.5,1.)) REPRESENTATION_ITEM('') );
#1176 = CARTESIAN_POINT('',(-33.39999999833,-46.3));
#1177 = CARTESIAN_POINT('',(-33.39999999833,-54.96025403784));
#1178 = CARTESIAN_POINT('',(-40.89999999833,-50.63012701892));
#1179 = CARTESIAN_POINT('',(-48.39999999833,-46.3));
#1180 = CARTESIAN_POINT('',(-40.89999999833,-41.96987298107));
#1181 = CARTESIAN_POINT('',(-33.39999999833,-37.63974596215));
#1182 = CARTESIAN_POINT('',(-33.39999999833,-46.3));
#1183 = ( GEOMETRIC_REPRESENTATION_CONTEXT(2) 
PARAMETRIC_REPRESENTATION_CONTEXT() REPRESENTATION_CONTEXT('2D SPACE',''
  ) );
#1184 = PCURVE('',#1185,#1190);
#1185 = CYLINDRICAL_SURFACE('',#1186,5.);
#1186 = AXIS2_PLACEMENT_3D('',#1187,#1188,#1189);
#1187 = CARTESIAN_POINT('',(3.7,3.7,-8.5));
#1188 = DIRECTION('',(-0.,-0.,-1.));
#1189 = DIRECTION('',(1.,0.,0.));
#1190 = DEFINITIONAL_REPRESENTATION('',(#1191),#1195);
#1191 = LINE('',#1192,#1193);
#1192 = CARTESIAN_POINT('',(-6.28318530718,-1.));
#1193 = VECTOR('',#1194,1.);
#1194 = DIRECTION('',(1.,-0.));
#1195 = ( GEOMETRIC_REPRESENTATION_CONTEXT(2) 
PARAMETRIC_REPRESENTATION_CONTEXT() REPRESENTATION_CONTEXT('2D SPACE',''
  ) );
#1196 = ORIENTED_EDGE('',*,*,#1197,.F.);
#1197 = EDGE_CURVE('',#988,#1165,#1198,.T.);
#1198 = SURFACE_CURVE('',#1199,(#1203,#1210),.PCURVE_S1.);
#1199 = LINE('',#1200,#1201);
#1200 = CARTESIAN_POINT('',(-0.699999999999,93.299999999999,-7.5));
#1201 = VECTOR('',#1202,1.);
#1202 = DIRECTION('',(0.,-1.,0.));
#1203 = PCURVE('',#290,#1204);
#1204 = DEFINITIONAL_REPRESENTATION('',(#1205),#1209);
#1205 = LINE('',#1206,#1207);
#1206 = CARTESIAN_POINT('',(-42.79999999833,43.299999999999));
#1207 = VECTOR('',#1208,1.);
#1208 = DIRECTION('',(0.,-1.));
#1209 = ( GEOMETRIC_REPRESENTATION_CONTEXT(2) 
PARAMETRIC_REPRESENTATION_CONTEXT() REPRESENTATION_CONTEXT('2D SPACE',''
  ) );
#1210 = PCURVE('',#1211,#1216);
#1211 = PLANE('',#1212);
#1212 = AXIS2_PLACEMENT_3D('',#1213,#1214,#1215);
#1213 = CARTESIAN_POINT('',(-0.499999999999,93.299999999999,-7.3));
#1214 = DIRECTION('',(0.707106781187,1.102531706024E-18,-0.707106781187)
  );
#1215 = DIRECTION('',(-7.79607645803E-19,1.,7.79607645803E-19));
#1216 = DEFINITIONAL_REPRESENTATION('',(#1217),#1221);
#1217 = LINE('',#1218,#1219);
#1218 = CARTESIAN_POINT('',(-0.,-0.282842712475));
#1219 = VECTOR('',#1220,1.);
#1220 = DIRECTION('',(-1.,0.));
#1221 = ( GEOMETRIC_REPRESENTATION_CONTEXT(2) 
PARAMETRIC_REPRESENTATION_CONTEXT() REPRESENTATION_CONTEXT('2D SPACE',''
  ) );
#1222 = FACE_BOUND('',#1223,.F.);
#1223 = EDGE_LOOP('',(#1224,#1225,#1226,#1249,#1282,#1310,#1343,#1371));
#1224 = ORIENTED_EDGE('',*,*,#276,.F.);
#1225 = ORIENTED_EDGE('',*,*,#958,.F.);
#1226 = ORIENTED_EDGE('',*,*,#1227,.F.);
#1227 = EDGE_CURVE('',#1228,#936,#1230,.T.);
#1228 = VERTEX_POINT('',#1229);
#1229 = CARTESIAN_POINT('',(79.499999993631,-2.9,-7.5));
#1230 = SURFACE_CURVE('',#1231,(#1235,#1242),.PCURVE_S1.);
#1231 = LINE('',#1232,#1233);
#1232 = CARTESIAN_POINT('',(79.499999993631,-2.9,-7.5));
#1233 = VECTOR('',#1234,1.);
#1234 = DIRECTION('',(-1.,-0.,-0.));
#1235 = PCURVE('',#290,#1236);
#1236 = DEFINITIONAL_REPRESENTATION('',(#1237),#1241);
#1237 = LINE('',#1238,#1239);
#1238 = CARTESIAN_POINT('',(37.399999995299,-52.9));
#1239 = VECTOR('',#1240,1.);
#1240 = DIRECTION('',(-1.,0.));
#1241 = ( GEOMETRIC_REPRESENTATION_CONTEXT(2) 
PARAMETRIC_REPRESENTATION_CONTEXT() REPRESENTATION_CONTEXT('2D SPACE',''
  ) );
#1242 = PCURVE('',#808,#1243);
#1243 = DEFINITIONAL_REPRESENTATION('',(#1244),#1248);
#1244 = LINE('',#1245,#1246);
#1245 = CARTESIAN_POINT('',(0.,0.282842712475));
#1246 = VECTOR('',#1247,1.);
#1247 = DIRECTION('',(1.,0.));
#1248 = ( GEOMETRIC_REPRESENTATION_CONTEXT(2) 
PARAMETRIC_REPRESENTATION_CONTEXT() REPRESENTATION_CONTEXT('2D SPACE',''
  ) );
#1249 = ORIENTED_EDGE('',*,*,#1250,.F.);
#1250 = EDGE_CURVE('',#1251,#1228,#1253,.T.);
#1251 = VERTEX_POINT('',#1252);
#1252 = CARTESIAN_POINT('',(87.1,4.7,-7.5));
#1253 = SURFACE_CURVE('',#1254,(#1259,#1270),.PCURVE_S1.);
#1254 = CIRCLE('',#1255,7.6);
#1255 = AXIS2_PLACEMENT_3D('',#1256,#1257,#1258);
#1256 = CARTESIAN_POINT('',(79.499999993631,4.7,-7.5));
#1257 = DIRECTION('',(0.,-0.,-1.));
#1258 = DIRECTION('',(1.,0.,-0.));
#1259 = PCURVE('',#290,#1260);
#1260 = DEFINITIONAL_REPRESENTATION('',(#1261),#1269);
#1261 = ( BOUNDED_CURVE() B_SPLINE_CURVE(2,(#1262,#1263,#1264,#1265,
#1266,#1267,#1268),.UNSPECIFIED.,.T.,.F.) B_SPLINE_CURVE_WITH_KNOTS((1,2
    ,2,2,2,1),(-2.094395102393,0.,2.094395102393,4.188790204786,
6.28318530718,8.377580409573),.UNSPECIFIED.) CURVE() 
GEOMETRIC_REPRESENTATION_ITEM() RATIONAL_B_SPLINE_CURVE((1.,0.5,1.,0.5,
1.,0.5,1.)) REPRESENTATION_ITEM('') );
#1262 = CARTESIAN_POINT('',(44.999999995299,-45.3));
#1263 = CARTESIAN_POINT('',(44.999999995299,-58.46358613752));
#1264 = CARTESIAN_POINT('',(33.599999995299,-51.88179306876));
#1265 = CARTESIAN_POINT('',(22.199999995299,-45.3));
#1266 = CARTESIAN_POINT('',(33.599999995299,-38.71820693123));
#1267 = CARTESIAN_POINT('',(44.999999995299,-32.13641386247));
#1268 = CARTESIAN_POINT('',(44.999999995299,-45.3));
#1269 = ( GEOMETRIC_REPRESENTATION_CONTEXT(2) 
PARAMETRIC_REPRESENTATION_CONTEXT() REPRESENTATION_CONTEXT('2D SPACE',''
  ) );
#1270 = PCURVE('',#1271,#1276);
#1271 = CONICAL_SURFACE('',#1272,8.,0.785398163397);
#1272 = AXIS2_PLACEMENT_3D('',#1273,#1274,#1275);
#1273 = CARTESIAN_POINT('',(79.499999993631,4.7,-7.1));
#1274 = DIRECTION('',(0.,0.,1.));
#1275 = DIRECTION('',(1.,0.,-0.));
#1276 = DEFINITIONAL_REPRESENTATION('',(#1277),#1281);
#1277 = LINE('',#1278,#1279);
#1278 = CARTESIAN_POINT('',(-0.,-0.4));
#1279 = VECTOR('',#1280,1.);
#1280 = DIRECTION('',(-1.,-0.));
#1281 = ( GEOMETRIC_REPRESENTATION_CONTEXT(2) 
PARAMETRIC_REPRESENTATION_CONTEXT() REPRESENTATION_CONTEXT('2D SPACE',''
  ) );
#1282 = ORIENTED_EDGE('',*,*,#1283,.F.);
#1283 = EDGE_CURVE('',#1284,#1251,#1286,.T.);
#1284 = VERTEX_POINT('',#1285);
#1285 = CARTESIAN_POINT('',(87.099999993631,95.3,-7.5));
#1286 = SURFACE_CURVE('',#1287,(#1291,#1298),.PCURVE_S1.);
#1287 = LINE('',#1288,#1289);
#1288 = CARTESIAN_POINT('',(87.1,95.3,-7.5));
#1289 = VECTOR('',#1290,1.);
#1290 = DIRECTION('',(-0.,-1.,-0.));
#1291 = PCURVE('',#290,#1292);
#1292 = DEFINITIONAL_REPRESENTATION('',(#1293),#1297);
#1293 = LINE('',#1294,#1295);
#1294 = CARTESIAN_POINT('',(45.000000001668,45.3));
#1295 = VECTOR('',#1296,1.);
#1296 = DIRECTION('',(0.,-1.));
#1297 = ( GEOMETRIC_REPRESENTATION_CONTEXT(2) 
PARAMETRIC_REPRESENTATION_CONTEXT() REPRESENTATION_CONTEXT('2D SPACE',''
  ) );
#1298 = PCURVE('',#1299,#1304);
#1299 = PLANE('',#1300);
#1300 = AXIS2_PLACEMENT_3D('',#1301,#1302,#1303);
#1301 = CARTESIAN_POINT('',(87.3,95.3,-7.3));
#1302 = DIRECTION('',(0.707106781187,4.727776962496E-18,-0.707106781187)
  );
#1303 = DIRECTION('',(3.343043150119E-18,-1.,-3.343043150119E-18));
#1304 = DEFINITIONAL_REPRESENTATION('',(#1305),#1309);
#1305 = LINE('',#1306,#1307);
#1306 = CARTESIAN_POINT('',(0.,0.282842712475));
#1307 = VECTOR('',#1308,1.);
#1308 = DIRECTION('',(1.,0.));
#1309 = ( GEOMETRIC_REPRESENTATION_CONTEXT(2) 
PARAMETRIC_REPRESENTATION_CONTEXT() REPRESENTATION_CONTEXT('2D SPACE',''
  ) );
#1310 = ORIENTED_EDGE('',*,*,#1311,.F.);
#1311 = EDGE_CURVE('',#1312,#1284,#1314,.T.);
#1312 = VERTEX_POINT('',#1313);
#1313 = CARTESIAN_POINT('',(79.499999993631,102.9,-7.5));
#1314 = SURFACE_CURVE('',#1315,(#1320,#1331),.PCURVE_S1.);
#1315 = CIRCLE('',#1316,7.6);
#1316 = AXIS2_PLACEMENT_3D('',#1317,#1318,#1319);
#1317 = CARTESIAN_POINT('',(79.499999993631,95.3,-7.5));
#1318 = DIRECTION('',(0.,-0.,-1.));
#1319 = DIRECTION('',(0.,1.,-0.));
#1320 = PCURVE('',#290,#1321);
#1321 = DEFINITIONAL_REPRESENTATION('',(#1322),#1330);
#1322 = ( BOUNDED_CURVE() B_SPLINE_CURVE(2,(#1323,#1324,#1325,#1326,
#1327,#1328,#1329),.UNSPECIFIED.,.T.,.F.) B_SPLINE_CURVE_WITH_KNOTS((1,2
    ,2,2,2,1),(-2.094395102393,0.,2.094395102393,4.188790204786,
6.28318530718,8.377580409573),.UNSPECIFIED.) CURVE() 
GEOMETRIC_REPRESENTATION_ITEM() RATIONAL_B_SPLINE_CURVE((1.,0.5,1.,0.5,
1.,0.5,1.)) REPRESENTATION_ITEM('') );
#1323 = CARTESIAN_POINT('',(37.399999995299,52.9));
#1324 = CARTESIAN_POINT('',(50.563586132822,52.9));
#1325 = CARTESIAN_POINT('',(43.98179306406,41.5));
#1326 = CARTESIAN_POINT('',(37.399999995299,30.1));
#1327 = CARTESIAN_POINT('',(30.818206926537,41.5));
#1328 = CARTESIAN_POINT('',(24.236413857775,52.9));
#1329 = CARTESIAN_POINT('',(37.399999995299,52.9));
#1330 = ( GEOMETRIC_REPRESENTATION_CONTEXT(2) 
PARAMETRIC_REPRESENTATION_CONTEXT() REPRESENTATION_CONTEXT('2D SPACE',''
  ) );
#1331 = PCURVE('',#1332,#1337);
#1332 = CONICAL_SURFACE('',#1333,8.,0.785398163397);
#1333 = AXIS2_PLACEMENT_3D('',#1334,#1335,#1336);
#1334 = CARTESIAN_POINT('',(79.499999993631,95.3,-7.1));
#1335 = DIRECTION('',(0.,0.,1.));
#1336 = DIRECTION('',(0.,1.,0.));
#1337 = DEFINITIONAL_REPRESENTATION('',(#1338),#1342);
#1338 = LINE('',#1339,#1340);
#1339 = CARTESIAN_POINT('',(-0.,-0.4));
#1340 = VECTOR('',#1341,1.);
#1341 = DIRECTION('',(-1.,-0.));
#1342 = ( GEOMETRIC_REPRESENTATION_CONTEXT(2) 
PARAMETRIC_REPRESENTATION_CONTEXT() REPRESENTATION_CONTEXT('2D SPACE',''
  ) );
#1343 = ORIENTED_EDGE('',*,*,#1344,.F.);
#1344 = EDGE_CURVE('',#1345,#1312,#1347,.T.);
#1345 = VERTEX_POINT('',#1346);
#1346 = CARTESIAN_POINT('',(4.7,102.9,-7.5));
#1347 = SURFACE_CURVE('',#1348,(#1352,#1359),.PCURVE_S1.);
#1348 = LINE('',#1349,#1350);
#1349 = CARTESIAN_POINT('',(4.7,102.9,-7.5));
#1350 = VECTOR('',#1351,1.);
#1351 = DIRECTION('',(1.,0.,0.));
#1352 = PCURVE('',#290,#1353);
#1353 = DEFINITIONAL_REPRESENTATION('',(#1354),#1358);
#1354 = LINE('',#1355,#1356);
#1355 = CARTESIAN_POINT('',(-37.39999999833,52.9));
#1356 = VECTOR('',#1357,1.);
#1357 = DIRECTION('',(1.,0.));
#1358 = ( GEOMETRIC_REPRESENTATION_CONTEXT(2) 
PARAMETRIC_REPRESENTATION_CONTEXT() REPRESENTATION_CONTEXT('2D SPACE',''
  ) );
#1359 = PCURVE('',#1360,#1365);
#1360 = PLANE('',#1361);
#1361 = AXIS2_PLACEMENT_3D('',#1362,#1363,#1364);
#1362 = CARTESIAN_POINT('',(4.7,103.1,-7.3));
#1363 = DIRECTION('',(-4.119781047821E-18,-0.707106781187,0.707106781187
    ));
#1364 = DIRECTION('',(-1.,2.913125115918E-18,-2.913125115918E-18));
#1365 = DEFINITIONAL_REPRESENTATION('',(#1366),#1370);
#1366 = LINE('',#1367,#1368);
#1367 = CARTESIAN_POINT('',(-0.,0.282842712475));
#1368 = VECTOR('',#1369,1.);
#1369 = DIRECTION('',(-1.,0.));
#1370 = ( GEOMETRIC_REPRESENTATION_CONTEXT(2) 
PARAMETRIC_REPRESENTATION_CONTEXT() REPRESENTATION_CONTEXT('2D SPACE',''
  ) );
#1371 = ORIENTED_EDGE('',*,*,#1372,.F.);
#1372 = EDGE_CURVE('',#251,#1345,#1373,.T.);
#1373 = SURFACE_CURVE('',#1374,(#1379,#1390),.PCURVE_S1.);
#1374 = CIRCLE('',#1375,7.6);
#1375 = AXIS2_PLACEMENT_3D('',#1376,#1377,#1378);
#1376 = CARTESIAN_POINT('',(4.7,95.3,-7.5));
#1377 = DIRECTION('',(-0.,0.,-1.));
#1378 = DIRECTION('',(-1.,0.,0.));
#1379 = PCURVE('',#290,#1380);
#1380 = DEFINITIONAL_REPRESENTATION('',(#1381),#1389);
#1381 = ( BOUNDED_CURVE() B_SPLINE_CURVE(2,(#1382,#1383,#1384,#1385,
#1386,#1387,#1388),.UNSPECIFIED.,.T.,.F.) B_SPLINE_CURVE_WITH_KNOTS((1,2
    ,2,2,2,1),(-2.094395102393,0.,2.094395102393,4.188790204786,
6.28318530718,8.377580409573),.UNSPECIFIED.) CURVE() 
GEOMETRIC_REPRESENTATION_ITEM() RATIONAL_B_SPLINE_CURVE((1.,0.5,1.,0.5,
1.,0.5,1.)) REPRESENTATION_ITEM('') );
#1382 = CARTESIAN_POINT('',(-44.99999999833,45.3));
#1383 = CARTESIAN_POINT('',(-44.99999999833,58.463586137523));
#1384 = CARTESIAN_POINT('',(-33.59999999833,51.881793068762));
#1385 = CARTESIAN_POINT('',(-22.19999999833,45.3));
#1386 = CARTESIAN_POINT('',(-33.59999999833,38.718206931238));
#1387 = CARTESIAN_POINT('',(-44.99999999833,32.136413862477));
#1388 = CARTESIAN_POINT('',(-44.99999999833,45.3));
#1389 = ( GEOMETRIC_REPRESENTATION_CONTEXT(2) 
PARAMETRIC_REPRESENTATION_CONTEXT() REPRESENTATION_CONTEXT('2D SPACE',''
  ) );
#1390 = PCURVE('',#265,#1391);
#1391 = DEFINITIONAL_REPRESENTATION('',(#1392),#1396);
#1392 = LINE('',#1393,#1394);
#1393 = CARTESIAN_POINT('',(-0.,-0.4));
#1394 = VECTOR('',#1395,1.);
#1395 = DIRECTION('',(-1.,-0.));
#1396 = ( GEOMETRIC_REPRESENTATION_CONTEXT(2) 
PARAMETRIC_REPRESENTATION_CONTEXT() REPRESENTATION_CONTEXT('2D SPACE',''
  ) );
#1397 = ADVANCED_FACE('',(#1398),#265,.T.);
#1398 = FACE_BOUND('',#1399,.T.);
#1399 = EDGE_LOOP('',(#1400,#1401,#1402,#1421));
#1400 = ORIENTED_EDGE('',*,*,#250,.F.);
#1401 = ORIENTED_EDGE('',*,*,#744,.T.);
#1402 = ORIENTED_EDGE('',*,*,#1403,.T.);
#1403 = EDGE_CURVE('',#722,#1345,#1404,.T.);
#1404 = SURFACE_CURVE('',#1405,(#1409,#1415),.PCURVE_S1.);
#1405 = LINE('',#1406,#1407);
#1406 = CARTESIAN_POINT('',(4.7,103.3,-7.1));
#1407 = VECTOR('',#1408,1.);
#1408 = DIRECTION('',(4.329780281177E-17,-0.707106781187,-0.707106781187
    ));
#1409 = PCURVE('',#265,#1410);
#1410 = DEFINITIONAL_REPRESENTATION('',(#1411),#1414);
#1411 = B_SPLINE_CURVE_WITH_KNOTS('',1,(#1412,#1413),.UNSPECIFIED.,.F.,
  .F.,(2,2),(0.,0.565685424949),.PIECEWISE_BEZIER_KNOTS.);
#1412 = CARTESIAN_POINT('',(-1.570796326795,0.));
#1413 = CARTESIAN_POINT('',(-1.570796326795,-0.4));
#1414 = ( GEOMETRIC_REPRESENTATION_CONTEXT(2) 
PARAMETRIC_REPRESENTATION_CONTEXT() REPRESENTATION_CONTEXT('2D SPACE',''
  ) );
#1415 = PCURVE('',#1360,#1416);
#1416 = DEFINITIONAL_REPRESENTATION('',(#1417),#1420);
#1417 = B_SPLINE_CURVE_WITH_KNOTS('',1,(#1418,#1419),.UNSPECIFIED.,.F.,
  .F.,(2,2),(0.,0.565685424949),.PIECEWISE_BEZIER_KNOTS.);
#1418 = CARTESIAN_POINT('',(0.,-0.282842712475));
#1419 = CARTESIAN_POINT('',(0.,0.282842712475));
#1420 = ( GEOMETRIC_REPRESENTATION_CONTEXT(2) 
PARAMETRIC_REPRESENTATION_CONTEXT() REPRESENTATION_CONTEXT('2D SPACE',''
  ) );
#1421 = ORIENTED_EDGE('',*,*,#1372,.F.);
#1422 = ADVANCED_FACE('',(#1423),#440,.T.);
#1423 = FACE_BOUND('',#1424,.T.);
#1424 = EDGE_LOOP('',(#1425,#1426,#1427,#1450));
#1425 = ORIENTED_EDGE('',*,*,#721,.T.);
#1426 = ORIENTED_EDGE('',*,*,#424,.T.);
#1427 = ORIENTED_EDGE('',*,*,#1428,.F.);
#1428 = EDGE_CURVE('',#1429,#392,#1431,.T.);
#1429 = VERTEX_POINT('',#1430);
#1430 = CARTESIAN_POINT('',(79.499999993631,103.3,-7.1));
#1431 = SURFACE_CURVE('',#1432,(#1436,#1443),.PCURVE_S1.);
#1432 = LINE('',#1433,#1434);
#1433 = CARTESIAN_POINT('',(79.499999993631,103.3,-7.5));
#1434 = VECTOR('',#1435,1.);
#1435 = DIRECTION('',(0.,0.,1.));
#1436 = PCURVE('',#440,#1437);
#1437 = DEFINITIONAL_REPRESENTATION('',(#1438),#1442);
#1438 = LINE('',#1439,#1440);
#1439 = CARTESIAN_POINT('',(74.799999993631,0.));
#1440 = VECTOR('',#1441,1.);
#1441 = DIRECTION('',(0.,-1.));
#1442 = ( GEOMETRIC_REPRESENTATION_CONTEXT(2) 
PARAMETRIC_REPRESENTATION_CONTEXT() REPRESENTATION_CONTEXT('2D SPACE',''
  ) );
#1443 = PCURVE('',#412,#1444);
#1444 = DEFINITIONAL_REPRESENTATION('',(#1445),#1449);
#1445 = LINE('',#1446,#1447);
#1446 = CARTESIAN_POINT('',(1.570796326795,0.));
#1447 = VECTOR('',#1448,1.);
#1448 = DIRECTION('',(0.,-1.));
#1449 = ( GEOMETRIC_REPRESENTATION_CONTEXT(2) 
PARAMETRIC_REPRESENTATION_CONTEXT() REPRESENTATION_CONTEXT('2D SPACE',''
  ) );
#1450 = ORIENTED_EDGE('',*,*,#1451,.F.);
#1451 = EDGE_CURVE('',#722,#1429,#1452,.T.);
#1452 = SURFACE_CURVE('',#1453,(#1457,#1464),.PCURVE_S1.);
#1453 = LINE('',#1454,#1455);
#1454 = CARTESIAN_POINT('',(4.7,103.3,-7.1));
#1455 = VECTOR('',#1456,1.);
#1456 = DIRECTION('',(1.,0.,0.));
#1457 = PCURVE('',#440,#1458);
#1458 = DEFINITIONAL_REPRESENTATION('',(#1459),#1463);
#1459 = LINE('',#1460,#1461);
#1460 = CARTESIAN_POINT('',(0.,-0.4));
#1461 = VECTOR('',#1462,1.);
#1462 = DIRECTION('',(1.,0.));
#1463 = ( GEOMETRIC_REPRESENTATION_CONTEXT(2) 
PARAMETRIC_REPRESENTATION_CONTEXT() REPRESENTATION_CONTEXT('2D SPACE',''
  ) );
#1464 = PCURVE('',#1360,#1465);
#1465 = DEFINITIONAL_REPRESENTATION('',(#1466),#1470);
#1466 = LINE('',#1467,#1468);
#1467 = CARTESIAN_POINT('',(-0.,-0.282842712475));
#1468 = VECTOR('',#1469,1.);
#1469 = DIRECTION('',(-1.,0.));
#1470 = ( GEOMETRIC_REPRESENTATION_CONTEXT(2) 
PARAMETRIC_REPRESENTATION_CONTEXT() REPRESENTATION_CONTEXT('2D SPACE',''
  ) );
#1471 = ADVANCED_FACE('',(#1472),#351,.T.);
#1472 = FACE_BOUND('',#1473,.T.);
#1473 = EDGE_LOOP('',(#1474,#1497,#1498,#1499));
#1474 = ORIENTED_EDGE('',*,*,#1475,.T.);
#1475 = EDGE_CURVE('',#1476,#331,#1478,.T.);
#1476 = VERTEX_POINT('',#1477);
#1477 = CARTESIAN_POINT('',(87.5,4.7,-7.1));
#1478 = SURFACE_CURVE('',#1479,(#1483,#1490),.PCURVE_S1.);
#1479 = LINE('',#1480,#1481);
#1480 = CARTESIAN_POINT('',(87.499999996816,4.7,-7.5));
#1481 = VECTOR('',#1482,1.);
#1482 = DIRECTION('',(0.,0.,1.));
#1483 = PCURVE('',#351,#1484);
#1484 = DEFINITIONAL_REPRESENTATION('',(#1485),#1489);
#1485 = LINE('',#1486,#1487);
#1486 = CARTESIAN_POINT('',(3.14159265359,0.));
#1487 = VECTOR('',#1488,1.);
#1488 = DIRECTION('',(0.,-1.));
#1489 = ( GEOMETRIC_REPRESENTATION_CONTEXT(2) 
PARAMETRIC_REPRESENTATION_CONTEXT() REPRESENTATION_CONTEXT('2D SPACE',''
  ) );
#1490 = PCURVE('',#379,#1491);
#1491 = DEFINITIONAL_REPRESENTATION('',(#1492),#1496);
#1492 = LINE('',#1493,#1494);
#1493 = CARTESIAN_POINT('',(0.,0.));
#1494 = VECTOR('',#1495,1.);
#1495 = DIRECTION('',(0.,-1.));
#1496 = ( GEOMETRIC_REPRESENTATION_CONTEXT(2) 
PARAMETRIC_REPRESENTATION_CONTEXT() REPRESENTATION_CONTEXT('2D SPACE',''
  ) );
#1497 = ORIENTED_EDGE('',*,*,#330,.T.);
#1498 = ORIENTED_EDGE('',*,*,#771,.F.);
#1499 = ORIENTED_EDGE('',*,*,#1500,.F.);
#1500 = EDGE_CURVE('',#1476,#772,#1501,.T.);
#1501 = SURFACE_CURVE('',#1502,(#1507,#1514),.PCURVE_S1.);
#1502 = CIRCLE('',#1503,8.);
#1503 = AXIS2_PLACEMENT_3D('',#1504,#1505,#1506);
#1504 = CARTESIAN_POINT('',(79.499999993631,4.7,-7.1));
#1505 = DIRECTION('',(0.,-0.,-1.));
#1506 = DIRECTION('',(1.,0.,-0.));
#1507 = PCURVE('',#351,#1508);
#1508 = DEFINITIONAL_REPRESENTATION('',(#1509),#1513);
#1509 = LINE('',#1510,#1511);
#1510 = CARTESIAN_POINT('',(3.14159265359,-0.4));
#1511 = VECTOR('',#1512,1.);
#1512 = DIRECTION('',(1.,0.));
#1513 = ( GEOMETRIC_REPRESENTATION_CONTEXT(2) 
PARAMETRIC_REPRESENTATION_CONTEXT() REPRESENTATION_CONTEXT('2D SPACE',''
  ) );
#1514 = PCURVE('',#1271,#1515);
#1515 = DEFINITIONAL_REPRESENTATION('',(#1516),#1520);
#1516 = LINE('',#1517,#1518);
#1517 = CARTESIAN_POINT('',(-0.,-0.));
#1518 = VECTOR('',#1519,1.);
#1519 = DIRECTION('',(-1.,-0.));
#1520 = ( GEOMETRIC_REPRESENTATION_CONTEXT(2) 
PARAMETRIC_REPRESENTATION_CONTEXT() REPRESENTATION_CONTEXT('2D SPACE',''
  ) );
#1521 = ADVANCED_FACE('',(#1522),#412,.T.);
#1522 = FACE_BOUND('',#1523,.T.);
#1523 = EDGE_LOOP('',(#1524,#1525,#1526,#1549));
#1524 = ORIENTED_EDGE('',*,*,#1428,.T.);
#1525 = ORIENTED_EDGE('',*,*,#391,.T.);
#1526 = ORIENTED_EDGE('',*,*,#1527,.F.);
#1527 = EDGE_CURVE('',#1528,#364,#1530,.T.);
#1528 = VERTEX_POINT('',#1529);
#1529 = CARTESIAN_POINT('',(87.499999993631,95.3,-7.1));
#1530 = SURFACE_CURVE('',#1531,(#1535,#1542),.PCURVE_S1.);
#1531 = LINE('',#1532,#1533);
#1532 = CARTESIAN_POINT('',(87.499999996816,95.3,-7.5));
#1533 = VECTOR('',#1534,1.);
#1534 = DIRECTION('',(0.,0.,1.));
#1535 = PCURVE('',#412,#1536);
#1536 = DEFINITIONAL_REPRESENTATION('',(#1537),#1541);
#1537 = LINE('',#1538,#1539);
#1538 = CARTESIAN_POINT('',(3.14159265359,0.));
#1539 = VECTOR('',#1540,1.);
#1540 = DIRECTION('',(0.,-1.));
#1541 = ( GEOMETRIC_REPRESENTATION_CONTEXT(2) 
PARAMETRIC_REPRESENTATION_CONTEXT() REPRESENTATION_CONTEXT('2D SPACE',''
  ) );
#1542 = PCURVE('',#379,#1543);
#1543 = DEFINITIONAL_REPRESENTATION('',(#1544),#1548);
#1544 = LINE('',#1545,#1546);
#1545 = CARTESIAN_POINT('',(90.6,0.));
#1546 = VECTOR('',#1547,1.);
#1547 = DIRECTION('',(0.,-1.));
#1548 = ( GEOMETRIC_REPRESENTATION_CONTEXT(2) 
PARAMETRIC_REPRESENTATION_CONTEXT() REPRESENTATION_CONTEXT('2D SPACE',''
  ) );
#1549 = ORIENTED_EDGE('',*,*,#1550,.F.);
#1550 = EDGE_CURVE('',#1429,#1528,#1551,.T.);
#1551 = SURFACE_CURVE('',#1552,(#1557,#1564),.PCURVE_S1.);
#1552 = CIRCLE('',#1553,8.);
#1553 = AXIS2_PLACEMENT_3D('',#1554,#1555,#1556);
#1554 = CARTESIAN_POINT('',(79.499999993631,95.3,-7.1));
#1555 = DIRECTION('',(0.,-0.,-1.));
#1556 = DIRECTION('',(0.,1.,-0.));
#1557 = PCURVE('',#412,#1558);
#1558 = DEFINITIONAL_REPRESENTATION('',(#1559),#1563);
#1559 = LINE('',#1560,#1561);
#1560 = CARTESIAN_POINT('',(1.570796326795,-0.4));
#1561 = VECTOR('',#1562,1.);
#1562 = DIRECTION('',(1.,0.));
#1563 = ( GEOMETRIC_REPRESENTATION_CONTEXT(2) 
PARAMETRIC_REPRESENTATION_CONTEXT() REPRESENTATION_CONTEXT('2D SPACE',''
  ) );
#1564 = PCURVE('',#1332,#1565);
#1565 = DEFINITIONAL_REPRESENTATION('',(#1566),#1570);
#1566 = LINE('',#1567,#1568);
#1567 = CARTESIAN_POINT('',(-0.,-0.));
#1568 = VECTOR('',#1569,1.);
#1569 = DIRECTION('',(-1.,-0.));
#1570 = ( GEOMETRIC_REPRESENTATION_CONTEXT(2) 
PARAMETRIC_REPRESENTATION_CONTEXT() REPRESENTATION_CONTEXT('2D SPACE',''
  ) );
#1571 = ADVANCED_FACE('',(#1572),#379,.F.);
#1572 = FACE_BOUND('',#1573,.F.);
#1573 = EDGE_LOOP('',(#1574,#1575,#1576,#1577));
#1574 = ORIENTED_EDGE('',*,*,#1475,.T.);
#1575 = ORIENTED_EDGE('',*,*,#363,.T.);
#1576 = ORIENTED_EDGE('',*,*,#1527,.F.);
#1577 = ORIENTED_EDGE('',*,*,#1578,.T.);
#1578 = EDGE_CURVE('',#1528,#1476,#1579,.T.);
#1579 = SURFACE_CURVE('',#1580,(#1584,#1591),.PCURVE_S1.);
#1580 = LINE('',#1581,#1582);
#1581 = CARTESIAN_POINT('',(87.5,95.3,-7.1));
#1582 = VECTOR('',#1583,1.);
#1583 = DIRECTION('',(-0.,-1.,-0.));
#1584 = PCURVE('',#379,#1585);
#1585 = DEFINITIONAL_REPRESENTATION('',(#1586),#1590);
#1586 = LINE('',#1587,#1588);
#1587 = CARTESIAN_POINT('',(90.6,-0.4));
#1588 = VECTOR('',#1589,1.);
#1589 = DIRECTION('',(-1.,0.));
#1590 = ( GEOMETRIC_REPRESENTATION_CONTEXT(2) 
PARAMETRIC_REPRESENTATION_CONTEXT() REPRESENTATION_CONTEXT('2D SPACE',''
  ) );
#1591 = PCURVE('',#1299,#1592);
#1592 = DEFINITIONAL_REPRESENTATION('',(#1593),#1597);
#1593 = LINE('',#1594,#1595);
#1594 = CARTESIAN_POINT('',(0.,-0.282842712475));
#1595 = VECTOR('',#1596,1.);
#1596 = DIRECTION('',(1.,0.));
#1597 = ( GEOMETRIC_REPRESENTATION_CONTEXT(2) 
PARAMETRIC_REPRESENTATION_CONTEXT() REPRESENTATION_CONTEXT('2D SPACE',''
  ) );
#1598 = ADVANCED_FACE('',(#1599),#497,.F.);
#1599 = FACE_BOUND('',#1600,.F.);
#1600 = EDGE_LOOP('',(#1601,#1631,#1652,#1653));
#1601 = ORIENTED_EDGE('',*,*,#1602,.F.);
#1602 = EDGE_CURVE('',#1603,#1605,#1607,.T.);
#1603 = VERTEX_POINT('',#1604);
#1604 = CARTESIAN_POINT('',(-0.4,5.3,3.4));
#1605 = VERTEX_POINT('',#1606);
#1606 = CARTESIAN_POINT('',(-0.4,94.7,3.4));
#1607 = SURFACE_CURVE('',#1608,(#1612,#1619),.PCURVE_S1.);
#1608 = LINE('',#1609,#1610);
#1609 = CARTESIAN_POINT('',(-0.399999999999,50.,3.4));
#1610 = VECTOR('',#1611,1.);
#1611 = DIRECTION('',(0.,1.,0.));
#1612 = PCURVE('',#497,#1613);
#1613 = DEFINITIONAL_REPRESENTATION('',(#1614),#1618);
#1614 = LINE('',#1615,#1616);
#1615 = CARTESIAN_POINT('',(44.7,0.));
#1616 = VECTOR('',#1617,1.);
#1617 = DIRECTION('',(1.,0.));
#1618 = ( GEOMETRIC_REPRESENTATION_CONTEXT(2) 
PARAMETRIC_REPRESENTATION_CONTEXT() REPRESENTATION_CONTEXT('2D SPACE',''
  ) );
#1619 = PCURVE('',#1620,#1625);
#1620 = PLANE('',#1621);
#1621 = AXIS2_PLACEMENT_3D('',#1622,#1623,#1624);
#1622 = CARTESIAN_POINT('',(42.099999998008,50.,3.4));
#1623 = DIRECTION('',(0.,0.,1.));
#1624 = DIRECTION('',(1.,0.,-0.));
#1625 = DEFINITIONAL_REPRESENTATION('',(#1626),#1630);
#1626 = LINE('',#1627,#1628);
#1627 = CARTESIAN_POINT('',(-42.499999998,0.));
#1628 = VECTOR('',#1629,1.);
#1629 = DIRECTION('',(0.,1.));
#1630 = ( GEOMETRIC_REPRESENTATION_CONTEXT(2) 
PARAMETRIC_REPRESENTATION_CONTEXT() REPRESENTATION_CONTEXT('2D SPACE',''
  ) );
#1631 = ORIENTED_EDGE('',*,*,#1632,.T.);
#1632 = EDGE_CURVE('',#1603,#483,#1633,.T.);
#1633 = SURFACE_CURVE('',#1634,(#1638,#1645),.PCURVE_S1.);
#1634 = LINE('',#1635,#1636);
#1635 = CARTESIAN_POINT('',(-0.4,5.3,3.4));
#1636 = VECTOR('',#1637,1.);
#1637 = DIRECTION('',(0.,0.,1.));
#1638 = PCURVE('',#497,#1639);
#1639 = DEFINITIONAL_REPRESENTATION('',(#1640),#1644);
#1640 = LINE('',#1641,#1642);
#1641 = CARTESIAN_POINT('',(0.,0.));
#1642 = VECTOR('',#1643,1.);
#1643 = DIRECTION('',(0.,-1.));
#1644 = ( GEOMETRIC_REPRESENTATION_CONTEXT(2) 
PARAMETRIC_REPRESENTATION_CONTEXT() REPRESENTATION_CONTEXT('2D SPACE',''
  ) );
#1645 = PCURVE('',#704,#1646);
#1646 = DEFINITIONAL_REPRESENTATION('',(#1647),#1651);
#1647 = LINE('',#1648,#1649);
#1648 = CARTESIAN_POINT('',(6.28318530718,0.));
#1649 = VECTOR('',#1650,1.);
#1650 = DIRECTION('',(0.,-1.));
#1651 = ( GEOMETRIC_REPRESENTATION_CONTEXT(2) 
PARAMETRIC_REPRESENTATION_CONTEXT() REPRESENTATION_CONTEXT('2D SPACE',''
  ) );
#1652 = ORIENTED_EDGE('',*,*,#480,.F.);
#1653 = ORIENTED_EDGE('',*,*,#1654,.F.);
#1654 = EDGE_CURVE('',#1605,#481,#1655,.T.);
#1655 = SURFACE_CURVE('',#1656,(#1660,#1667),.PCURVE_S1.);
#1656 = LINE('',#1657,#1658);
#1657 = CARTESIAN_POINT('',(-0.4,94.7,3.4));
#1658 = VECTOR('',#1659,1.);
#1659 = DIRECTION('',(0.,0.,1.));
#1660 = PCURVE('',#497,#1661);
#1661 = DEFINITIONAL_REPRESENTATION('',(#1662),#1666);
#1662 = LINE('',#1663,#1664);
#1663 = CARTESIAN_POINT('',(89.4,0.));
#1664 = VECTOR('',#1665,1.);
#1665 = DIRECTION('',(0.,-1.));
#1666 = ( GEOMETRIC_REPRESENTATION_CONTEXT(2) 
PARAMETRIC_REPRESENTATION_CONTEXT() REPRESENTATION_CONTEXT('2D SPACE',''
  ) );
#1667 = PCURVE('',#529,#1668);
#1668 = DEFINITIONAL_REPRESENTATION('',(#1669),#1673);
#1669 = LINE('',#1670,#1671);
#1670 = CARTESIAN_POINT('',(0.,0.));
#1671 = VECTOR('',#1672,1.);
#1672 = DIRECTION('',(0.,-1.));
#1673 = ( GEOMETRIC_REPRESENTATION_CONTEXT(2) 
PARAMETRIC_REPRESENTATION_CONTEXT() REPRESENTATION_CONTEXT('2D SPACE',''
  ) );
#1674 = ADVANCED_FACE('',(#1675),#704,.F.);
#1675 = FACE_BOUND('',#1676,.F.);
#1676 = EDGE_LOOP('',(#1677,#1705,#1726,#1727));
#1677 = ORIENTED_EDGE('',*,*,#1678,.F.);
#1678 = EDGE_CURVE('',#1679,#1603,#1681,.T.);
#1679 = VERTEX_POINT('',#1680);
#1680 = CARTESIAN_POINT('',(5.299999999999,-0.4,3.4));
#1681 = SURFACE_CURVE('',#1682,(#1687,#1694),.PCURVE_S1.);
#1682 = CIRCLE('',#1683,5.7);
#1683 = AXIS2_PLACEMENT_3D('',#1684,#1685,#1686);
#1684 = CARTESIAN_POINT('',(5.299999999999,5.3,3.4));
#1685 = DIRECTION('',(0.,-0.,-1.));
#1686 = DIRECTION('',(0.,-1.,0.));
#1687 = PCURVE('',#704,#1688);
#1688 = DEFINITIONAL_REPRESENTATION('',(#1689),#1693);
#1689 = LINE('',#1690,#1691);
#1690 = CARTESIAN_POINT('',(4.712388980385,0.));
#1691 = VECTOR('',#1692,1.);
#1692 = DIRECTION('',(1.,0.));
#1693 = ( GEOMETRIC_REPRESENTATION_CONTEXT(2) 
PARAMETRIC_REPRESENTATION_CONTEXT() REPRESENTATION_CONTEXT('2D SPACE',''
  ) );
#1694 = PCURVE('',#1620,#1695);
#1695 = DEFINITIONAL_REPRESENTATION('',(#1696),#1704);
#1696 = ( BOUNDED_CURVE() B_SPLINE_CURVE(2,(#1697,#1698,#1699,#1700,
#1701,#1702,#1703),.UNSPECIFIED.,.T.,.F.) B_SPLINE_CURVE_WITH_KNOTS((1,2
    ,2,2,2,1),(-2.094395102393,0.,2.094395102393,4.188790204786,
6.28318530718,8.377580409573),.UNSPECIFIED.) CURVE() 
GEOMETRIC_REPRESENTATION_ITEM() RATIONAL_B_SPLINE_CURVE((1.,0.5,1.,0.5,
1.,0.5,1.)) REPRESENTATION_ITEM('') );
#1697 = CARTESIAN_POINT('',(-36.799999998,-50.4));
#1698 = CARTESIAN_POINT('',(-46.67268960115,-50.4));
#1699 = CARTESIAN_POINT('',(-41.73634479958,-41.85));
#1700 = CARTESIAN_POINT('',(-36.799999998,-33.3));
#1701 = CARTESIAN_POINT('',(-31.86365519643,-41.85));
#1702 = CARTESIAN_POINT('',(-26.92731039486,-50.4));
#1703 = CARTESIAN_POINT('',(-36.799999998,-50.4));
#1704 = ( GEOMETRIC_REPRESENTATION_CONTEXT(2) 
PARAMETRIC_REPRESENTATION_CONTEXT() REPRESENTATION_CONTEXT('2D SPACE',''
  ) );
#1705 = ORIENTED_EDGE('',*,*,#1706,.T.);
#1706 = EDGE_CURVE('',#1679,#660,#1707,.T.);
#1707 = SURFACE_CURVE('',#1708,(#1712,#1719),.PCURVE_S1.);
#1708 = LINE('',#1709,#1710);
#1709 = CARTESIAN_POINT('',(5.299999999999,-0.4,3.4));
#1710 = VECTOR('',#1711,1.);
#1711 = DIRECTION('',(0.,0.,1.));
#1712 = PCURVE('',#704,#1713);
#1713 = DEFINITIONAL_REPRESENTATION('',(#1714),#1718);
#1714 = LINE('',#1715,#1716);
#1715 = CARTESIAN_POINT('',(4.712388980385,0.));
#1716 = VECTOR('',#1717,1.);
#1717 = DIRECTION('',(0.,-1.));
#1718 = ( GEOMETRIC_REPRESENTATION_CONTEXT(2) 
PARAMETRIC_REPRESENTATION_CONTEXT() REPRESENTATION_CONTEXT('2D SPACE',''
  ) );
#1719 = PCURVE('',#674,#1720);
#1720 = DEFINITIONAL_REPRESENTATION('',(#1721),#1725);
#1721 = LINE('',#1722,#1723);
#1722 = CARTESIAN_POINT('',(-1.42108547152E-14,0.));
#1723 = VECTOR('',#1724,1.);
#1724 = DIRECTION('',(0.,-1.));
#1725 = ( GEOMETRIC_REPRESENTATION_CONTEXT(2) 
PARAMETRIC_REPRESENTATION_CONTEXT() REPRESENTATION_CONTEXT('2D SPACE',''
  ) );
#1726 = ORIENTED_EDGE('',*,*,#685,.T.);
#1727 = ORIENTED_EDGE('',*,*,#1632,.F.);
#1728 = ADVANCED_FACE('',(#1729),#674,.T.);
#1729 = FACE_BOUND('',#1730,.T.);
#1730 = EDGE_LOOP('',(#1731,#1754,#1755,#1756));
#1731 = ORIENTED_EDGE('',*,*,#1732,.F.);
#1732 = EDGE_CURVE('',#1679,#1733,#1735,.T.);
#1733 = VERTEX_POINT('',#1734);
#1734 = CARTESIAN_POINT('',(78.899999992115,-0.4,3.4));
#1735 = SURFACE_CURVE('',#1736,(#1740,#1747),.PCURVE_S1.);
#1736 = LINE('',#1737,#1738);
#1737 = CARTESIAN_POINT('',(42.100000000001,-0.4,3.4));
#1738 = VECTOR('',#1739,1.);
#1739 = DIRECTION('',(1.,0.,0.));
#1740 = PCURVE('',#674,#1741);
#1741 = DEFINITIONAL_REPRESENTATION('',(#1742),#1746);
#1742 = LINE('',#1743,#1744);
#1743 = CARTESIAN_POINT('',(36.800000000002,0.));
#1744 = VECTOR('',#1745,1.);
#1745 = DIRECTION('',(1.,0.));
#1746 = ( GEOMETRIC_REPRESENTATION_CONTEXT(2) 
PARAMETRIC_REPRESENTATION_CONTEXT() REPRESENTATION_CONTEXT('2D SPACE',''
  ) );
#1747 = PCURVE('',#1620,#1748);
#1748 = DEFINITIONAL_REPRESENTATION('',(#1749),#1753);
#1749 = LINE('',#1750,#1751);
#1750 = CARTESIAN_POINT('',(1.992709997012E-09,-50.4));
#1751 = VECTOR('',#1752,1.);
#1752 = DIRECTION('',(1.,0.));
#1753 = ( GEOMETRIC_REPRESENTATION_CONTEXT(2) 
PARAMETRIC_REPRESENTATION_CONTEXT() REPRESENTATION_CONTEXT('2D SPACE',''
  ) );
#1754 = ORIENTED_EDGE('',*,*,#1706,.T.);
#1755 = ORIENTED_EDGE('',*,*,#659,.F.);
#1756 = ORIENTED_EDGE('',*,*,#1757,.F.);
#1757 = EDGE_CURVE('',#1733,#627,#1758,.T.);
#1758 = SURFACE_CURVE('',#1759,(#1763,#1770),.PCURVE_S1.);
#1759 = LINE('',#1760,#1761);
#1760 = CARTESIAN_POINT('',(78.899999992115,-0.4,3.4));
#1761 = VECTOR('',#1762,1.);
#1762 = DIRECTION('',(0.,0.,1.));
#1763 = PCURVE('',#674,#1764);
#1764 = DEFINITIONAL_REPRESENTATION('',(#1765),#1769);
#1765 = LINE('',#1766,#1767);
#1766 = CARTESIAN_POINT('',(73.599999992115,0.));
#1767 = VECTOR('',#1768,1.);
#1768 = DIRECTION('',(0.,-1.));
#1769 = ( GEOMETRIC_REPRESENTATION_CONTEXT(2) 
PARAMETRIC_REPRESENTATION_CONTEXT() REPRESENTATION_CONTEXT('2D SPACE',''
  ) );
#1770 = PCURVE('',#647,#1771);
#1771 = DEFINITIONAL_REPRESENTATION('',(#1772),#1776);
#1772 = LINE('',#1773,#1774);
#1773 = CARTESIAN_POINT('',(4.712388980385,0.));
#1774 = VECTOR('',#1775,1.);
#1775 = DIRECTION('',(0.,-1.));
#1776 = ( GEOMETRIC_REPRESENTATION_CONTEXT(2) 
PARAMETRIC_REPRESENTATION_CONTEXT() REPRESENTATION_CONTEXT('2D SPACE',''
  ) );
#1777 = ADVANCED_FACE('',(#1778),#647,.F.);
#1778 = FACE_BOUND('',#1779,.F.);
#1779 = EDGE_LOOP('',(#1780,#1808,#1829,#1830));
#1780 = ORIENTED_EDGE('',*,*,#1781,.F.);
#1781 = EDGE_CURVE('',#1782,#1733,#1784,.T.);
#1782 = VERTEX_POINT('',#1783);
#1783 = CARTESIAN_POINT('',(84.599999996058,5.3,3.4));
#1784 = SURFACE_CURVE('',#1785,(#1790,#1797),.PCURVE_S1.);
#1785 = CIRCLE('',#1786,5.7);
#1786 = AXIS2_PLACEMENT_3D('',#1787,#1788,#1789);
#1787 = CARTESIAN_POINT('',(78.899999992115,5.3,3.4));
#1788 = DIRECTION('',(0.,0.,-1.));
#1789 = DIRECTION('',(1.,0.,0.));
#1790 = PCURVE('',#647,#1791);
#1791 = DEFINITIONAL_REPRESENTATION('',(#1792),#1796);
#1792 = LINE('',#1793,#1794);
#1793 = CARTESIAN_POINT('',(3.14159265359,0.));
#1794 = VECTOR('',#1795,1.);
#1795 = DIRECTION('',(1.,0.));
#1796 = ( GEOMETRIC_REPRESENTATION_CONTEXT(2) 
PARAMETRIC_REPRESENTATION_CONTEXT() REPRESENTATION_CONTEXT('2D SPACE',''
  ) );
#1797 = PCURVE('',#1620,#1798);
#1798 = DEFINITIONAL_REPRESENTATION('',(#1799),#1807);
#1799 = ( BOUNDED_CURVE() B_SPLINE_CURVE(2,(#1800,#1801,#1802,#1803,
#1804,#1805,#1806),.UNSPECIFIED.,.T.,.F.) B_SPLINE_CURVE_WITH_KNOTS((1,2
    ,2,2,2,1),(-2.094395102393,0.,2.094395102393,4.188790204786,
6.28318530718,8.377580409573),.UNSPECIFIED.) CURVE() 
GEOMETRIC_REPRESENTATION_ITEM() RATIONAL_B_SPLINE_CURVE((1.,0.5,1.,0.5,
1.,0.5,1.)) REPRESENTATION_ITEM('') );
#1800 = CARTESIAN_POINT('',(42.499999994107,-44.7));
#1801 = CARTESIAN_POINT('',(42.499999994107,-54.57268960314));
#1802 = CARTESIAN_POINT('',(33.949999994107,-49.63634480157));
#1803 = CARTESIAN_POINT('',(25.399999994107,-44.7));
#1804 = CARTESIAN_POINT('',(33.949999994107,-39.76365519842));
#1805 = CARTESIAN_POINT('',(42.499999994107,-34.82731039685));
#1806 = CARTESIAN_POINT('',(42.499999994107,-44.7));
#1807 = ( GEOMETRIC_REPRESENTATION_CONTEXT(2) 
PARAMETRIC_REPRESENTATION_CONTEXT() REPRESENTATION_CONTEXT('2D SPACE',''
  ) );
#1808 = ORIENTED_EDGE('',*,*,#1809,.T.);
#1809 = EDGE_CURVE('',#1782,#601,#1810,.T.);
#1810 = SURFACE_CURVE('',#1811,(#1815,#1822),.PCURVE_S1.);
#1811 = LINE('',#1812,#1813);
#1812 = CARTESIAN_POINT('',(84.599999996058,5.3,3.4));
#1813 = VECTOR('',#1814,1.);
#1814 = DIRECTION('',(0.,0.,1.));
#1815 = PCURVE('',#647,#1816);
#1816 = DEFINITIONAL_REPRESENTATION('',(#1817),#1821);
#1817 = LINE('',#1818,#1819);
#1818 = CARTESIAN_POINT('',(3.14159265359,0.));
#1819 = VECTOR('',#1820,1.);
#1820 = DIRECTION('',(0.,-1.));
#1821 = ( GEOMETRIC_REPRESENTATION_CONTEXT(2) 
PARAMETRIC_REPRESENTATION_CONTEXT() REPRESENTATION_CONTEXT('2D SPACE',''
  ) );
#1822 = PCURVE('',#615,#1823);
#1823 = DEFINITIONAL_REPRESENTATION('',(#1824),#1828);
#1824 = LINE('',#1825,#1826);
#1825 = CARTESIAN_POINT('',(0.,0.));
#1826 = VECTOR('',#1827,1.);
#1827 = DIRECTION('',(0.,-1.));
#1828 = ( GEOMETRIC_REPRESENTATION_CONTEXT(2) 
PARAMETRIC_REPRESENTATION_CONTEXT() REPRESENTATION_CONTEXT('2D SPACE',''
  ) );
#1829 = ORIENTED_EDGE('',*,*,#626,.T.);
#1830 = ORIENTED_EDGE('',*,*,#1757,.F.);
#1831 = ADVANCED_FACE('',(#1832),#615,.T.);
#1832 = FACE_BOUND('',#1833,.T.);
#1833 = EDGE_LOOP('',(#1834,#1857,#1858,#1859));
#1834 = ORIENTED_EDGE('',*,*,#1835,.F.);
#1835 = EDGE_CURVE('',#1782,#1836,#1838,.T.);
#1836 = VERTEX_POINT('',#1837);
#1837 = CARTESIAN_POINT('',(84.599999996058,94.7,3.4));
#1838 = SURFACE_CURVE('',#1839,(#1843,#1850),.PCURVE_S1.);
#1839 = LINE('',#1840,#1841);
#1840 = CARTESIAN_POINT('',(84.600000000001,50.,3.4));
#1841 = VECTOR('',#1842,1.);
#1842 = DIRECTION('',(0.,1.,0.));
#1843 = PCURVE('',#615,#1844);
#1844 = DEFINITIONAL_REPRESENTATION('',(#1845),#1849);
#1845 = LINE('',#1846,#1847);
#1846 = CARTESIAN_POINT('',(44.7,0.));
#1847 = VECTOR('',#1848,1.);
#1848 = DIRECTION('',(1.,0.));
#1849 = ( GEOMETRIC_REPRESENTATION_CONTEXT(2) 
PARAMETRIC_REPRESENTATION_CONTEXT() REPRESENTATION_CONTEXT('2D SPACE',''
  ) );
#1850 = PCURVE('',#1620,#1851);
#1851 = DEFINITIONAL_REPRESENTATION('',(#1852),#1856);
#1852 = LINE('',#1853,#1854);
#1853 = CARTESIAN_POINT('',(42.500000001993,0.));
#1854 = VECTOR('',#1855,1.);
#1855 = DIRECTION('',(0.,1.));
#1856 = ( GEOMETRIC_REPRESENTATION_CONTEXT(2) 
PARAMETRIC_REPRESENTATION_CONTEXT() REPRESENTATION_CONTEXT('2D SPACE',''
  ) );
#1857 = ORIENTED_EDGE('',*,*,#1809,.T.);
#1858 = ORIENTED_EDGE('',*,*,#600,.F.);
#1859 = ORIENTED_EDGE('',*,*,#1860,.F.);
#1860 = EDGE_CURVE('',#1836,#568,#1861,.T.);
#1861 = SURFACE_CURVE('',#1862,(#1866,#1873),.PCURVE_S1.);
#1862 = LINE('',#1863,#1864);
#1863 = CARTESIAN_POINT('',(84.599999996058,94.7,3.4));
#1864 = VECTOR('',#1865,1.);
#1865 = DIRECTION('',(0.,0.,1.));
#1866 = PCURVE('',#615,#1867);
#1867 = DEFINITIONAL_REPRESENTATION('',(#1868),#1872);
#1868 = LINE('',#1869,#1870);
#1869 = CARTESIAN_POINT('',(89.4,0.));
#1870 = VECTOR('',#1871,1.);
#1871 = DIRECTION('',(0.,-1.));
#1872 = ( GEOMETRIC_REPRESENTATION_CONTEXT(2) 
PARAMETRIC_REPRESENTATION_CONTEXT() REPRESENTATION_CONTEXT('2D SPACE',''
  ) );
#1873 = PCURVE('',#588,#1874);
#1874 = DEFINITIONAL_REPRESENTATION('',(#1875),#1879);
#1875 = LINE('',#1876,#1877);
#1876 = CARTESIAN_POINT('',(3.14159265359,0.));
#1877 = VECTOR('',#1878,1.);
#1878 = DIRECTION('',(0.,-1.));
#1879 = ( GEOMETRIC_REPRESENTATION_CONTEXT(2) 
PARAMETRIC_REPRESENTATION_CONTEXT() REPRESENTATION_CONTEXT('2D SPACE',''
  ) );
#1880 = ADVANCED_FACE('',(#1881),#588,.F.);
#1881 = FACE_BOUND('',#1882,.F.);
#1882 = EDGE_LOOP('',(#1883,#1911,#1932,#1933));
#1883 = ORIENTED_EDGE('',*,*,#1884,.F.);
#1884 = EDGE_CURVE('',#1885,#1836,#1887,.T.);
#1885 = VERTEX_POINT('',#1886);
#1886 = CARTESIAN_POINT('',(78.899999992115,100.4,3.4));
#1887 = SURFACE_CURVE('',#1888,(#1893,#1900),.PCURVE_S1.);
#1888 = CIRCLE('',#1889,5.7);
#1889 = AXIS2_PLACEMENT_3D('',#1890,#1891,#1892);
#1890 = CARTESIAN_POINT('',(78.899999992115,94.7,3.4));
#1891 = DIRECTION('',(0.,0.,-1.));
#1892 = DIRECTION('',(0.,1.,0.));
#1893 = PCURVE('',#588,#1894);
#1894 = DEFINITIONAL_REPRESENTATION('',(#1895),#1899);
#1895 = LINE('',#1896,#1897);
#1896 = CARTESIAN_POINT('',(1.570796326795,0.));
#1897 = VECTOR('',#1898,1.);
#1898 = DIRECTION('',(1.,0.));
#1899 = ( GEOMETRIC_REPRESENTATION_CONTEXT(2) 
PARAMETRIC_REPRESENTATION_CONTEXT() REPRESENTATION_CONTEXT('2D SPACE',''
  ) );
#1900 = PCURVE('',#1620,#1901);
#1901 = DEFINITIONAL_REPRESENTATION('',(#1902),#1910);
#1902 = ( BOUNDED_CURVE() B_SPLINE_CURVE(2,(#1903,#1904,#1905,#1906,
#1907,#1908,#1909),.UNSPECIFIED.,.T.,.F.) B_SPLINE_CURVE_WITH_KNOTS((1,2
    ,2,2,2,1),(-2.094395102393,0.,2.094395102393,4.188790204786,
6.28318530718,8.377580409573),.UNSPECIFIED.) CURVE() 
GEOMETRIC_REPRESENTATION_ITEM() RATIONAL_B_SPLINE_CURVE((1.,0.5,1.,0.5,
1.,0.5,1.)) REPRESENTATION_ITEM('') );
#1903 = CARTESIAN_POINT('',(36.799999994107,50.4));
#1904 = CARTESIAN_POINT('',(46.672689597249,50.4));
#1905 = CARTESIAN_POINT('',(41.736344795678,41.85));
#1906 = CARTESIAN_POINT('',(36.799999994107,33.3));
#1907 = CARTESIAN_POINT('',(31.863655192535,41.85));
#1908 = CARTESIAN_POINT('',(26.927310390964,50.4));
#1909 = CARTESIAN_POINT('',(36.799999994107,50.4));
#1910 = ( GEOMETRIC_REPRESENTATION_CONTEXT(2) 
PARAMETRIC_REPRESENTATION_CONTEXT() REPRESENTATION_CONTEXT('2D SPACE',''
  ) );
#1911 = ORIENTED_EDGE('',*,*,#1912,.T.);
#1912 = EDGE_CURVE('',#1885,#542,#1913,.T.);
#1913 = SURFACE_CURVE('',#1914,(#1918,#1925),.PCURVE_S1.);
#1914 = LINE('',#1915,#1916);
#1915 = CARTESIAN_POINT('',(78.899999992115,100.4,3.4));
#1916 = VECTOR('',#1917,1.);
#1917 = DIRECTION('',(0.,0.,1.));
#1918 = PCURVE('',#588,#1919);
#1919 = DEFINITIONAL_REPRESENTATION('',(#1920),#1924);
#1920 = LINE('',#1921,#1922);
#1921 = CARTESIAN_POINT('',(1.570796326795,0.));
#1922 = VECTOR('',#1923,1.);
#1923 = DIRECTION('',(0.,-1.));
#1924 = ( GEOMETRIC_REPRESENTATION_CONTEXT(2) 
PARAMETRIC_REPRESENTATION_CONTEXT() REPRESENTATION_CONTEXT('2D SPACE',''
  ) );
#1925 = PCURVE('',#556,#1926);
#1926 = DEFINITIONAL_REPRESENTATION('',(#1927),#1931);
#1927 = LINE('',#1928,#1929);
#1928 = CARTESIAN_POINT('',(73.599999992115,0.));
#1929 = VECTOR('',#1930,1.);
#1930 = DIRECTION('',(0.,-1.));
#1931 = ( GEOMETRIC_REPRESENTATION_CONTEXT(2) 
PARAMETRIC_REPRESENTATION_CONTEXT() REPRESENTATION_CONTEXT('2D SPACE',''
  ) );
#1932 = ORIENTED_EDGE('',*,*,#567,.T.);
#1933 = ORIENTED_EDGE('',*,*,#1860,.F.);
#1934 = ADVANCED_FACE('',(#1935),#556,.F.);
#1935 = FACE_BOUND('',#1936,.F.);
#1936 = EDGE_LOOP('',(#1937,#1960,#1981,#1982));
#1937 = ORIENTED_EDGE('',*,*,#1938,.F.);
#1938 = EDGE_CURVE('',#1939,#1885,#1941,.T.);
#1939 = VERTEX_POINT('',#1940);
#1940 = CARTESIAN_POINT('',(5.299999999999,100.4,3.4));
#1941 = SURFACE_CURVE('',#1942,(#1946,#1953),.PCURVE_S1.);
#1942 = LINE('',#1943,#1944);
#1943 = CARTESIAN_POINT('',(42.100000000001,100.4,3.4));
#1944 = VECTOR('',#1945,1.);
#1945 = DIRECTION('',(1.,0.,0.));
#1946 = PCURVE('',#556,#1947);
#1947 = DEFINITIONAL_REPRESENTATION('',(#1948),#1952);
#1948 = LINE('',#1949,#1950);
#1949 = CARTESIAN_POINT('',(36.800000000002,0.));
#1950 = VECTOR('',#1951,1.);
#1951 = DIRECTION('',(1.,0.));
#1952 = ( GEOMETRIC_REPRESENTATION_CONTEXT(2) 
PARAMETRIC_REPRESENTATION_CONTEXT() REPRESENTATION_CONTEXT('2D SPACE',''
  ) );
#1953 = PCURVE('',#1620,#1954);
#1954 = DEFINITIONAL_REPRESENTATION('',(#1955),#1959);
#1955 = LINE('',#1956,#1957);
#1956 = CARTESIAN_POINT('',(1.992709997012E-09,50.4));
#1957 = VECTOR('',#1958,1.);
#1958 = DIRECTION('',(1.,0.));
#1959 = ( GEOMETRIC_REPRESENTATION_CONTEXT(2) 
PARAMETRIC_REPRESENTATION_CONTEXT() REPRESENTATION_CONTEXT('2D SPACE',''
  ) );
#1960 = ORIENTED_EDGE('',*,*,#1961,.T.);
#1961 = EDGE_CURVE('',#1939,#509,#1962,.T.);
#1962 = SURFACE_CURVE('',#1963,(#1967,#1974),.PCURVE_S1.);
#1963 = LINE('',#1964,#1965);
#1964 = CARTESIAN_POINT('',(5.299999999999,100.4,3.4));
#1965 = VECTOR('',#1966,1.);
#1966 = DIRECTION('',(0.,0.,1.));
#1967 = PCURVE('',#556,#1968);
#1968 = DEFINITIONAL_REPRESENTATION('',(#1969),#1973);
#1969 = LINE('',#1970,#1971);
#1970 = CARTESIAN_POINT('',(-1.42108547152E-14,0.));
#1971 = VECTOR('',#1972,1.);
#1972 = DIRECTION('',(0.,-1.));
#1973 = ( GEOMETRIC_REPRESENTATION_CONTEXT(2) 
PARAMETRIC_REPRESENTATION_CONTEXT() REPRESENTATION_CONTEXT('2D SPACE',''
  ) );
#1974 = PCURVE('',#529,#1975);
#1975 = DEFINITIONAL_REPRESENTATION('',(#1976),#1980);
#1976 = LINE('',#1977,#1978);
#1977 = CARTESIAN_POINT('',(1.570796326795,0.));
#1978 = VECTOR('',#1979,1.);
#1979 = DIRECTION('',(0.,-1.));
#1980 = ( GEOMETRIC_REPRESENTATION_CONTEXT(2) 
PARAMETRIC_REPRESENTATION_CONTEXT() REPRESENTATION_CONTEXT('2D SPACE',''
  ) );
#1981 = ORIENTED_EDGE('',*,*,#541,.F.);
#1982 = ORIENTED_EDGE('',*,*,#1912,.F.);
#1983 = ADVANCED_FACE('',(#1984),#529,.F.);
#1984 = FACE_BOUND('',#1985,.F.);
#1985 = EDGE_LOOP('',(#1986,#2012,#2013,#2014));
#1986 = ORIENTED_EDGE('',*,*,#1987,.F.);
#1987 = EDGE_CURVE('',#1605,#1939,#1988,.T.);
#1988 = SURFACE_CURVE('',#1989,(#1994,#2001),.PCURVE_S1.);
#1989 = CIRCLE('',#1990,5.7);
#1990 = AXIS2_PLACEMENT_3D('',#1991,#1992,#1993);
#1991 = CARTESIAN_POINT('',(5.299999999999,94.7,3.4));
#1992 = DIRECTION('',(0.,0.,-1.));
#1993 = DIRECTION('',(-1.,0.,0.));
#1994 = PCURVE('',#529,#1995);
#1995 = DEFINITIONAL_REPRESENTATION('',(#1996),#2000);
#1996 = LINE('',#1997,#1998);
#1997 = CARTESIAN_POINT('',(0.,0.));
#1998 = VECTOR('',#1999,1.);
#1999 = DIRECTION('',(1.,0.));
#2000 = ( GEOMETRIC_REPRESENTATION_CONTEXT(2) 
PARAMETRIC_REPRESENTATION_CONTEXT() REPRESENTATION_CONTEXT('2D SPACE',''
  ) );
#2001 = PCURVE('',#1620,#2002);
#2002 = DEFINITIONAL_REPRESENTATION('',(#2003),#2011);
#2003 = ( BOUNDED_CURVE() B_SPLINE_CURVE(2,(#2004,#2005,#2006,#2007,
#2008,#2009,#2010),.UNSPECIFIED.,.T.,.F.) B_SPLINE_CURVE_WITH_KNOTS((1,2
    ,2,2,2,1),(-2.094395102393,0.,2.094395102393,4.188790204786,
6.28318530718,8.377580409573),.UNSPECIFIED.) CURVE() 
GEOMETRIC_REPRESENTATION_ITEM() RATIONAL_B_SPLINE_CURVE((1.,0.5,1.,0.5,
1.,0.5,1.)) REPRESENTATION_ITEM('') );
#2004 = CARTESIAN_POINT('',(-42.499999998,44.7));
#2005 = CARTESIAN_POINT('',(-42.499999998,54.572689603143));
#2006 = CARTESIAN_POINT('',(-33.949999998,49.636344801571));
#2007 = CARTESIAN_POINT('',(-25.399999998,44.7));
#2008 = CARTESIAN_POINT('',(-33.949999998,39.763655198429));
#2009 = CARTESIAN_POINT('',(-42.499999998,34.827310396857));
#2010 = CARTESIAN_POINT('',(-42.499999998,44.7));
#2011 = ( GEOMETRIC_REPRESENTATION_CONTEXT(2) 
PARAMETRIC_REPRESENTATION_CONTEXT() REPRESENTATION_CONTEXT('2D SPACE',''
  ) );
#2012 = ORIENTED_EDGE('',*,*,#1654,.T.);
#2013 = ORIENTED_EDGE('',*,*,#508,.T.);
#2014 = ORIENTED_EDGE('',*,*,#1961,.F.);
#2015 = ADVANCED_FACE('',(#2016),#808,.T.);
#2016 = FACE_BOUND('',#2017,.T.);
#2017 = EDGE_LOOP('',(#2018,#2037,#2038,#2039));
#2018 = ORIENTED_EDGE('',*,*,#2019,.F.);
#2019 = EDGE_CURVE('',#772,#1228,#2020,.T.);
#2020 = SURFACE_CURVE('',#2021,(#2025,#2031),.PCURVE_S1.);
#2021 = LINE('',#2022,#2023);
#2022 = CARTESIAN_POINT('',(79.499999993631,-3.3,-7.1));
#2023 = VECTOR('',#2024,1.);
#2024 = DIRECTION('',(-4.329780281177E-17,0.707106781187,-0.707106781187
    ));
#2025 = PCURVE('',#808,#2026);
#2026 = DEFINITIONAL_REPRESENTATION('',(#2027),#2030);
#2027 = B_SPLINE_CURVE_WITH_KNOTS('',1,(#2028,#2029),.UNSPECIFIED.,.F.,
  .F.,(2,2),(0.,0.565685424949),.PIECEWISE_BEZIER_KNOTS.);
#2028 = CARTESIAN_POINT('',(0.,-0.282842712475));
#2029 = CARTESIAN_POINT('',(0.,0.282842712475));
#2030 = ( GEOMETRIC_REPRESENTATION_CONTEXT(2) 
PARAMETRIC_REPRESENTATION_CONTEXT() REPRESENTATION_CONTEXT('2D SPACE',''
  ) );
#2031 = PCURVE('',#1271,#2032);
#2032 = DEFINITIONAL_REPRESENTATION('',(#2033),#2036);
#2033 = B_SPLINE_CURVE_WITH_KNOTS('',1,(#2034,#2035),.UNSPECIFIED.,.F.,
  .F.,(2,2),(0.,0.565685424949),.PIECEWISE_BEZIER_KNOTS.);
#2034 = CARTESIAN_POINT('',(-1.570796326795,0.));
#2035 = CARTESIAN_POINT('',(-1.570796326795,-0.4));
#2036 = ( GEOMETRIC_REPRESENTATION_CONTEXT(2) 
PARAMETRIC_REPRESENTATION_CONTEXT() REPRESENTATION_CONTEXT('2D SPACE',''
  ) );
#2037 = ORIENTED_EDGE('',*,*,#794,.T.);
#2038 = ORIENTED_EDGE('',*,*,#935,.T.);
#2039 = ORIENTED_EDGE('',*,*,#1227,.F.);
#2040 = ADVANCED_FACE('',(#2041),#840,.F.);
#2041 = FACE_BOUND('',#2042,.F.);
#2042 = EDGE_LOOP('',(#2043,#2044,#2066,#2093));
#2043 = ORIENTED_EDGE('',*,*,#822,.T.);
#2044 = ORIENTED_EDGE('',*,*,#2045,.T.);
#2045 = EDGE_CURVE('',#825,#2046,#2048,.T.);
#2046 = VERTEX_POINT('',#2047);
#2047 = CARTESIAN_POINT('',(48.6,-2.7,0.3));
#2048 = SURFACE_CURVE('',#2049,(#2052,#2059),.PCURVE_S1.);
#2049 = B_SPLINE_CURVE_WITH_KNOTS('',1,(#2050,#2051),.UNSPECIFIED.,.F.,
  .F.,(2,2),(0.,1.),.PIECEWISE_BEZIER_KNOTS.);
#2050 = CARTESIAN_POINT('',(49.2,-3.3,0.9));
#2051 = CARTESIAN_POINT('',(48.6,-2.7,0.3));
#2052 = PCURVE('',#840,#2053);
#2053 = DEFINITIONAL_REPRESENTATION('',(#2054),#2058);
#2054 = LINE('',#2055,#2056);
#2055 = CARTESIAN_POINT('',(7.1,0.));
#2056 = VECTOR('',#2057,1.);
#2057 = DIRECTION('',(0.,1.));
#2058 = ( GEOMETRIC_REPRESENTATION_CONTEXT(2) 
PARAMETRIC_REPRESENTATION_CONTEXT() REPRESENTATION_CONTEXT('2D SPACE',''
  ) );
#2059 = PCURVE('',#920,#2060);
#2060 = DEFINITIONAL_REPRESENTATION('',(#2061),#2065);
#2061 = LINE('',#2062,#2063);
#2062 = CARTESIAN_POINT('',(-3.8,0.));
#2063 = VECTOR('',#2064,1.);
#2064 = DIRECTION('',(0.,1.));
#2065 = ( GEOMETRIC_REPRESENTATION_CONTEXT(2) 
PARAMETRIC_REPRESENTATION_CONTEXT() REPRESENTATION_CONTEXT('2D SPACE',''
  ) );
#2066 = ORIENTED_EDGE('',*,*,#2067,.F.);
#2067 = EDGE_CURVE('',#2068,#2046,#2070,.T.);
#2068 = VERTEX_POINT('',#2069);
#2069 = CARTESIAN_POINT('',(35.6,-2.7,0.3));
#2070 = SURFACE_CURVE('',#2071,(#2075,#2081),.PCURVE_S1.);
#2071 = LINE('',#2072,#2073);
#2072 = CARTESIAN_POINT('',(42.1,-2.7,0.3));
#2073 = VECTOR('',#2074,1.);
#2074 = DIRECTION('',(1.,0.,0.));
#2075 = PCURVE('',#840,#2076);
#2076 = DEFINITIONAL_REPRESENTATION('',(#2077),#2080);
#2077 = B_SPLINE_CURVE_WITH_KNOTS('',1,(#2078,#2079),.UNSPECIFIED.,.F.,
  .F.,(2,2),(-6.5,6.5),.PIECEWISE_BEZIER_KNOTS.);
#2078 = CARTESIAN_POINT('',(-7.1,1.));
#2079 = CARTESIAN_POINT('',(7.1,1.));
#2080 = ( GEOMETRIC_REPRESENTATION_CONTEXT(2) 
PARAMETRIC_REPRESENTATION_CONTEXT() REPRESENTATION_CONTEXT('2D SPACE',''
  ) );
#2081 = PCURVE('',#2082,#2087);
#2082 = PLANE('',#2083);
#2083 = AXIS2_PLACEMENT_3D('',#2084,#2085,#2086);
#2084 = CARTESIAN_POINT('',(35.6,-2.7,0.3));
#2085 = DIRECTION('',(0.,1.,0.));
#2086 = DIRECTION('',(0.880471099922,0.,-0.474099823035));
#2087 = DEFINITIONAL_REPRESENTATION('',(#2088),#2092);
#2088 = LINE('',#2089,#2090);
#2089 = CARTESIAN_POINT('',(5.723062149494,-3.081648849728));
#2090 = VECTOR('',#2091,1.);
#2091 = DIRECTION('',(0.880471099922,-0.474099823035));
#2092 = ( GEOMETRIC_REPRESENTATION_CONTEXT(2) 
PARAMETRIC_REPRESENTATION_CONTEXT() REPRESENTATION_CONTEXT('2D SPACE',''
  ) );
#2093 = ORIENTED_EDGE('',*,*,#2094,.F.);
#2094 = EDGE_CURVE('',#823,#2068,#2095,.T.);
#2095 = SURFACE_CURVE('',#2096,(#2099,#2106),.PCURVE_S1.);
#2096 = B_SPLINE_CURVE_WITH_KNOTS('',1,(#2097,#2098),.UNSPECIFIED.,.F.,
  .F.,(2,2),(0.,1.),.PIECEWISE_BEZIER_KNOTS.);
#2097 = CARTESIAN_POINT('',(35.,-3.3,0.9));
#2098 = CARTESIAN_POINT('',(35.6,-2.7,0.3));
#2099 = PCURVE('',#840,#2100);
#2100 = DEFINITIONAL_REPRESENTATION('',(#2101),#2105);
#2101 = LINE('',#2102,#2103);
#2102 = CARTESIAN_POINT('',(-7.1,0.));
#2103 = VECTOR('',#2104,1.);
#2104 = DIRECTION('',(0.,1.));
#2105 = ( GEOMETRIC_REPRESENTATION_CONTEXT(2) 
PARAMETRIC_REPRESENTATION_CONTEXT() REPRESENTATION_CONTEXT('2D SPACE',''
  ) );
#2106 = PCURVE('',#868,#2107);
#2107 = DEFINITIONAL_REPRESENTATION('',(#2108),#2112);
#2108 = LINE('',#2109,#2110);
#2109 = CARTESIAN_POINT('',(3.8,0.));
#2110 = VECTOR('',#2111,1.);
#2111 = DIRECTION('',(0.,1.));
#2112 = ( GEOMETRIC_REPRESENTATION_CONTEXT(2) 
PARAMETRIC_REPRESENTATION_CONTEXT() REPRESENTATION_CONTEXT('2D SPACE',''
  ) );
#2113 = ADVANCED_FACE('',(#2114),#920,.F.);
#2114 = FACE_BOUND('',#2115,.F.);
#2115 = EDGE_LOOP('',(#2116,#2117,#2138,#2158));
#2116 = ORIENTED_EDGE('',*,*,#906,.T.);
#2117 = ORIENTED_EDGE('',*,*,#2118,.T.);
#2118 = EDGE_CURVE('',#881,#2119,#2121,.T.);
#2119 = VERTEX_POINT('',#2120);
#2120 = CARTESIAN_POINT('',(48.6,-2.7,-6.7));
#2121 = SURFACE_CURVE('',#2122,(#2125,#2132),.PCURVE_S1.);
#2122 = B_SPLINE_CURVE_WITH_KNOTS('',1,(#2123,#2124),.UNSPECIFIED.,.F.,
  .F.,(2,2),(0.,1.),.PIECEWISE_BEZIER_KNOTS.);
#2123 = CARTESIAN_POINT('',(49.2,-3.3,-6.7));
#2124 = CARTESIAN_POINT('',(48.6,-2.7,-6.7));
#2125 = PCURVE('',#920,#2126);
#2126 = DEFINITIONAL_REPRESENTATION('',(#2127),#2131);
#2127 = LINE('',#2128,#2129);
#2128 = CARTESIAN_POINT('',(3.8,0.));
#2129 = VECTOR('',#2130,1.);
#2130 = DIRECTION('',(0.,1.));
#2131 = ( GEOMETRIC_REPRESENTATION_CONTEXT(2) 
PARAMETRIC_REPRESENTATION_CONTEXT() REPRESENTATION_CONTEXT('2D SPACE',''
  ) );
#2132 = PCURVE('',#895,#2133);
#2133 = DEFINITIONAL_REPRESENTATION('',(#2134),#2137);
#2134 = B_SPLINE_CURVE_WITH_KNOTS('',1,(#2135,#2136),.UNSPECIFIED.,.F.,
  .F.,(2,2),(0.,1.),.PIECEWISE_BEZIER_KNOTS.);
#2135 = CARTESIAN_POINT('',(-7.1,-0.3));
#2136 = CARTESIAN_POINT('',(-6.5,0.3));
#2137 = ( GEOMETRIC_REPRESENTATION_CONTEXT(2) 
PARAMETRIC_REPRESENTATION_CONTEXT() REPRESENTATION_CONTEXT('2D SPACE',''
  ) );
#2138 = ORIENTED_EDGE('',*,*,#2139,.F.);
#2139 = EDGE_CURVE('',#2046,#2119,#2140,.T.);
#2140 = SURFACE_CURVE('',#2141,(#2145,#2151),.PCURVE_S1.);
#2141 = LINE('',#2142,#2143);
#2142 = CARTESIAN_POINT('',(48.6,-2.7,-3.2));
#2143 = VECTOR('',#2144,1.);
#2144 = DIRECTION('',(0.,0.,-1.));
#2145 = PCURVE('',#920,#2146);
#2146 = DEFINITIONAL_REPRESENTATION('',(#2147),#2150);
#2147 = B_SPLINE_CURVE_WITH_KNOTS('',1,(#2148,#2149),.UNSPECIFIED.,.F.,
  .F.,(2,2),(-3.5,3.5),.PIECEWISE_BEZIER_KNOTS.);
#2148 = CARTESIAN_POINT('',(-3.8,1.));
#2149 = CARTESIAN_POINT('',(3.8,1.));
#2150 = ( GEOMETRIC_REPRESENTATION_CONTEXT(2) 
PARAMETRIC_REPRESENTATION_CONTEXT() REPRESENTATION_CONTEXT('2D SPACE',''
  ) );
#2151 = PCURVE('',#2082,#2152);
#2152 = DEFINITIONAL_REPRESENTATION('',(#2153),#2157);
#2153 = LINE('',#2154,#2155);
#2154 = CARTESIAN_POINT('',(13.105473679611,-3.081648849728));
#2155 = VECTOR('',#2156,1.);
#2156 = DIRECTION('',(0.474099823035,0.880471099922));
#2157 = ( GEOMETRIC_REPRESENTATION_CONTEXT(2) 
PARAMETRIC_REPRESENTATION_CONTEXT() REPRESENTATION_CONTEXT('2D SPACE',''
  ) );
#2158 = ORIENTED_EDGE('',*,*,#2045,.F.);
#2159 = ADVANCED_FACE('',(#2160),#895,.F.);
#2160 = FACE_BOUND('',#2161,.F.);
#2161 = EDGE_LOOP('',(#2162,#2163,#2184,#2205));
#2162 = ORIENTED_EDGE('',*,*,#880,.T.);
#2163 = ORIENTED_EDGE('',*,*,#2164,.T.);
#2164 = EDGE_CURVE('',#853,#2165,#2167,.T.);
#2165 = VERTEX_POINT('',#2166);
#2166 = CARTESIAN_POINT('',(35.6,-2.7,-6.7));
#2167 = SURFACE_CURVE('',#2168,(#2171,#2177),.PCURVE_S1.);
#2168 = B_SPLINE_CURVE_WITH_KNOTS('',1,(#2169,#2170),.UNSPECIFIED.,.F.,
  .F.,(2,2),(0.,1.),.PIECEWISE_BEZIER_KNOTS.);
#2169 = CARTESIAN_POINT('',(35.,-3.3,-6.7));
#2170 = CARTESIAN_POINT('',(35.6,-2.7,-6.7));
#2171 = PCURVE('',#895,#2172);
#2172 = DEFINITIONAL_REPRESENTATION('',(#2173),#2176);
#2173 = B_SPLINE_CURVE_WITH_KNOTS('',1,(#2174,#2175),.UNSPECIFIED.,.F.,
  .F.,(2,2),(0.,1.),.PIECEWISE_BEZIER_KNOTS.);
#2174 = CARTESIAN_POINT('',(7.1,-0.3));
#2175 = CARTESIAN_POINT('',(6.5,0.3));
#2176 = ( GEOMETRIC_REPRESENTATION_CONTEXT(2) 
PARAMETRIC_REPRESENTATION_CONTEXT() REPRESENTATION_CONTEXT('2D SPACE',''
  ) );
#2177 = PCURVE('',#868,#2178);
#2178 = DEFINITIONAL_REPRESENTATION('',(#2179),#2183);
#2179 = LINE('',#2180,#2181);
#2180 = CARTESIAN_POINT('',(-3.8,0.));
#2181 = VECTOR('',#2182,1.);
#2182 = DIRECTION('',(0.,1.));
#2183 = ( GEOMETRIC_REPRESENTATION_CONTEXT(2) 
PARAMETRIC_REPRESENTATION_CONTEXT() REPRESENTATION_CONTEXT('2D SPACE',''
  ) );
#2184 = ORIENTED_EDGE('',*,*,#2185,.T.);
#2185 = EDGE_CURVE('',#2165,#2119,#2186,.T.);
#2186 = SURFACE_CURVE('',#2187,(#2191,#2198),.PCURVE_S1.);
#2187 = LINE('',#2188,#2189);
#2188 = CARTESIAN_POINT('',(42.1,-2.7,-6.7));
#2189 = VECTOR('',#2190,1.);
#2190 = DIRECTION('',(1.,0.,0.));
#2191 = PCURVE('',#895,#2192);
#2192 = DEFINITIONAL_REPRESENTATION('',(#2193),#2197);
#2193 = LINE('',#2194,#2195);
#2194 = CARTESIAN_POINT('',(-2.131636551079E-14,0.3));
#2195 = VECTOR('',#2196,1.);
#2196 = DIRECTION('',(-1.,-2.781266110254E-19));
#2197 = ( GEOMETRIC_REPRESENTATION_CONTEXT(2) 
PARAMETRIC_REPRESENTATION_CONTEXT() REPRESENTATION_CONTEXT('2D SPACE',''
  ) );
#2198 = PCURVE('',#2082,#2199);
#2199 = DEFINITIONAL_REPRESENTATION('',(#2200),#2204);
#2200 = LINE('',#2201,#2202);
#2201 = CARTESIAN_POINT('',(9.041760910739,3.081648849728));
#2202 = VECTOR('',#2203,1.);
#2203 = DIRECTION('',(0.880471099922,-0.474099823035));
#2204 = ( GEOMETRIC_REPRESENTATION_CONTEXT(2) 
PARAMETRIC_REPRESENTATION_CONTEXT() REPRESENTATION_CONTEXT('2D SPACE',''
  ) );
#2205 = ORIENTED_EDGE('',*,*,#2118,.F.);
#2206 = ADVANCED_FACE('',(#2207),#868,.F.);
#2207 = FACE_BOUND('',#2208,.F.);
#2208 = EDGE_LOOP('',(#2209,#2210,#2211,#2231));
#2209 = ORIENTED_EDGE('',*,*,#852,.F.);
#2210 = ORIENTED_EDGE('',*,*,#2094,.T.);
#2211 = ORIENTED_EDGE('',*,*,#2212,.T.);
#2212 = EDGE_CURVE('',#2068,#2165,#2213,.T.);
#2213 = SURFACE_CURVE('',#2214,(#2218,#2224),.PCURVE_S1.);
#2214 = LINE('',#2215,#2216);
#2215 = CARTESIAN_POINT('',(35.6,-2.7,-3.2));
#2216 = VECTOR('',#2217,1.);
#2217 = DIRECTION('',(0.,0.,-1.));
#2218 = PCURVE('',#868,#2219);
#2219 = DEFINITIONAL_REPRESENTATION('',(#2220),#2223);
#2220 = B_SPLINE_CURVE_WITH_KNOTS('',1,(#2221,#2222),.UNSPECIFIED.,.F.,
  .F.,(2,2),(-3.5,3.5),.PIECEWISE_BEZIER_KNOTS.);
#2221 = CARTESIAN_POINT('',(3.8,1.));
#2222 = CARTESIAN_POINT('',(-3.8,1.));
#2223 = ( GEOMETRIC_REPRESENTATION_CONTEXT(2) 
PARAMETRIC_REPRESENTATION_CONTEXT() REPRESENTATION_CONTEXT('2D SPACE',''
  ) );
#2224 = PCURVE('',#2082,#2225);
#2225 = DEFINITIONAL_REPRESENTATION('',(#2226),#2230);
#2226 = LINE('',#2227,#2228);
#2227 = CARTESIAN_POINT('',(1.659349380623,3.081648849728));
#2228 = VECTOR('',#2229,1.);
#2229 = DIRECTION('',(0.474099823035,0.880471099922));
#2230 = ( GEOMETRIC_REPRESENTATION_CONTEXT(2) 
PARAMETRIC_REPRESENTATION_CONTEXT() REPRESENTATION_CONTEXT('2D SPACE',''
  ) );
#2231 = ORIENTED_EDGE('',*,*,#2164,.F.);
#2232 = ADVANCED_FACE('',(#2233),#1010,.F.);
#2233 = FACE_BOUND('',#2234,.T.);
#2234 = EDGE_LOOP('',(#2235,#2263,#2296,#2322,#2351,#2377,#2410,#2436,
    #2465,#2466));
#2235 = ORIENTED_EDGE('',*,*,#2236,.F.);
#2236 = EDGE_CURVE('',#2237,#2239,#2241,.T.);
#2237 = VERTEX_POINT('',#2238);
#2238 = CARTESIAN_POINT('',(6.7,100.3,0.3));
#2239 = VERTEX_POINT('',#2240);
#2240 = CARTESIAN_POINT('',(6.7,100.3,-7.1));
#2241 = SURFACE_CURVE('',#2242,(#2246,#2252),.PCURVE_S1.);
#2242 = LINE('',#2243,#2244);
#2243 = CARTESIAN_POINT('',(6.7,100.3,-8.5));
#2244 = VECTOR('',#2245,1.);
#2245 = DIRECTION('',(-0.,-0.,-1.));
#2246 = PCURVE('',#1010,#2247);
#2247 = DEFINITIONAL_REPRESENTATION('',(#2248),#2251);
#2248 = B_SPLINE_CURVE_WITH_KNOTS('',1,(#2249,#2250),.UNSPECIFIED.,.F.,
  .F.,(2,2),(-9.58,-0.22),.PIECEWISE_BEZIER_KNOTS.);
#2249 = CARTESIAN_POINT('',(-0.927295218002,-9.58));
#2250 = CARTESIAN_POINT('',(-0.927295218002,-0.22));
#2251 = ( GEOMETRIC_REPRESENTATION_CONTEXT(2) 
PARAMETRIC_REPRESENTATION_CONTEXT() REPRESENTATION_CONTEXT('2D SPACE',''
  ) );
#2252 = PCURVE('',#2253,#2258);
#2253 = PLANE('',#2254);
#2254 = AXIS2_PLACEMENT_3D('',#2255,#2256,#2257);
#2255 = CARTESIAN_POINT('',(5.299999999999,100.3,-8.5));
#2256 = DIRECTION('',(0.,1.,0.));
#2257 = DIRECTION('',(1.,0.,0.));
#2258 = DEFINITIONAL_REPRESENTATION('',(#2259),#2262);
#2259 = B_SPLINE_CURVE_WITH_KNOTS('',1,(#2260,#2261),.UNSPECIFIED.,.F.,
  .F.,(2,2),(-9.58,-0.22),.PIECEWISE_BEZIER_KNOTS.);
#2260 = CARTESIAN_POINT('',(1.400000000001,-9.58));
#2261 = CARTESIAN_POINT('',(1.400000000001,-0.22));
#2262 = ( GEOMETRIC_REPRESENTATION_CONTEXT(2) 
PARAMETRIC_REPRESENTATION_CONTEXT() REPRESENTATION_CONTEXT('2D SPACE',''
  ) );
#2263 = ORIENTED_EDGE('',*,*,#2264,.T.);
#2264 = EDGE_CURVE('',#2237,#2265,#2267,.T.);
#2265 = VERTEX_POINT('',#2266);
#2266 = CARTESIAN_POINT('',(7.842463035442,99.1,0.3));
#2267 = SURFACE_CURVE('',#2268,(#2273,#2280),.PCURVE_S1.);
#2268 = CIRCLE('',#2269,5.);
#2269 = AXIS2_PLACEMENT_3D('',#2270,#2271,#2272);
#2270 = CARTESIAN_POINT('',(3.7,96.3,0.3));
#2271 = DIRECTION('',(0.,0.,-1.));
#2272 = DIRECTION('',(1.,0.,0.));
#2273 = PCURVE('',#1010,#2274);
#2274 = DEFINITIONAL_REPRESENTATION('',(#2275),#2279);
#2275 = LINE('',#2276,#2277);
#2276 = CARTESIAN_POINT('',(-6.28318530718,-8.8));
#2277 = VECTOR('',#2278,1.);
#2278 = DIRECTION('',(1.,-0.));
#2279 = ( GEOMETRIC_REPRESENTATION_CONTEXT(2) 
PARAMETRIC_REPRESENTATION_CONTEXT() REPRESENTATION_CONTEXT('2D SPACE',''
  ) );
#2280 = PCURVE('',#2281,#2286);
#2281 = PLANE('',#2282);
#2282 = AXIS2_PLACEMENT_3D('',#2283,#2284,#2285);
#2283 = CARTESIAN_POINT('',(42.099999997988,50.,0.3));
#2284 = DIRECTION('',(0.,0.,1.));
#2285 = DIRECTION('',(1.,0.,-0.));
#2286 = DEFINITIONAL_REPRESENTATION('',(#2287),#2295);
#2287 = ( BOUNDED_CURVE() B_SPLINE_CURVE(2,(#2288,#2289,#2290,#2291,
#2292,#2293,#2294),.UNSPECIFIED.,.T.,.F.) B_SPLINE_CURVE_WITH_KNOTS((1,2
    ,2,2,2,1),(-2.094395102393,0.,2.094395102393,4.188790204786,
6.28318530718,8.377580409573),.UNSPECIFIED.) CURVE() 
GEOMETRIC_REPRESENTATION_ITEM() RATIONAL_B_SPLINE_CURVE((1.,0.5,1.,0.5,
1.,0.5,1.)) REPRESENTATION_ITEM('') );
#2288 = CARTESIAN_POINT('',(-33.39999999798,46.3));
#2289 = CARTESIAN_POINT('',(-33.39999999798,37.639745962156));
#2290 = CARTESIAN_POINT('',(-40.89999999798,41.969872981078));
#2291 = CARTESIAN_POINT('',(-48.39999999798,46.3));
#2292 = CARTESIAN_POINT('',(-40.89999999798,50.630127018922));
#2293 = CARTESIAN_POINT('',(-33.39999999798,54.960254037844));
#2294 = CARTESIAN_POINT('',(-33.39999999798,46.3));
#2295 = ( GEOMETRIC_REPRESENTATION_CONTEXT(2) 
PARAMETRIC_REPRESENTATION_CONTEXT() REPRESENTATION_CONTEXT('2D SPACE',''
  ) );
#2296 = ORIENTED_EDGE('',*,*,#2297,.F.);
#2297 = EDGE_CURVE('',#2298,#2265,#2300,.T.);
#2298 = VERTEX_POINT('',#2299);
#2299 = CARTESIAN_POINT('',(7.842463035442,99.1,1.5));
#2300 = SURFACE_CURVE('',#2301,(#2305,#2311),.PCURVE_S1.);
#2301 = LINE('',#2302,#2303);
#2302 = CARTESIAN_POINT('',(7.842463035442,99.1,-8.5));
#2303 = VECTOR('',#2304,1.);
#2304 = DIRECTION('',(-0.,-0.,-1.));
#2305 = PCURVE('',#1010,#2306);
#2306 = DEFINITIONAL_REPRESENTATION('',(#2307),#2310);
#2307 = B_SPLINE_CURVE_WITH_KNOTS('',1,(#2308,#2309),.UNSPECIFIED.,.F.,
  .F.,(2,2),(-10.0000006,-8.49),.PIECEWISE_BEZIER_KNOTS.);
#2308 = CARTESIAN_POINT('',(-0.594385800001,-10.0000006));
#2309 = CARTESIAN_POINT('',(-0.594385800001,-8.49));
#2310 = ( GEOMETRIC_REPRESENTATION_CONTEXT(2) 
PARAMETRIC_REPRESENTATION_CONTEXT() REPRESENTATION_CONTEXT('2D SPACE',''
  ) );
#2311 = PCURVE('',#2312,#2317);
#2312 = PLANE('',#2313);
#2313 = AXIS2_PLACEMENT_3D('',#2314,#2315,#2316);
#2314 = CARTESIAN_POINT('',(5.299999999999,99.1,-0.7));
#2315 = DIRECTION('',(0.,1.,0.));
#2316 = DIRECTION('',(1.,0.,0.));
#2317 = DEFINITIONAL_REPRESENTATION('',(#2318),#2321);
#2318 = B_SPLINE_CURVE_WITH_KNOTS('',1,(#2319,#2320),.UNSPECIFIED.,.F.,
  .F.,(2,2),(-10.0000006,-8.49),.PIECEWISE_BEZIER_KNOTS.);
#2319 = CARTESIAN_POINT('',(2.542463035443,-2.2000006));
#2320 = CARTESIAN_POINT('',(2.542463035443,-0.69));
#2321 = ( GEOMETRIC_REPRESENTATION_CONTEXT(2) 
PARAMETRIC_REPRESENTATION_CONTEXT() REPRESENTATION_CONTEXT('2D SPACE',''
  ) );
#2322 = ORIENTED_EDGE('',*,*,#2323,.T.);
#2323 = EDGE_CURVE('',#2298,#2324,#2326,.T.);
#2324 = VERTEX_POINT('',#2325);
#2325 = CARTESIAN_POINT('',(0.900000000001,92.157536964558,1.5));
#2326 = SURFACE_CURVE('',#2327,(#2332,#2339),.PCURVE_S1.);
#2327 = CIRCLE('',#2328,5.);
#2328 = AXIS2_PLACEMENT_3D('',#2329,#2330,#2331);
#2329 = CARTESIAN_POINT('',(3.7,96.3,1.5));
#2330 = DIRECTION('',(0.,0.,1.));
#2331 = DIRECTION('',(1.,0.,0.));
#2332 = PCURVE('',#1010,#2333);
#2333 = DEFINITIONAL_REPRESENTATION('',(#2334),#2338);
#2334 = LINE('',#2335,#2336);
#2335 = CARTESIAN_POINT('',(-0.,-10.));
#2336 = VECTOR('',#2337,1.);
#2337 = DIRECTION('',(-1.,0.));
#2338 = ( GEOMETRIC_REPRESENTATION_CONTEXT(2) 
PARAMETRIC_REPRESENTATION_CONTEXT() REPRESENTATION_CONTEXT('2D SPACE',''
  ) );
#2339 = PCURVE('',#2340,#2345);
#2340 = PLANE('',#2341);
#2341 = AXIS2_PLACEMENT_3D('',#2342,#2343,#2344);
#2342 = CARTESIAN_POINT('',(3.7,96.3,1.5));
#2343 = DIRECTION('',(0.,0.,1.));
#2344 = DIRECTION('',(1.,0.,0.));
#2345 = DEFINITIONAL_REPRESENTATION('',(#2346),#2350);
#2346 = CIRCLE('',#2347,5.);
#2347 = AXIS2_PLACEMENT_2D('',#2348,#2349);
#2348 = CARTESIAN_POINT('',(4.440892098501E-16,0.));
#2349 = DIRECTION('',(1.,0.));
#2350 = ( GEOMETRIC_REPRESENTATION_CONTEXT(2) 
PARAMETRIC_REPRESENTATION_CONTEXT() REPRESENTATION_CONTEXT('2D SPACE',''
  ) );
#2351 = ORIENTED_EDGE('',*,*,#2352,.T.);
#2352 = EDGE_CURVE('',#2324,#2353,#2355,.T.);
#2353 = VERTEX_POINT('',#2354);
#2354 = CARTESIAN_POINT('',(0.900000000001,92.157536964558,0.3));
#2355 = SURFACE_CURVE('',#2356,(#2360,#2366),.PCURVE_S1.);
#2356 = LINE('',#2357,#2358);
#2357 = CARTESIAN_POINT('',(0.900000000001,92.157536964558,-8.5));
#2358 = VECTOR('',#2359,1.);
#2359 = DIRECTION('',(-0.,-0.,-1.));
#2360 = PCURVE('',#1010,#2361);
#2361 = DEFINITIONAL_REPRESENTATION('',(#2362),#2365);
#2362 = B_SPLINE_CURVE_WITH_KNOTS('',1,(#2363,#2364),.UNSPECIFIED.,.F.,
  .F.,(2,2),(-10.0000006,-8.49),.PIECEWISE_BEZIER_KNOTS.);
#2363 = CARTESIAN_POINT('',(-4.118003180384,-10.0000006));
#2364 = CARTESIAN_POINT('',(-4.118003180384,-8.49));
#2365 = ( GEOMETRIC_REPRESENTATION_CONTEXT(2) 
PARAMETRIC_REPRESENTATION_CONTEXT() REPRESENTATION_CONTEXT('2D SPACE',''
  ) );
#2366 = PCURVE('',#2367,#2372);
#2367 = PLANE('',#2368);
#2368 = AXIS2_PLACEMENT_3D('',#2369,#2370,#2371);
#2369 = CARTESIAN_POINT('',(0.900000000001,5.3,-0.7));
#2370 = DIRECTION('',(-1.,0.,0.));
#2371 = DIRECTION('',(0.,1.,0.));
#2372 = DEFINITIONAL_REPRESENTATION('',(#2373),#2376);
#2373 = B_SPLINE_CURVE_WITH_KNOTS('',1,(#2374,#2375),.UNSPECIFIED.,.F.,
  .F.,(2,2),(-10.0000006,-8.49),.PIECEWISE_BEZIER_KNOTS.);
#2374 = CARTESIAN_POINT('',(86.857536964558,-2.2000006));
#2375 = CARTESIAN_POINT('',(86.857536964558,-0.69));
#2376 = ( GEOMETRIC_REPRESENTATION_CONTEXT(2) 
PARAMETRIC_REPRESENTATION_CONTEXT() REPRESENTATION_CONTEXT('2D SPACE',''
  ) );
#2377 = ORIENTED_EDGE('',*,*,#2378,.T.);
#2378 = EDGE_CURVE('',#2353,#2379,#2381,.T.);
#2379 = VERTEX_POINT('',#2380);
#2380 = CARTESIAN_POINT('',(-0.299999999999,93.299999999999,0.3));
#2381 = SURFACE_CURVE('',#2382,(#2387,#2394),.PCURVE_S1.);
#2382 = CIRCLE('',#2383,5.);
#2383 = AXIS2_PLACEMENT_3D('',#2384,#2385,#2386);
#2384 = CARTESIAN_POINT('',(3.7,96.3,0.3));
#2385 = DIRECTION('',(0.,0.,-1.));
#2386 = DIRECTION('',(1.,0.,0.));
#2387 = PCURVE('',#1010,#2388);
#2388 = DEFINITIONAL_REPRESENTATION('',(#2389),#2393);
#2389 = LINE('',#2390,#2391);
#2390 = CARTESIAN_POINT('',(-6.28318530718,-8.8));
#2391 = VECTOR('',#2392,1.);
#2392 = DIRECTION('',(1.,-0.));
#2393 = ( GEOMETRIC_REPRESENTATION_CONTEXT(2) 
PARAMETRIC_REPRESENTATION_CONTEXT() REPRESENTATION_CONTEXT('2D SPACE',''
  ) );
#2394 = PCURVE('',#2395,#2400);
#2395 = PLANE('',#2396);
#2396 = AXIS2_PLACEMENT_3D('',#2397,#2398,#2399);
#2397 = CARTESIAN_POINT('',(42.099999997988,50.,0.3));
#2398 = DIRECTION('',(0.,0.,1.));
#2399 = DIRECTION('',(1.,0.,-0.));
#2400 = DEFINITIONAL_REPRESENTATION('',(#2401),#2409);
#2401 = ( BOUNDED_CURVE() B_SPLINE_CURVE(2,(#2402,#2403,#2404,#2405,
#2406,#2407,#2408),.UNSPECIFIED.,.T.,.F.) B_SPLINE_CURVE_WITH_KNOTS((1,2
    ,2,2,2,1),(-2.094395102393,0.,2.094395102393,4.188790204786,
6.28318530718,8.377580409573),.UNSPECIFIED.) CURVE() 
GEOMETRIC_REPRESENTATION_ITEM() RATIONAL_B_SPLINE_CURVE((1.,0.5,1.,0.5,
1.,0.5,1.)) REPRESENTATION_ITEM('') );
#2402 = CARTESIAN_POINT('',(-33.39999999798,46.3));
#2403 = CARTESIAN_POINT('',(-33.39999999798,37.639745962156));
#2404 = CARTESIAN_POINT('',(-40.89999999798,41.969872981078));
#2405 = CARTESIAN_POINT('',(-48.39999999798,46.3));
#2406 = CARTESIAN_POINT('',(-40.89999999798,50.630127018922));
#2407 = CARTESIAN_POINT('',(-33.39999999798,54.960254037844));
#2408 = CARTESIAN_POINT('',(-33.39999999798,46.3));
#2409 = ( GEOMETRIC_REPRESENTATION_CONTEXT(2) 
PARAMETRIC_REPRESENTATION_CONTEXT() REPRESENTATION_CONTEXT('2D SPACE',''
  ) );
#2410 = ORIENTED_EDGE('',*,*,#2411,.T.);
#2411 = EDGE_CURVE('',#2379,#2412,#2414,.T.);
#2412 = VERTEX_POINT('',#2413);
#2413 = CARTESIAN_POINT('',(-0.299999999999,93.299999999999,-7.1));
#2414 = SURFACE_CURVE('',#2415,(#2419,#2425),.PCURVE_S1.);
#2415 = LINE('',#2416,#2417);
#2416 = CARTESIAN_POINT('',(-0.299999999999,93.299999999999,-8.5));
#2417 = VECTOR('',#2418,1.);
#2418 = DIRECTION('',(-0.,-0.,-1.));
#2419 = PCURVE('',#1010,#2420);
#2420 = DEFINITIONAL_REPRESENTATION('',(#2421),#2424);
#2421 = B_SPLINE_CURVE_WITH_KNOTS('',1,(#2422,#2423),.UNSPECIFIED.,.F.,
  .F.,(2,2),(-9.58,-0.22),.PIECEWISE_BEZIER_KNOTS.);
#2422 = CARTESIAN_POINT('',(-3.785093762383,-9.58));
#2423 = CARTESIAN_POINT('',(-3.785093762383,-0.22));
#2424 = ( GEOMETRIC_REPRESENTATION_CONTEXT(2) 
PARAMETRIC_REPRESENTATION_CONTEXT() REPRESENTATION_CONTEXT('2D SPACE',''
  ) );
#2425 = PCURVE('',#2426,#2431);
#2426 = PLANE('',#2427);
#2427 = AXIS2_PLACEMENT_3D('',#2428,#2429,#2430);
#2428 = CARTESIAN_POINT('',(-0.299999999999,5.3,-8.5));
#2429 = DIRECTION('',(-1.,0.,0.));
#2430 = DIRECTION('',(0.,1.,0.));
#2431 = DEFINITIONAL_REPRESENTATION('',(#2432),#2435);
#2432 = B_SPLINE_CURVE_WITH_KNOTS('',1,(#2433,#2434),.UNSPECIFIED.,.F.,
  .F.,(2,2),(-9.58,-0.22),.PIECEWISE_BEZIER_KNOTS.);
#2433 = CARTESIAN_POINT('',(87.999999999999,-9.58));
#2434 = CARTESIAN_POINT('',(87.999999999999,-0.22));
#2435 = ( GEOMETRIC_REPRESENTATION_CONTEXT(2) 
PARAMETRIC_REPRESENTATION_CONTEXT() REPRESENTATION_CONTEXT('2D SPACE',''
  ) );
#2436 = ORIENTED_EDGE('',*,*,#2437,.F.);
#2437 = EDGE_CURVE('',#988,#2412,#2438,.T.);
#2438 = SURFACE_CURVE('',#2439,(#2444,#2454),.PCURVE_S1.);
#2439 = ELLIPSE('',#2440,7.071067811865,5.);
#2440 = AXIS2_PLACEMENT_3D('',#2441,#2442,#2443);
#2441 = CARTESIAN_POINT('',(3.7,96.3,-3.100000000001));
#2442 = DIRECTION('',(-0.707106781187,-1.102531706024E-18,0.707106781187
    ));
#2443 = DIRECTION('',(-0.707106781187,-1.102531706024E-18,
    -0.707106781187));
#2444 = PCURVE('',#1010,#2445);
#2445 = DEFINITIONAL_REPRESENTATION('',(#2446),#2453);
#2446 = B_SPLINE_CURVE_WITH_KNOTS('',5,(#2447,#2448,#2449,#2450,#2451,
    #2452),.UNSPECIFIED.,.F.,.F.,(6,6),(0.494934126341,0.643501108794),
  .PIECEWISE_BEZIER_KNOTS.);
#2447 = CARTESIAN_POINT('',(-3.636526779931,-1.));
#2448 = CARTESIAN_POINT('',(-3.666240176421,-1.070565406899));
#2449 = CARTESIAN_POINT('',(-3.695953572912,-1.145986685035));
#2450 = CARTESIAN_POINT('',(-3.725666969402,-1.226134049343));
#2451 = CARTESIAN_POINT('',(-3.755380365893,-1.310859810529));
#2452 = CARTESIAN_POINT('',(-3.785093762383,-1.4));
#2453 = ( GEOMETRIC_REPRESENTATION_CONTEXT(2) 
PARAMETRIC_REPRESENTATION_CONTEXT() REPRESENTATION_CONTEXT('2D SPACE',''
  ) );
#2454 = PCURVE('',#1211,#2455);
#2455 = DEFINITIONAL_REPRESENTATION('',(#2456),#2464);
#2456 = ( BOUNDED_CURVE() B_SPLINE_CURVE(2,(#2457,#2458,#2459,#2460,
#2461,#2462,#2463),.UNSPECIFIED.,.T.,.F.) B_SPLINE_CURVE_WITH_KNOTS((1,2
    ,2,2,2,1),(-2.094395102393,0.,2.094395102393,4.188790204786,
6.28318530718,8.377580409573),.UNSPECIFIED.) CURVE() 
GEOMETRIC_REPRESENTATION_ITEM() RATIONAL_B_SPLINE_CURVE((1.,0.5,1.,0.5,
1.,0.5,1.)) REPRESENTATION_ITEM('') );
#2457 = CARTESIAN_POINT('',(3.000000000001,-1.1313708499));
#2458 = CARTESIAN_POINT('',(-5.660254037844,-1.1313708499));
#2459 = CARTESIAN_POINT('',(-1.330127018921,9.475230867899));
#2460 = CARTESIAN_POINT('',(3.000000000001,20.081832585697));
#2461 = CARTESIAN_POINT('',(7.330127018923,9.475230867899));
#2462 = CARTESIAN_POINT('',(11.660254037845,-1.1313708499));
#2463 = CARTESIAN_POINT('',(3.000000000001,-1.1313708499));
#2464 = ( GEOMETRIC_REPRESENTATION_CONTEXT(2) 
PARAMETRIC_REPRESENTATION_CONTEXT() REPRESENTATION_CONTEXT('2D SPACE',''
  ) );
#2465 = ORIENTED_EDGE('',*,*,#987,.T.);
#2466 = ORIENTED_EDGE('',*,*,#2467,.T.);
#2467 = EDGE_CURVE('',#990,#2239,#2468,.T.);
#2468 = SURFACE_CURVE('',#2469,(#2474,#2484),.PCURVE_S1.);
#2469 = ELLIPSE('',#2470,7.071067811865,5.);
#2470 = AXIS2_PLACEMENT_3D('',#2471,#2472,#2473);
#2471 = CARTESIAN_POINT('',(3.7,96.3,-3.1));
#2472 = DIRECTION('',(4.119781047821E-18,-0.707106781187,-0.707106781187
    ));
#2473 = DIRECTION('',(-4.119781047821E-18,0.707106781187,-0.707106781187
    ));
#2474 = PCURVE('',#1010,#2475);
#2475 = DEFINITIONAL_REPRESENTATION('',(#2476),#2483);
#2476 = B_SPLINE_CURVE_WITH_KNOTS('',5,(#2477,#2478,#2479,#2480,#2481,
    #2482),.UNSPECIFIED.,.F.,.F.,(6,6),(0.494934126341,0.643501108793),
  .PIECEWISE_BEZIER_KNOTS.);
#2477 = CARTESIAN_POINT('',(-1.075862200454,-1.));
#2478 = CARTESIAN_POINT('',(-1.046148803964,-1.070565406899));
#2479 = CARTESIAN_POINT('',(-1.016435407473,-1.145986685035));
#2480 = CARTESIAN_POINT('',(-0.986722010983,-1.226134049343));
#2481 = CARTESIAN_POINT('',(-0.957008614492,-1.310859810529));
#2482 = CARTESIAN_POINT('',(-0.927295218002,-1.4));
#2483 = ( GEOMETRIC_REPRESENTATION_CONTEXT(2) 
PARAMETRIC_REPRESENTATION_CONTEXT() REPRESENTATION_CONTEXT('2D SPACE',''
  ) );
#2484 = PCURVE('',#1038,#2485);
#2485 = DEFINITIONAL_REPRESENTATION('',(#2486),#2490);
#2486 = ELLIPSE('',#2487,7.071067811865,5.);
#2487 = AXIS2_PLACEMENT_2D('',#2488,#2489);
#2488 = CARTESIAN_POINT('',(-73.8,5.939696961967));
#2489 = DIRECTION('',(-4.119781047821E-18,-1.));
#2490 = ( GEOMETRIC_REPRESENTATION_CONTEXT(2) 
PARAMETRIC_REPRESENTATION_CONTEXT() REPRESENTATION_CONTEXT('2D SPACE',''
  ) );
#2491 = ADVANCED_FACE('',(#2492),#1211,.T.);
#2492 = FACE_BOUND('',#2493,.F.);
#2493 = EDGE_LOOP('',(#2494,#2495,#2496,#2523));
#2494 = ORIENTED_EDGE('',*,*,#2437,.F.);
#2495 = ORIENTED_EDGE('',*,*,#1197,.T.);
#2496 = ORIENTED_EDGE('',*,*,#2497,.T.);
#2497 = EDGE_CURVE('',#1165,#2498,#2500,.T.);
#2498 = VERTEX_POINT('',#2499);
#2499 = CARTESIAN_POINT('',(-0.299999999999,6.700000000001,-7.1));
#2500 = SURFACE_CURVE('',#2501,(#2506,#2513),.PCURVE_S1.);
#2501 = ELLIPSE('',#2502,7.071067811865,5.);
#2502 = AXIS2_PLACEMENT_3D('',#2503,#2504,#2505);
#2503 = CARTESIAN_POINT('',(3.7,3.7,-3.100000000001));
#2504 = DIRECTION('',(0.707106781187,1.102531706024E-18,-0.707106781187)
  );
#2505 = DIRECTION('',(-0.707106781187,-1.102531706024E-18,
    -0.707106781187));
#2506 = PCURVE('',#1211,#2507);
#2507 = DEFINITIONAL_REPRESENTATION('',(#2508),#2512);
#2508 = ELLIPSE('',#2509,7.071067811865,5.);
#2509 = AXIS2_PLACEMENT_2D('',#2510,#2511);
#2510 = CARTESIAN_POINT('',(-89.59999999999,5.939696961966));
#2511 = DIRECTION('',(-1.102531706024E-18,-1.));
#2512 = ( GEOMETRIC_REPRESENTATION_CONTEXT(2) 
PARAMETRIC_REPRESENTATION_CONTEXT() REPRESENTATION_CONTEXT('2D SPACE',''
  ) );
#2513 = PCURVE('',#1185,#2514);
#2514 = DEFINITIONAL_REPRESENTATION('',(#2515),#2522);
#2515 = B_SPLINE_CURVE_WITH_KNOTS('',5,(#2516,#2517,#2518,#2519,#2520,
    #2521),.UNSPECIFIED.,.F.,.F.,(6,6),(0.494934126341,0.643501108794),
  .PIECEWISE_BEZIER_KNOTS.);
#2516 = CARTESIAN_POINT('',(-2.646658527249,-1.));
#2517 = CARTESIAN_POINT('',(-2.616945130758,-1.070565406899));
#2518 = CARTESIAN_POINT('',(-2.587231734268,-1.145986685035));
#2519 = CARTESIAN_POINT('',(-2.557518337777,-1.226134049343));
#2520 = CARTESIAN_POINT('',(-2.527804941287,-1.310859810529));
#2521 = CARTESIAN_POINT('',(-2.498091544796,-1.4));
#2522 = ( GEOMETRIC_REPRESENTATION_CONTEXT(2) 
PARAMETRIC_REPRESENTATION_CONTEXT() REPRESENTATION_CONTEXT('2D SPACE',''
  ) );
#2523 = ORIENTED_EDGE('',*,*,#2524,.F.);
#2524 = EDGE_CURVE('',#2412,#2498,#2525,.T.);
#2525 = SURFACE_CURVE('',#2526,(#2530,#2537),.PCURVE_S1.);
#2526 = LINE('',#2527,#2528);
#2527 = CARTESIAN_POINT('',(-0.299999999999,93.299999999999,-7.1));
#2528 = VECTOR('',#2529,1.);
#2529 = DIRECTION('',(0.,-1.,0.));
#2530 = PCURVE('',#1211,#2531);
#2531 = DEFINITIONAL_REPRESENTATION('',(#2532),#2536);
#2532 = LINE('',#2533,#2534);
#2533 = CARTESIAN_POINT('',(-0.,0.282842712475));
#2534 = VECTOR('',#2535,1.);
#2535 = DIRECTION('',(-1.,0.));
#2536 = ( GEOMETRIC_REPRESENTATION_CONTEXT(2) 
PARAMETRIC_REPRESENTATION_CONTEXT() REPRESENTATION_CONTEXT('2D SPACE',''
  ) );
#2537 = PCURVE('',#2426,#2538);
#2538 = DEFINITIONAL_REPRESENTATION('',(#2539),#2543);
#2539 = LINE('',#2540,#2541);
#2540 = CARTESIAN_POINT('',(87.999999999999,-1.4));
#2541 = VECTOR('',#2542,1.);
#2542 = DIRECTION('',(-1.,0.));
#2543 = ( GEOMETRIC_REPRESENTATION_CONTEXT(2) 
PARAMETRIC_REPRESENTATION_CONTEXT() REPRESENTATION_CONTEXT('2D SPACE',''
  ) );
#2544 = ADVANCED_FACE('',(#2545),#1038,.T.);
#2545 = FACE_BOUND('',#2546,.F.);
#2546 = EDGE_LOOP('',(#2547,#2578,#2579,#2580));
#2547 = ORIENTED_EDGE('',*,*,#2548,.F.);
#2548 = EDGE_CURVE('',#1023,#2549,#2551,.T.);
#2549 = VERTEX_POINT('',#2550);
#2550 = CARTESIAN_POINT('',(77.5,100.3,-7.1));
#2551 = SURFACE_CURVE('',#2552,(#2557,#2568),.PCURVE_S1.);
#2552 = ELLIPSE('',#2553,7.071067811865,5.);
#2553 = AXIS2_PLACEMENT_3D('',#2554,#2555,#2556);
#2554 = CARTESIAN_POINT('',(80.5,96.3,-3.1));
#2555 = DIRECTION('',(-4.119781047821E-18,0.707106781187,0.707106781187)
  );
#2556 = DIRECTION('',(-4.119781047821E-18,0.707106781187,-0.707106781187
    ));
#2557 = PCURVE('',#1038,#2558);
#2558 = DEFINITIONAL_REPRESENTATION('',(#2559),#2567);
#2559 = ( BOUNDED_CURVE() B_SPLINE_CURVE(2,(#2560,#2561,#2562,#2563,
#2564,#2565,#2566),.UNSPECIFIED.,.T.,.F.) B_SPLINE_CURVE_WITH_KNOTS((1,2
    ,2,2,2,1),(-2.094395102393,0.,2.094395102393,4.188790204786,
6.28318530718,8.377580409573),.UNSPECIFIED.) CURVE() 
GEOMETRIC_REPRESENTATION_ITEM() RATIONAL_B_SPLINE_CURVE((1.,0.5,1.,0.5,
1.,0.5,1.)) REPRESENTATION_ITEM('') );
#2560 = CARTESIAN_POINT('',(3.,-1.131370849898));
#2561 = CARTESIAN_POINT('',(-5.660254037844,-1.131370849898));
#2562 = CARTESIAN_POINT('',(-1.330127018922,9.4752308679));
#2563 = CARTESIAN_POINT('',(3.,20.081832585698));
#2564 = CARTESIAN_POINT('',(7.330127018922,9.4752308679));
#2565 = CARTESIAN_POINT('',(11.660254037845,-1.131370849898));
#2566 = CARTESIAN_POINT('',(3.,-1.131370849898));
#2567 = ( GEOMETRIC_REPRESENTATION_CONTEXT(2) 
PARAMETRIC_REPRESENTATION_CONTEXT() REPRESENTATION_CONTEXT('2D SPACE',''
  ) );
#2568 = PCURVE('',#1067,#2569);
#2569 = DEFINITIONAL_REPRESENTATION('',(#2570),#2577);
#2570 = B_SPLINE_CURVE_WITH_KNOTS('',5,(#2571,#2572,#2573,#2574,#2575,
    #2576),.UNSPECIFIED.,.F.,.F.,(6,6),(0.494934126341,0.643501108793),
  .PIECEWISE_BEZIER_KNOTS.);
#2571 = CARTESIAN_POINT('',(-8.348915760315,-1.));
#2572 = CARTESIAN_POINT('',(-8.378629156806,-1.070565406899));
#2573 = CARTESIAN_POINT('',(-8.408342553296,-1.145986685035));
#2574 = CARTESIAN_POINT('',(-8.438055949787,-1.226134049343));
#2575 = CARTESIAN_POINT('',(-8.467769346277,-1.310859810529));
#2576 = CARTESIAN_POINT('',(-8.497482742768,-1.4));
#2577 = ( GEOMETRIC_REPRESENTATION_CONTEXT(2) 
PARAMETRIC_REPRESENTATION_CONTEXT() REPRESENTATION_CONTEXT('2D SPACE',''
  ) );
#2578 = ORIENTED_EDGE('',*,*,#1022,.T.);
#2579 = ORIENTED_EDGE('',*,*,#2467,.T.);
#2580 = ORIENTED_EDGE('',*,*,#2581,.F.);
#2581 = EDGE_CURVE('',#2549,#2239,#2582,.T.);
#2582 = SURFACE_CURVE('',#2583,(#2587,#2594),.PCURVE_S1.);
#2583 = LINE('',#2584,#2585);
#2584 = CARTESIAN_POINT('',(77.5,100.3,-7.1));
#2585 = VECTOR('',#2586,1.);
#2586 = DIRECTION('',(-1.,0.,0.));
#2587 = PCURVE('',#1038,#2588);
#2588 = DEFINITIONAL_REPRESENTATION('',(#2589),#2593);
#2589 = LINE('',#2590,#2591);
#2590 = CARTESIAN_POINT('',(-0.,0.282842712475));
#2591 = VECTOR('',#2592,1.);
#2592 = DIRECTION('',(-1.,0.));
#2593 = ( GEOMETRIC_REPRESENTATION_CONTEXT(2) 
PARAMETRIC_REPRESENTATION_CONTEXT() REPRESENTATION_CONTEXT('2D SPACE',''
  ) );
#2594 = PCURVE('',#2253,#2595);
#2595 = DEFINITIONAL_REPRESENTATION('',(#2596),#2600);
#2596 = LINE('',#2597,#2598);
#2597 = CARTESIAN_POINT('',(72.200000000001,-1.4));
#2598 = VECTOR('',#2599,1.);
#2599 = DIRECTION('',(-1.,0.));
#2600 = ( GEOMETRIC_REPRESENTATION_CONTEXT(2) 
PARAMETRIC_REPRESENTATION_CONTEXT() REPRESENTATION_CONTEXT('2D SPACE',''
  ) );
#2601 = ADVANCED_FACE('',(#2602),#1185,.F.);
#2602 = FACE_BOUND('',#2603,.T.);
#2603 = EDGE_LOOP('',(#2604,#2625,#2653,#2674,#2703,#2729,#2762,#2788,
    #2813,#2814));
#2604 = ORIENTED_EDGE('',*,*,#2605,.F.);
#2605 = EDGE_CURVE('',#2606,#2498,#2608,.T.);
#2606 = VERTEX_POINT('',#2607);
#2607 = CARTESIAN_POINT('',(-0.299999999999,6.700000000001,0.3));
#2608 = SURFACE_CURVE('',#2609,(#2613,#2619),.PCURVE_S1.);
#2609 = LINE('',#2610,#2611);
#2610 = CARTESIAN_POINT('',(-0.299999999999,6.700000000001,-8.5));
#2611 = VECTOR('',#2612,1.);
#2612 = DIRECTION('',(-0.,-0.,-1.));
#2613 = PCURVE('',#1185,#2614);
#2614 = DEFINITIONAL_REPRESENTATION('',(#2615),#2618);
#2615 = B_SPLINE_CURVE_WITH_KNOTS('',1,(#2616,#2617),.UNSPECIFIED.,.F.,
  .F.,(2,2),(-9.58,-0.22),.PIECEWISE_BEZIER_KNOTS.);
#2616 = CARTESIAN_POINT('',(-2.498091544796,-9.58));
#2617 = CARTESIAN_POINT('',(-2.498091544796,-0.22));
#2618 = ( GEOMETRIC_REPRESENTATION_CONTEXT(2) 
PARAMETRIC_REPRESENTATION_CONTEXT() REPRESENTATION_CONTEXT('2D SPACE',''
  ) );
#2619 = PCURVE('',#2426,#2620);
#2620 = DEFINITIONAL_REPRESENTATION('',(#2621),#2624);
#2621 = B_SPLINE_CURVE_WITH_KNOTS('',1,(#2622,#2623),.UNSPECIFIED.,.F.,
  .F.,(2,2),(-9.58,-0.22),.PIECEWISE_BEZIER_KNOTS.);
#2622 = CARTESIAN_POINT('',(1.400000000001,-9.58));
#2623 = CARTESIAN_POINT('',(1.400000000001,-0.22));
#2624 = ( GEOMETRIC_REPRESENTATION_CONTEXT(2) 
PARAMETRIC_REPRESENTATION_CONTEXT() REPRESENTATION_CONTEXT('2D SPACE',''
  ) );
#2625 = ORIENTED_EDGE('',*,*,#2626,.T.);
#2626 = EDGE_CURVE('',#2606,#2627,#2629,.T.);
#2627 = VERTEX_POINT('',#2628);
#2628 = CARTESIAN_POINT('',(0.900000000001,7.842463035442,0.3));
#2629 = SURFACE_CURVE('',#2630,(#2635,#2642),.PCURVE_S1.);
#2630 = CIRCLE('',#2631,5.);
#2631 = AXIS2_PLACEMENT_3D('',#2632,#2633,#2634);
#2632 = CARTESIAN_POINT('',(3.7,3.7,0.3));
#2633 = DIRECTION('',(0.,0.,-1.));
#2634 = DIRECTION('',(1.,0.,0.));
#2635 = PCURVE('',#1185,#2636);
#2636 = DEFINITIONAL_REPRESENTATION('',(#2637),#2641);
#2637 = LINE('',#2638,#2639);
#2638 = CARTESIAN_POINT('',(-6.28318530718,-8.8));
#2639 = VECTOR('',#2640,1.);
#2640 = DIRECTION('',(1.,-0.));
#2641 = ( GEOMETRIC_REPRESENTATION_CONTEXT(2) 
PARAMETRIC_REPRESENTATION_CONTEXT() REPRESENTATION_CONTEXT('2D SPACE',''
  ) );
#2642 = PCURVE('',#2395,#2643);
#2643 = DEFINITIONAL_REPRESENTATION('',(#2644),#2652);
#2644 = ( BOUNDED_CURVE() B_SPLINE_CURVE(2,(#2645,#2646,#2647,#2648,
#2649,#2650,#2651),.UNSPECIFIED.,.T.,.F.) B_SPLINE_CURVE_WITH_KNOTS((1,2
    ,2,2,2,1),(-2.094395102393,0.,2.094395102393,4.188790204786,
6.28318530718,8.377580409573),.UNSPECIFIED.) CURVE() 
GEOMETRIC_REPRESENTATION_ITEM() RATIONAL_B_SPLINE_CURVE((1.,0.5,1.,0.5,
1.,0.5,1.)) REPRESENTATION_ITEM('') );
#2645 = CARTESIAN_POINT('',(-33.39999999798,-46.3));
#2646 = CARTESIAN_POINT('',(-33.39999999798,-54.96025403784));
#2647 = CARTESIAN_POINT('',(-40.89999999798,-50.63012701892));
#2648 = CARTESIAN_POINT('',(-48.39999999798,-46.3));
#2649 = CARTESIAN_POINT('',(-40.89999999798,-41.96987298107));
#2650 = CARTESIAN_POINT('',(-33.39999999798,-37.63974596215));
#2651 = CARTESIAN_POINT('',(-33.39999999798,-46.3));
#2652 = ( GEOMETRIC_REPRESENTATION_CONTEXT(2) 
PARAMETRIC_REPRESENTATION_CONTEXT() REPRESENTATION_CONTEXT('2D SPACE',''
  ) );
#2653 = ORIENTED_EDGE('',*,*,#2654,.F.);
#2654 = EDGE_CURVE('',#2655,#2627,#2657,.T.);
#2655 = VERTEX_POINT('',#2656);
#2656 = CARTESIAN_POINT('',(0.900000000001,7.842463035442,1.5));
#2657 = SURFACE_CURVE('',#2658,(#2662,#2668),.PCURVE_S1.);
#2658 = LINE('',#2659,#2660);
#2659 = CARTESIAN_POINT('',(0.900000000001,7.842463035442,-8.5));
#2660 = VECTOR('',#2661,1.);
#2661 = DIRECTION('',(-0.,-0.,-1.));
#2662 = PCURVE('',#1185,#2663);
#2663 = DEFINITIONAL_REPRESENTATION('',(#2664),#2667);
#2664 = B_SPLINE_CURVE_WITH_KNOTS('',1,(#2665,#2666),.UNSPECIFIED.,.F.,
  .F.,(2,2),(-10.0000006,-8.49),.PIECEWISE_BEZIER_KNOTS.);
#2665 = CARTESIAN_POINT('',(-2.165182126796,-10.0000006));
#2666 = CARTESIAN_POINT('',(-2.165182126796,-8.49));
#2667 = ( GEOMETRIC_REPRESENTATION_CONTEXT(2) 
PARAMETRIC_REPRESENTATION_CONTEXT() REPRESENTATION_CONTEXT('2D SPACE',''
  ) );
#2668 = PCURVE('',#2367,#2669);
#2669 = DEFINITIONAL_REPRESENTATION('',(#2670),#2673);
#2670 = B_SPLINE_CURVE_WITH_KNOTS('',1,(#2671,#2672),.UNSPECIFIED.,.F.,
  .F.,(2,2),(-10.0000006,-8.49),.PIECEWISE_BEZIER_KNOTS.);
#2671 = CARTESIAN_POINT('',(2.542463035442,-2.2000006));
#2672 = CARTESIAN_POINT('',(2.542463035442,-0.69));
#2673 = ( GEOMETRIC_REPRESENTATION_CONTEXT(2) 
PARAMETRIC_REPRESENTATION_CONTEXT() REPRESENTATION_CONTEXT('2D SPACE',''
  ) );
#2674 = ORIENTED_EDGE('',*,*,#2675,.T.);
#2675 = EDGE_CURVE('',#2655,#2676,#2678,.T.);
#2676 = VERTEX_POINT('',#2677);
#2677 = CARTESIAN_POINT('',(7.842463035442,0.9,1.5));
#2678 = SURFACE_CURVE('',#2679,(#2684,#2691),.PCURVE_S1.);
#2679 = CIRCLE('',#2680,5.);
#2680 = AXIS2_PLACEMENT_3D('',#2681,#2682,#2683);
#2681 = CARTESIAN_POINT('',(3.7,3.7,1.5));
#2682 = DIRECTION('',(0.,0.,1.));
#2683 = DIRECTION('',(1.,0.,0.));
#2684 = PCURVE('',#1185,#2685);
#2685 = DEFINITIONAL_REPRESENTATION('',(#2686),#2690);
#2686 = LINE('',#2687,#2688);
#2687 = CARTESIAN_POINT('',(-0.,-10.));
#2688 = VECTOR('',#2689,1.);
#2689 = DIRECTION('',(-1.,0.));
#2690 = ( GEOMETRIC_REPRESENTATION_CONTEXT(2) 
PARAMETRIC_REPRESENTATION_CONTEXT() REPRESENTATION_CONTEXT('2D SPACE',''
  ) );
#2691 = PCURVE('',#2692,#2697);
#2692 = PLANE('',#2693);
#2693 = AXIS2_PLACEMENT_3D('',#2694,#2695,#2696);
#2694 = CARTESIAN_POINT('',(3.7,3.7,1.5));
#2695 = DIRECTION('',(0.,0.,1.));
#2696 = DIRECTION('',(1.,0.,0.));
#2697 = DEFINITIONAL_REPRESENTATION('',(#2698),#2702);
#2698 = CIRCLE('',#2699,5.);
#2699 = AXIS2_PLACEMENT_2D('',#2700,#2701);
#2700 = CARTESIAN_POINT('',(4.440892098501E-16,-4.440892098501E-16));
#2701 = DIRECTION('',(1.,0.));
#2702 = ( GEOMETRIC_REPRESENTATION_CONTEXT(2) 
PARAMETRIC_REPRESENTATION_CONTEXT() REPRESENTATION_CONTEXT('2D SPACE',''
  ) );
#2703 = ORIENTED_EDGE('',*,*,#2704,.T.);
#2704 = EDGE_CURVE('',#2676,#2705,#2707,.T.);
#2705 = VERTEX_POINT('',#2706);
#2706 = CARTESIAN_POINT('',(7.842463035442,0.9,0.3));
#2707 = SURFACE_CURVE('',#2708,(#2712,#2718),.PCURVE_S1.);
#2708 = LINE('',#2709,#2710);
#2709 = CARTESIAN_POINT('',(7.842463035442,0.9,-8.5));
#2710 = VECTOR('',#2711,1.);
#2711 = DIRECTION('',(-0.,-0.,-1.));
#2712 = PCURVE('',#1185,#2713);
#2713 = DEFINITIONAL_REPRESENTATION('',(#2714),#2717);
#2714 = B_SPLINE_CURVE_WITH_KNOTS('',1,(#2715,#2716),.UNSPECIFIED.,.F.,
  .F.,(2,2),(-10.0000006,-8.49),.PIECEWISE_BEZIER_KNOTS.);
#2715 = CARTESIAN_POINT('',(-5.688799507179,-10.0000006));
#2716 = CARTESIAN_POINT('',(-5.688799507179,-8.49));
#2717 = ( GEOMETRIC_REPRESENTATION_CONTEXT(2) 
PARAMETRIC_REPRESENTATION_CONTEXT() REPRESENTATION_CONTEXT('2D SPACE',''
  ) );
#2718 = PCURVE('',#2719,#2724);
#2719 = PLANE('',#2720);
#2720 = AXIS2_PLACEMENT_3D('',#2721,#2722,#2723);
#2721 = CARTESIAN_POINT('',(5.299999999999,0.9,-0.7));
#2722 = DIRECTION('',(0.,1.,0.));
#2723 = DIRECTION('',(1.,0.,0.));
#2724 = DEFINITIONAL_REPRESENTATION('',(#2725),#2728);
#2725 = B_SPLINE_CURVE_WITH_KNOTS('',1,(#2726,#2727),.UNSPECIFIED.,.F.,
  .F.,(2,2),(-10.0000006,-8.49),.PIECEWISE_BEZIER_KNOTS.);
#2726 = CARTESIAN_POINT('',(2.542463035443,-2.2000006));
#2727 = CARTESIAN_POINT('',(2.542463035443,-0.69));
#2728 = ( GEOMETRIC_REPRESENTATION_CONTEXT(2) 
PARAMETRIC_REPRESENTATION_CONTEXT() REPRESENTATION_CONTEXT('2D SPACE',''
  ) );
#2729 = ORIENTED_EDGE('',*,*,#2730,.T.);
#2730 = EDGE_CURVE('',#2705,#2731,#2733,.T.);
#2731 = VERTEX_POINT('',#2732);
#2732 = CARTESIAN_POINT('',(6.7,-0.3,0.3));
#2733 = SURFACE_CURVE('',#2734,(#2739,#2746),.PCURVE_S1.);
#2734 = CIRCLE('',#2735,5.);
#2735 = AXIS2_PLACEMENT_3D('',#2736,#2737,#2738);
#2736 = CARTESIAN_POINT('',(3.7,3.7,0.3));
#2737 = DIRECTION('',(0.,0.,-1.));
#2738 = DIRECTION('',(1.,0.,0.));
#2739 = PCURVE('',#1185,#2740);
#2740 = DEFINITIONAL_REPRESENTATION('',(#2741),#2745);
#2741 = LINE('',#2742,#2743);
#2742 = CARTESIAN_POINT('',(-6.28318530718,-8.8));
#2743 = VECTOR('',#2744,1.);
#2744 = DIRECTION('',(1.,-0.));
#2745 = ( GEOMETRIC_REPRESENTATION_CONTEXT(2) 
PARAMETRIC_REPRESENTATION_CONTEXT() REPRESENTATION_CONTEXT('2D SPACE',''
  ) );
#2746 = PCURVE('',#2747,#2752);
#2747 = PLANE('',#2748);
#2748 = AXIS2_PLACEMENT_3D('',#2749,#2750,#2751);
#2749 = CARTESIAN_POINT('',(42.099999997988,50.,0.3));
#2750 = DIRECTION('',(0.,0.,1.));
#2751 = DIRECTION('',(1.,0.,-0.));
#2752 = DEFINITIONAL_REPRESENTATION('',(#2753),#2761);
#2753 = ( BOUNDED_CURVE() B_SPLINE_CURVE(2,(#2754,#2755,#2756,#2757,
#2758,#2759,#2760),.UNSPECIFIED.,.T.,.F.) B_SPLINE_CURVE_WITH_KNOTS((1,2
    ,2,2,2,1),(-2.094395102393,0.,2.094395102393,4.188790204786,
6.28318530718,8.377580409573),.UNSPECIFIED.) CURVE() 
GEOMETRIC_REPRESENTATION_ITEM() RATIONAL_B_SPLINE_CURVE((1.,0.5,1.,0.5,
1.,0.5,1.)) REPRESENTATION_ITEM('') );
#2754 = CARTESIAN_POINT('',(-33.39999999798,-46.3));
#2755 = CARTESIAN_POINT('',(-33.39999999798,-54.96025403784));
#2756 = CARTESIAN_POINT('',(-40.89999999798,-50.63012701892));
#2757 = CARTESIAN_POINT('',(-48.39999999798,-46.3));
#2758 = CARTESIAN_POINT('',(-40.89999999798,-41.96987298107));
#2759 = CARTESIAN_POINT('',(-33.39999999798,-37.63974596215));
#2760 = CARTESIAN_POINT('',(-33.39999999798,-46.3));
#2761 = ( GEOMETRIC_REPRESENTATION_CONTEXT(2) 
PARAMETRIC_REPRESENTATION_CONTEXT() REPRESENTATION_CONTEXT('2D SPACE',''
  ) );
#2762 = ORIENTED_EDGE('',*,*,#2763,.T.);
#2763 = EDGE_CURVE('',#2731,#2764,#2766,.T.);
#2764 = VERTEX_POINT('',#2765);
#2765 = CARTESIAN_POINT('',(6.7,-0.3,-7.1));
#2766 = SURFACE_CURVE('',#2767,(#2771,#2777),.PCURVE_S1.);
#2767 = LINE('',#2768,#2769);
#2768 = CARTESIAN_POINT('',(6.7,-0.3,-8.5));
#2769 = VECTOR('',#2770,1.);
#2770 = DIRECTION('',(-0.,-0.,-1.));
#2771 = PCURVE('',#1185,#2772);
#2772 = DEFINITIONAL_REPRESENTATION('',(#2773),#2776);
#2773 = B_SPLINE_CURVE_WITH_KNOTS('',1,(#2774,#2775),.UNSPECIFIED.,.F.,
  .F.,(2,2),(-9.58,-0.22),.PIECEWISE_BEZIER_KNOTS.);
#2774 = CARTESIAN_POINT('',(-5.355890089178,-9.58));
#2775 = CARTESIAN_POINT('',(-5.355890089178,-0.22));
#2776 = ( GEOMETRIC_REPRESENTATION_CONTEXT(2) 
PARAMETRIC_REPRESENTATION_CONTEXT() REPRESENTATION_CONTEXT('2D SPACE',''
  ) );
#2777 = PCURVE('',#2778,#2783);
#2778 = PLANE('',#2779);
#2779 = AXIS2_PLACEMENT_3D('',#2780,#2781,#2782);
#2780 = CARTESIAN_POINT('',(5.299999999999,-0.3,-8.5));
#2781 = DIRECTION('',(0.,1.,0.));
#2782 = DIRECTION('',(1.,0.,0.));
#2783 = DEFINITIONAL_REPRESENTATION('',(#2784),#2787);
#2784 = B_SPLINE_CURVE_WITH_KNOTS('',1,(#2785,#2786),.UNSPECIFIED.,.F.,
  .F.,(2,2),(-9.58,-0.22),.PIECEWISE_BEZIER_KNOTS.);
#2785 = CARTESIAN_POINT('',(1.400000000001,-9.58));
#2786 = CARTESIAN_POINT('',(1.400000000001,-0.22));
#2787 = ( GEOMETRIC_REPRESENTATION_CONTEXT(2) 
PARAMETRIC_REPRESENTATION_CONTEXT() REPRESENTATION_CONTEXT('2D SPACE',''
  ) );
#2788 = ORIENTED_EDGE('',*,*,#2789,.F.);
#2789 = EDGE_CURVE('',#1137,#2764,#2790,.T.);
#2790 = SURFACE_CURVE('',#2791,(#2796,#2806),.PCURVE_S1.);
#2791 = ELLIPSE('',#2792,7.071067811865,5.);
#2792 = AXIS2_PLACEMENT_3D('',#2793,#2794,#2795);
#2793 = CARTESIAN_POINT('',(3.7,3.7,-3.1));
#2794 = DIRECTION('',(-9.709052582848E-19,-0.707106781187,0.707106781187
    ));
#2795 = DIRECTION('',(-9.709052582848E-19,-0.707106781187,
    -0.707106781187));
#2796 = PCURVE('',#1185,#2797);
#2797 = DEFINITIONAL_REPRESENTATION('',(#2798),#2805);
#2798 = B_SPLINE_CURVE_WITH_KNOTS('',5,(#2799,#2800,#2801,#2802,#2803,
    #2804),.UNSPECIFIED.,.F.,.F.,(6,6),(0.494934126341,0.643501108793),
  .PIECEWISE_BEZIER_KNOTS.);
#2799 = CARTESIAN_POINT('',(-5.207323106726,-1.));
#2800 = CARTESIAN_POINT('',(-5.237036503216,-1.070565406899));
#2801 = CARTESIAN_POINT('',(-5.266749899707,-1.145986685035));
#2802 = CARTESIAN_POINT('',(-5.296463296197,-1.226134049343));
#2803 = CARTESIAN_POINT('',(-5.326176692687,-1.310859810529));
#2804 = CARTESIAN_POINT('',(-5.355890089178,-1.4));
#2805 = ( GEOMETRIC_REPRESENTATION_CONTEXT(2) 
PARAMETRIC_REPRESENTATION_CONTEXT() REPRESENTATION_CONTEXT('2D SPACE',''
  ) );
#2806 = PCURVE('',#1152,#2807);
#2807 = DEFINITIONAL_REPRESENTATION('',(#2808),#2812);
#2808 = ELLIPSE('',#2809,7.071067811865,5.);
#2809 = AXIS2_PLACEMENT_2D('',#2810,#2811);
#2810 = CARTESIAN_POINT('',(-73.8,5.939696961967));
#2811 = DIRECTION('',(-9.709052582848E-19,-1.));
#2812 = ( GEOMETRIC_REPRESENTATION_CONTEXT(2) 
PARAMETRIC_REPRESENTATION_CONTEXT() REPRESENTATION_CONTEXT('2D SPACE',''
  ) );
#2813 = ORIENTED_EDGE('',*,*,#1164,.T.);
#2814 = ORIENTED_EDGE('',*,*,#2497,.T.);
#2815 = ADVANCED_FACE('',(#2816),#1067,.F.);
#2816 = FACE_BOUND('',#2817,.T.);
#2817 = EDGE_LOOP('',(#2818,#2839,#2840,#2841,#2872,#2898,#2930,#2956,
    #2985,#3006));
#2818 = ORIENTED_EDGE('',*,*,#2819,.T.);
#2819 = EDGE_CURVE('',#2820,#2549,#2822,.T.);
#2820 = VERTEX_POINT('',#2821);
#2821 = CARTESIAN_POINT('',(77.5,100.3,0.3));
#2822 = SURFACE_CURVE('',#2823,(#2827,#2833),.PCURVE_S1.);
#2823 = LINE('',#2824,#2825);
#2824 = CARTESIAN_POINT('',(77.5,100.3,-8.5));
#2825 = VECTOR('',#2826,1.);
#2826 = DIRECTION('',(-0.,-0.,-1.));
#2827 = PCURVE('',#1067,#2828);
#2828 = DEFINITIONAL_REPRESENTATION('',(#2829),#2832);
#2829 = B_SPLINE_CURVE_WITH_KNOTS('',1,(#2830,#2831),.UNSPECIFIED.,.F.,
  .F.,(2,2),(-8.8,-1.),.PIECEWISE_BEZIER_KNOTS.);
#2830 = CARTESIAN_POINT('',(-8.497482742768,-8.8));
#2831 = CARTESIAN_POINT('',(-8.497482742768,-1.));
#2832 = ( GEOMETRIC_REPRESENTATION_CONTEXT(2) 
PARAMETRIC_REPRESENTATION_CONTEXT() REPRESENTATION_CONTEXT('2D SPACE',''
  ) );
#2833 = PCURVE('',#2253,#2834);
#2834 = DEFINITIONAL_REPRESENTATION('',(#2835),#2838);
#2835 = B_SPLINE_CURVE_WITH_KNOTS('',1,(#2836,#2837),.UNSPECIFIED.,.F.,
  .F.,(2,2),(-9.58,-0.22),.PIECEWISE_BEZIER_KNOTS.);
#2836 = CARTESIAN_POINT('',(72.200000000001,-9.58));
#2837 = CARTESIAN_POINT('',(72.200000000001,-0.22));
#2838 = ( GEOMETRIC_REPRESENTATION_CONTEXT(2) 
PARAMETRIC_REPRESENTATION_CONTEXT() REPRESENTATION_CONTEXT('2D SPACE',''
  ) );
#2839 = ORIENTED_EDGE('',*,*,#2548,.F.);
#2840 = ORIENTED_EDGE('',*,*,#1050,.F.);
#2841 = ORIENTED_EDGE('',*,*,#2842,.T.);
#2842 = EDGE_CURVE('',#1051,#2843,#2845,.T.);
#2843 = VERTEX_POINT('',#2844);
#2844 = CARTESIAN_POINT('',(84.500000000001,93.300000000001,-7.1));
#2845 = SURFACE_CURVE('',#2846,(#2851,#2861),.PCURVE_S1.);
#2846 = ELLIPSE('',#2847,7.071067811865,5.);
#2847 = AXIS2_PLACEMENT_3D('',#2848,#2849,#2850);
#2848 = CARTESIAN_POINT('',(80.5,96.3,-3.099999999999));
#2849 = DIRECTION('',(-0.707106781187,4.727776962496E-18,-0.707106781187
    ));
#2850 = DIRECTION('',(0.707106781187,-4.727776962496E-18,-0.707106781187
    ));
#2851 = PCURVE('',#1067,#2852);
#2852 = DEFINITIONAL_REPRESENTATION('',(#2853),#2860);
#2853 = B_SPLINE_CURVE_WITH_KNOTS('',5,(#2854,#2855,#2856,#2857,#2858,
    #2859),.UNSPECIFIED.,.F.,.F.,(6,6),(0.494934126341,0.643501108793),
  .PIECEWISE_BEZIER_KNOTS.);
#2854 = CARTESIAN_POINT('',(-5.788251180839,-1.));
#2855 = CARTESIAN_POINT('',(-5.758537784349,-1.070565406899));
#2856 = CARTESIAN_POINT('',(-5.728824387858,-1.145986685035));
#2857 = CARTESIAN_POINT('',(-5.699110991368,-1.226134049343));
#2858 = CARTESIAN_POINT('',(-5.669397594877,-1.310859810529));
#2859 = CARTESIAN_POINT('',(-5.639684198387,-1.4));
#2860 = ( GEOMETRIC_REPRESENTATION_CONTEXT(2) 
PARAMETRIC_REPRESENTATION_CONTEXT() REPRESENTATION_CONTEXT('2D SPACE',''
  ) );
#2861 = PCURVE('',#1095,#2862);
#2862 = DEFINITIONAL_REPRESENTATION('',(#2863),#2871);
#2863 = ( BOUNDED_CURVE() B_SPLINE_CURVE(2,(#2864,#2865,#2866,#2867,
#2868,#2869,#2870),.UNSPECIFIED.,.T.,.F.) B_SPLINE_CURVE_WITH_KNOTS((1,2
    ,2,2,2,1),(-2.094395102393,0.,2.094395102393,4.188790204786,
6.28318530718,8.377580409573),.UNSPECIFIED.) CURVE() 
GEOMETRIC_REPRESENTATION_ITEM() RATIONAL_B_SPLINE_CURVE((1.,0.5,1.,0.5,
1.,0.5,1.)) REPRESENTATION_ITEM('') );
#2864 = CARTESIAN_POINT('',(2.999999999999,-1.131370849897));
#2865 = CARTESIAN_POINT('',(-5.660254037846,-1.131370849897));
#2866 = CARTESIAN_POINT('',(-1.330127018923,9.475230867901));
#2867 = CARTESIAN_POINT('',(2.999999999999,20.081832585699));
#2868 = CARTESIAN_POINT('',(7.330127018921,9.475230867901));
#2869 = CARTESIAN_POINT('',(11.660254037843,-1.131370849897));
#2870 = CARTESIAN_POINT('',(2.999999999999,-1.131370849897));
#2871 = ( GEOMETRIC_REPRESENTATION_CONTEXT(2) 
PARAMETRIC_REPRESENTATION_CONTEXT() REPRESENTATION_CONTEXT('2D SPACE',''
  ) );
#2872 = ORIENTED_EDGE('',*,*,#2873,.F.);
#2873 = EDGE_CURVE('',#2874,#2843,#2876,.T.);
#2874 = VERTEX_POINT('',#2875);
#2875 = CARTESIAN_POINT('',(84.500000000001,93.300000000001,0.3));
#2876 = SURFACE_CURVE('',#2877,(#2881,#2887),.PCURVE_S1.);
#2877 = LINE('',#2878,#2879);
#2878 = CARTESIAN_POINT('',(84.500000000001,93.300000000001,-8.5));
#2879 = VECTOR('',#2880,1.);
#2880 = DIRECTION('',(-0.,-0.,-1.));
#2881 = PCURVE('',#1067,#2882);
#2882 = DEFINITIONAL_REPRESENTATION('',(#2883),#2886);
#2883 = B_SPLINE_CURVE_WITH_KNOTS('',1,(#2884,#2885),.UNSPECIFIED.,.F.,
  .F.,(2,2),(-8.8,-1.),.PIECEWISE_BEZIER_KNOTS.);
#2884 = CARTESIAN_POINT('',(-5.639684198387,-8.8));
#2885 = CARTESIAN_POINT('',(-5.639684198387,-1.));
#2886 = ( GEOMETRIC_REPRESENTATION_CONTEXT(2) 
PARAMETRIC_REPRESENTATION_CONTEXT() REPRESENTATION_CONTEXT('2D SPACE',''
  ) );
#2887 = PCURVE('',#2888,#2893);
#2888 = PLANE('',#2889);
#2889 = AXIS2_PLACEMENT_3D('',#2890,#2891,#2892);
#2890 = CARTESIAN_POINT('',(84.500000000001,5.3,-8.5));
#2891 = DIRECTION('',(-1.,0.,0.));
#2892 = DIRECTION('',(0.,1.,0.));
#2893 = DEFINITIONAL_REPRESENTATION('',(#2894),#2897);
#2894 = B_SPLINE_CURVE_WITH_KNOTS('',1,(#2895,#2896),.UNSPECIFIED.,.F.,
  .F.,(2,2),(-9.58,-0.22),.PIECEWISE_BEZIER_KNOTS.);
#2895 = CARTESIAN_POINT('',(88.000000000001,-9.58));
#2896 = CARTESIAN_POINT('',(88.000000000001,-0.22));
#2897 = ( GEOMETRIC_REPRESENTATION_CONTEXT(2) 
PARAMETRIC_REPRESENTATION_CONTEXT() REPRESENTATION_CONTEXT('2D SPACE',''
  ) );
#2898 = ORIENTED_EDGE('',*,*,#2899,.T.);
#2899 = EDGE_CURVE('',#2874,#2900,#2902,.T.);
#2900 = VERTEX_POINT('',#2901);
#2901 = CARTESIAN_POINT('',(83.300000000001,92.157536964559,0.3));
#2902 = SURFACE_CURVE('',#2903,(#2908,#2914),.PCURVE_S1.);
#2903 = CIRCLE('',#2904,5.);
#2904 = AXIS2_PLACEMENT_3D('',#2905,#2906,#2907);
#2905 = CARTESIAN_POINT('',(80.5,96.3,0.3));
#2906 = DIRECTION('',(0.,0.,-1.));
#2907 = DIRECTION('',(1.,0.,0.));
#2908 = PCURVE('',#1067,#2909);
#2909 = DEFINITIONAL_REPRESENTATION('',(#2910),#2913);
#2910 = B_SPLINE_CURVE_WITH_KNOTS('',1,(#2911,#2912),.UNSPECIFIED.,.F.,
  .F.,(2,2),(0.643501108793,0.976410526794),.PIECEWISE_BEZIER_KNOTS.);
#2911 = CARTESIAN_POINT('',(-5.639684198387,-8.8));
#2912 = CARTESIAN_POINT('',(-5.306774780386,-8.8));
#2913 = ( GEOMETRIC_REPRESENTATION_CONTEXT(2) 
PARAMETRIC_REPRESENTATION_CONTEXT() REPRESENTATION_CONTEXT('2D SPACE',''
  ) );
#2914 = PCURVE('',#2915,#2920);
#2915 = PLANE('',#2916);
#2916 = AXIS2_PLACEMENT_3D('',#2917,#2918,#2919);
#2917 = CARTESIAN_POINT('',(42.099999997988,50.,0.3));
#2918 = DIRECTION('',(0.,0.,1.));
#2919 = DIRECTION('',(1.,0.,-0.));
#2920 = DEFINITIONAL_REPRESENTATION('',(#2921),#2929);
#2921 = ( BOUNDED_CURVE() B_SPLINE_CURVE(2,(#2922,#2923,#2924,#2925,
#2926,#2927,#2928),.UNSPECIFIED.,.T.,.F.) B_SPLINE_CURVE_WITH_KNOTS((1,2
    ,2,2,2,1),(-2.094395102393,0.,2.094395102393,4.188790204786,
6.28318530718,8.377580409573),.UNSPECIFIED.) CURVE() 
GEOMETRIC_REPRESENTATION_ITEM() RATIONAL_B_SPLINE_CURVE((1.,0.5,1.,0.5,
1.,0.5,1.)) REPRESENTATION_ITEM('') );
#2922 = CARTESIAN_POINT('',(43.400000002012,46.3));
#2923 = CARTESIAN_POINT('',(43.400000002012,37.639745962156));
#2924 = CARTESIAN_POINT('',(35.900000002012,41.969872981078));
#2925 = CARTESIAN_POINT('',(28.400000002012,46.3));
#2926 = CARTESIAN_POINT('',(35.900000002012,50.630127018922));
#2927 = CARTESIAN_POINT('',(43.400000002012,54.960254037844));
#2928 = CARTESIAN_POINT('',(43.400000002012,46.3));
#2929 = ( GEOMETRIC_REPRESENTATION_CONTEXT(2) 
PARAMETRIC_REPRESENTATION_CONTEXT() REPRESENTATION_CONTEXT('2D SPACE',''
  ) );
#2930 = ORIENTED_EDGE('',*,*,#2931,.F.);
#2931 = EDGE_CURVE('',#2932,#2900,#2934,.T.);
#2932 = VERTEX_POINT('',#2933);
#2933 = CARTESIAN_POINT('',(83.300000000001,92.157536964559,1.5));
#2934 = SURFACE_CURVE('',#2935,(#2939,#2945),.PCURVE_S1.);
#2935 = LINE('',#2936,#2937);
#2936 = CARTESIAN_POINT('',(83.300000000001,92.157536964559,-8.5));
#2937 = VECTOR('',#2938,1.);
#2938 = DIRECTION('',(-0.,-0.,-1.));
#2939 = PCURVE('',#1067,#2940);
#2940 = DEFINITIONAL_REPRESENTATION('',(#2941),#2944);
#2941 = B_SPLINE_CURVE_WITH_KNOTS('',1,(#2942,#2943),.UNSPECIFIED.,.F.,
  .F.,(2,2),(-10.,-8.8),.PIECEWISE_BEZIER_KNOTS.);
#2942 = CARTESIAN_POINT('',(-5.306774780386,-10.));
#2943 = CARTESIAN_POINT('',(-5.306774780386,-8.8));
#2944 = ( GEOMETRIC_REPRESENTATION_CONTEXT(2) 
PARAMETRIC_REPRESENTATION_CONTEXT() REPRESENTATION_CONTEXT('2D SPACE',''
  ) );
#2945 = PCURVE('',#2946,#2951);
#2946 = PLANE('',#2947);
#2947 = AXIS2_PLACEMENT_3D('',#2948,#2949,#2950);
#2948 = CARTESIAN_POINT('',(83.300000000001,5.3,-0.7));
#2949 = DIRECTION('',(-1.,0.,0.));
#2950 = DIRECTION('',(0.,1.,0.));
#2951 = DEFINITIONAL_REPRESENTATION('',(#2952),#2955);
#2952 = B_SPLINE_CURVE_WITH_KNOTS('',1,(#2953,#2954),.UNSPECIFIED.,.F.,
  .F.,(2,2),(-10.0000006,-8.49),.PIECEWISE_BEZIER_KNOTS.);
#2953 = CARTESIAN_POINT('',(86.857536964559,-2.2000006));
#2954 = CARTESIAN_POINT('',(86.857536964559,-0.69));
#2955 = ( GEOMETRIC_REPRESENTATION_CONTEXT(2) 
PARAMETRIC_REPRESENTATION_CONTEXT() REPRESENTATION_CONTEXT('2D SPACE',''
  ) );
#2956 = ORIENTED_EDGE('',*,*,#2957,.T.);
#2957 = EDGE_CURVE('',#2932,#2958,#2960,.T.);
#2958 = VERTEX_POINT('',#2959);
#2959 = CARTESIAN_POINT('',(76.357536964558,99.1,1.5));
#2960 = SURFACE_CURVE('',#2961,(#2966,#2973),.PCURVE_S1.);
#2961 = CIRCLE('',#2962,5.);
#2962 = AXIS2_PLACEMENT_3D('',#2963,#2964,#2965);
#2963 = CARTESIAN_POINT('',(80.5,96.3,1.5));
#2964 = DIRECTION('',(-0.,0.,1.));
#2965 = DIRECTION('',(0.56,-0.828492607088,0.));
#2966 = PCURVE('',#1067,#2967);
#2967 = DEFINITIONAL_REPRESENTATION('',(#2968),#2972);
#2968 = LINE('',#2969,#2970);
#2969 = CARTESIAN_POINT('',(-5.306774780386,-10.));
#2970 = VECTOR('',#2971,1.);
#2971 = DIRECTION('',(-1.,0.));
#2972 = ( GEOMETRIC_REPRESENTATION_CONTEXT(2) 
PARAMETRIC_REPRESENTATION_CONTEXT() REPRESENTATION_CONTEXT('2D SPACE',''
  ) );
#2973 = PCURVE('',#2974,#2979);
#2974 = PLANE('',#2975);
#2975 = AXIS2_PLACEMENT_3D('',#2976,#2977,#2978);
#2976 = CARTESIAN_POINT('',(80.5,96.3,1.5));
#2977 = DIRECTION('',(0.,0.,1.));
#2978 = DIRECTION('',(1.,0.,0.));
#2979 = DEFINITIONAL_REPRESENTATION('',(#2980),#2984);
#2980 = CIRCLE('',#2981,5.);
#2981 = AXIS2_PLACEMENT_2D('',#2982,#2983);
#2982 = CARTESIAN_POINT('',(0.,0.));
#2983 = DIRECTION('',(0.56,-0.828492607088));
#2984 = ( GEOMETRIC_REPRESENTATION_CONTEXT(2) 
PARAMETRIC_REPRESENTATION_CONTEXT() REPRESENTATION_CONTEXT('2D SPACE',''
  ) );
#2985 = ORIENTED_EDGE('',*,*,#2986,.T.);
#2986 = EDGE_CURVE('',#2958,#2987,#2989,.T.);
#2987 = VERTEX_POINT('',#2988);
#2988 = CARTESIAN_POINT('',(76.357536964558,99.1,0.3));
#2989 = SURFACE_CURVE('',#2990,(#2994,#3000),.PCURVE_S1.);
#2990 = LINE('',#2991,#2992);
#2991 = CARTESIAN_POINT('',(76.357536964558,99.1,-8.5));
#2992 = VECTOR('',#2993,1.);
#2993 = DIRECTION('',(-0.,-0.,-1.));
#2994 = PCURVE('',#1067,#2995);
#2995 = DEFINITIONAL_REPRESENTATION('',(#2996),#2999);
#2996 = B_SPLINE_CURVE_WITH_KNOTS('',1,(#2997,#2998),.UNSPECIFIED.,.F.,
  .F.,(2,2),(-10.,-8.8),.PIECEWISE_BEZIER_KNOTS.);
#2997 = CARTESIAN_POINT('',(-8.830392160768,-10.));
#2998 = CARTESIAN_POINT('',(-8.830392160768,-8.8));
#2999 = ( GEOMETRIC_REPRESENTATION_CONTEXT(2) 
PARAMETRIC_REPRESENTATION_CONTEXT() REPRESENTATION_CONTEXT('2D SPACE',''
  ) );
#3000 = PCURVE('',#2312,#3001);
#3001 = DEFINITIONAL_REPRESENTATION('',(#3002),#3005);
#3002 = B_SPLINE_CURVE_WITH_KNOTS('',1,(#3003,#3004),.UNSPECIFIED.,.F.,
  .F.,(2,2),(-10.0000006,-8.49),.PIECEWISE_BEZIER_KNOTS.);
#3003 = CARTESIAN_POINT('',(71.05753696456,-2.2000006));
#3004 = CARTESIAN_POINT('',(71.05753696456,-0.69));
#3005 = ( GEOMETRIC_REPRESENTATION_CONTEXT(2) 
PARAMETRIC_REPRESENTATION_CONTEXT() REPRESENTATION_CONTEXT('2D SPACE',''
  ) );
#3006 = ORIENTED_EDGE('',*,*,#3007,.T.);
#3007 = EDGE_CURVE('',#2987,#2820,#3008,.T.);
#3008 = SURFACE_CURVE('',#3009,(#3014,#3020),.PCURVE_S1.);
#3009 = CIRCLE('',#3010,5.);
#3010 = AXIS2_PLACEMENT_3D('',#3011,#3012,#3013);
#3011 = CARTESIAN_POINT('',(80.5,96.3,0.3));
#3012 = DIRECTION('',(0.,0.,-1.));
#3013 = DIRECTION('',(1.,0.,0.));
#3014 = PCURVE('',#1067,#3015);
#3015 = DEFINITIONAL_REPRESENTATION('',(#3016),#3019);
#3016 = B_SPLINE_CURVE_WITH_KNOTS('',1,(#3017,#3018),.UNSPECIFIED.,.F.,
  .F.,(2,2),(3.735978453591,4.068887871591),.PIECEWISE_BEZIER_KNOTS.);
#3017 = CARTESIAN_POINT('',(-8.830392160768,-8.8));
#3018 = CARTESIAN_POINT('',(-8.497482742768,-8.8));
#3019 = ( GEOMETRIC_REPRESENTATION_CONTEXT(2) 
PARAMETRIC_REPRESENTATION_CONTEXT() REPRESENTATION_CONTEXT('2D SPACE',''
  ) );
#3020 = PCURVE('',#2281,#3021);
#3021 = DEFINITIONAL_REPRESENTATION('',(#3022),#3030);
#3022 = ( BOUNDED_CURVE() B_SPLINE_CURVE(2,(#3023,#3024,#3025,#3026,
#3027,#3028,#3029),.UNSPECIFIED.,.T.,.F.) B_SPLINE_CURVE_WITH_KNOTS((1,2
    ,2,2,2,1),(-2.094395102393,0.,2.094395102393,4.188790204786,
6.28318530718,8.377580409573),.UNSPECIFIED.) CURVE() 
GEOMETRIC_REPRESENTATION_ITEM() RATIONAL_B_SPLINE_CURVE((1.,0.5,1.,0.5,
1.,0.5,1.)) REPRESENTATION_ITEM('') );
#3023 = CARTESIAN_POINT('',(43.400000002012,46.3));
#3024 = CARTESIAN_POINT('',(43.400000002012,37.639745962156));
#3025 = CARTESIAN_POINT('',(35.900000002012,41.969872981078));
#3026 = CARTESIAN_POINT('',(28.400000002012,46.3));
#3027 = CARTESIAN_POINT('',(35.900000002012,50.630127018922));
#3028 = CARTESIAN_POINT('',(43.400000002012,54.960254037844));
#3029 = CARTESIAN_POINT('',(43.400000002012,46.3));
#3030 = ( GEOMETRIC_REPRESENTATION_CONTEXT(2) 
PARAMETRIC_REPRESENTATION_CONTEXT() REPRESENTATION_CONTEXT('2D SPACE',''
  ) );
#3031 = ADVANCED_FACE('',(#3032),#1152,.F.);
#3032 = FACE_BOUND('',#3033,.T.);
#3033 = EDGE_LOOP('',(#3034,#3065,#3066,#3067));
#3034 = ORIENTED_EDGE('',*,*,#3035,.F.);
#3035 = EDGE_CURVE('',#1108,#3036,#3038,.T.);
#3036 = VERTEX_POINT('',#3037);
#3037 = CARTESIAN_POINT('',(77.5,-0.3,-7.1));
#3038 = SURFACE_CURVE('',#3039,(#3044,#3055),.PCURVE_S1.);
#3039 = ELLIPSE('',#3040,7.071067811865,5.);
#3040 = AXIS2_PLACEMENT_3D('',#3041,#3042,#3043);
#3041 = CARTESIAN_POINT('',(80.5,3.7,-3.1));
#3042 = DIRECTION('',(9.709052582848E-19,0.707106781187,-0.707106781187)
  );
#3043 = DIRECTION('',(-9.709052582848E-19,-0.707106781187,
    -0.707106781187));
#3044 = PCURVE('',#1152,#3045);
#3045 = DEFINITIONAL_REPRESENTATION('',(#3046),#3054);
#3046 = ( BOUNDED_CURVE() B_SPLINE_CURVE(2,(#3047,#3048,#3049,#3050,
#3051,#3052,#3053),.UNSPECIFIED.,.T.,.F.) B_SPLINE_CURVE_WITH_KNOTS((1,2
    ,2,2,2,1),(-2.094395102393,0.,2.094395102393,4.188790204786,
6.28318530718,8.377580409573),.UNSPECIFIED.) CURVE() 
GEOMETRIC_REPRESENTATION_ITEM() RATIONAL_B_SPLINE_CURVE((1.,0.5,1.,0.5,
1.,0.5,1.)) REPRESENTATION_ITEM('') );
#3047 = CARTESIAN_POINT('',(3.,-1.131370849898));
#3048 = CARTESIAN_POINT('',(-5.660254037844,-1.131370849898));
#3049 = CARTESIAN_POINT('',(-1.330127018922,9.4752308679));
#3050 = CARTESIAN_POINT('',(3.,20.081832585698));
#3051 = CARTESIAN_POINT('',(7.330127018922,9.4752308679));
#3052 = CARTESIAN_POINT('',(11.660254037844,-1.131370849898));
#3053 = CARTESIAN_POINT('',(3.,-1.131370849898));
#3054 = ( GEOMETRIC_REPRESENTATION_CONTEXT(2) 
PARAMETRIC_REPRESENTATION_CONTEXT() REPRESENTATION_CONTEXT('2D SPACE',''
  ) );
#3055 = PCURVE('',#1124,#3056);
#3056 = DEFINITIONAL_REPRESENTATION('',(#3057),#3064);
#3057 = B_SPLINE_CURVE_WITH_KNOTS('',5,(#3058,#3059,#3060,#3061,#3062,
    #3063),.UNSPECIFIED.,.F.,.F.,(6,6),(0.494934126341,0.643501108793),
  .PIECEWISE_BEZIER_KNOTS.);
#3058 = CARTESIAN_POINT('',(-4.217454854044,-1.));
#3059 = CARTESIAN_POINT('',(-4.187741457553,-1.070565406899));
#3060 = CARTESIAN_POINT('',(-4.158028061063,-1.145986685035));
#3061 = CARTESIAN_POINT('',(-4.128314664572,-1.226134049343));
#3062 = CARTESIAN_POINT('',(-4.098601268082,-1.310859810529));
#3063 = CARTESIAN_POINT('',(-4.068887871591,-1.4));
#3064 = ( GEOMETRIC_REPRESENTATION_CONTEXT(2) 
PARAMETRIC_REPRESENTATION_CONTEXT() REPRESENTATION_CONTEXT('2D SPACE',''
  ) );
#3065 = ORIENTED_EDGE('',*,*,#1136,.T.);
#3066 = ORIENTED_EDGE('',*,*,#2789,.T.);
#3067 = ORIENTED_EDGE('',*,*,#3068,.F.);
#3068 = EDGE_CURVE('',#3036,#2764,#3069,.T.);
#3069 = SURFACE_CURVE('',#3070,(#3074,#3081),.PCURVE_S1.);
#3070 = LINE('',#3071,#3072);
#3071 = CARTESIAN_POINT('',(77.5,-0.3,-7.1));
#3072 = VECTOR('',#3073,1.);
#3073 = DIRECTION('',(-1.,0.,0.));
#3074 = PCURVE('',#1152,#3075);
#3075 = DEFINITIONAL_REPRESENTATION('',(#3076),#3080);
#3076 = LINE('',#3077,#3078);
#3077 = CARTESIAN_POINT('',(-0.,0.282842712475));
#3078 = VECTOR('',#3079,1.);
#3079 = DIRECTION('',(-1.,0.));
#3080 = ( GEOMETRIC_REPRESENTATION_CONTEXT(2) 
PARAMETRIC_REPRESENTATION_CONTEXT() REPRESENTATION_CONTEXT('2D SPACE',''
  ) );
#3081 = PCURVE('',#2778,#3082);
#3082 = DEFINITIONAL_REPRESENTATION('',(#3083),#3087);
#3083 = LINE('',#3084,#3085);
#3084 = CARTESIAN_POINT('',(72.200000000001,-1.4));
#3085 = VECTOR('',#3086,1.);
#3086 = DIRECTION('',(-1.,0.));
#3087 = ( GEOMETRIC_REPRESENTATION_CONTEXT(2) 
PARAMETRIC_REPRESENTATION_CONTEXT() REPRESENTATION_CONTEXT('2D SPACE',''
  ) );
#3088 = ADVANCED_FACE('',(#3089),#1095,.F.);
#3089 = FACE_BOUND('',#3090,.T.);
#3090 = EDGE_LOOP('',(#3091,#3092,#3093,#3120));
#3091 = ORIENTED_EDGE('',*,*,#2842,.F.);
#3092 = ORIENTED_EDGE('',*,*,#1079,.T.);
#3093 = ORIENTED_EDGE('',*,*,#3094,.T.);
#3094 = EDGE_CURVE('',#1080,#3095,#3097,.T.);
#3095 = VERTEX_POINT('',#3096);
#3096 = CARTESIAN_POINT('',(84.500000000001,6.699999999999,-7.1));
#3097 = SURFACE_CURVE('',#3098,(#3103,#3110),.PCURVE_S1.);
#3098 = ELLIPSE('',#3099,7.071067811865,5.);
#3099 = AXIS2_PLACEMENT_3D('',#3100,#3101,#3102);
#3100 = CARTESIAN_POINT('',(80.5,3.7,-3.099999999999));
#3101 = DIRECTION('',(0.707106781187,-4.727776962496E-18,0.707106781187)
  );
#3102 = DIRECTION('',(0.707106781187,-4.727776962496E-18,-0.707106781187
    ));
#3103 = PCURVE('',#1095,#3104);
#3104 = DEFINITIONAL_REPRESENTATION('',(#3105),#3109);
#3105 = ELLIPSE('',#3106,7.071067811865,5.);
#3106 = AXIS2_PLACEMENT_2D('',#3107,#3108);
#3107 = CARTESIAN_POINT('',(-89.6,5.939696961968));
#3108 = DIRECTION('',(-4.727776962496E-18,-1.));
#3109 = ( GEOMETRIC_REPRESENTATION_CONTEXT(2) 
PARAMETRIC_REPRESENTATION_CONTEXT() REPRESENTATION_CONTEXT('2D SPACE',''
  ) );
#3110 = PCURVE('',#1124,#3111);
#3111 = DEFINITIONAL_REPRESENTATION('',(#3112),#3119);
#3112 = B_SPLINE_CURVE_WITH_KNOTS('',5,(#3113,#3114,#3115,#3116,#3117,
    #3118),.UNSPECIFIED.,.F.,.F.,(6,6),(0.494934126341,0.643501108793),
  .PIECEWISE_BEZIER_KNOTS.);
#3113 = CARTESIAN_POINT('',(-6.77811943352,-1.));
#3114 = CARTESIAN_POINT('',(-6.807832830011,-1.070565406899));
#3115 = CARTESIAN_POINT('',(-6.837546226501,-1.145986685035));
#3116 = CARTESIAN_POINT('',(-6.867259622992,-1.226134049343));
#3117 = CARTESIAN_POINT('',(-6.896973019482,-1.310859810529));
#3118 = CARTESIAN_POINT('',(-6.926686415973,-1.4));
#3119 = ( GEOMETRIC_REPRESENTATION_CONTEXT(2) 
PARAMETRIC_REPRESENTATION_CONTEXT() REPRESENTATION_CONTEXT('2D SPACE',''
  ) );
#3120 = ORIENTED_EDGE('',*,*,#3121,.F.);
#3121 = EDGE_CURVE('',#2843,#3095,#3122,.T.);
#3122 = SURFACE_CURVE('',#3123,(#3127,#3134),.PCURVE_S1.);
#3123 = LINE('',#3124,#3125);
#3124 = CARTESIAN_POINT('',(84.500000000001,93.300000000001,-7.1));
#3125 = VECTOR('',#3126,1.);
#3126 = DIRECTION('',(0.,-1.,0.));
#3127 = PCURVE('',#1095,#3128);
#3128 = DEFINITIONAL_REPRESENTATION('',(#3129),#3133);
#3129 = LINE('',#3130,#3131);
#3130 = CARTESIAN_POINT('',(-0.,0.282842712475));
#3131 = VECTOR('',#3132,1.);
#3132 = DIRECTION('',(-1.,0.));
#3133 = ( GEOMETRIC_REPRESENTATION_CONTEXT(2) 
PARAMETRIC_REPRESENTATION_CONTEXT() REPRESENTATION_CONTEXT('2D SPACE',''
  ) );
#3134 = PCURVE('',#2888,#3135);
#3135 = DEFINITIONAL_REPRESENTATION('',(#3136),#3140);
#3136 = LINE('',#3137,#3138);
#3137 = CARTESIAN_POINT('',(88.000000000001,-1.4));
#3138 = VECTOR('',#3139,1.);
#3139 = DIRECTION('',(-1.,0.));
#3140 = ( GEOMETRIC_REPRESENTATION_CONTEXT(2) 
PARAMETRIC_REPRESENTATION_CONTEXT() REPRESENTATION_CONTEXT('2D SPACE',''
  ) );
#3141 = ADVANCED_FACE('',(#3142),#1124,.F.);
#3142 = FACE_BOUND('',#3143,.T.);
#3143 = EDGE_LOOP('',(#3144,#3165,#3166,#3167,#3168,#3189,#3216,#3237,
    #3266,#3287));
#3144 = ORIENTED_EDGE('',*,*,#3145,.T.);
#3145 = EDGE_CURVE('',#3146,#3095,#3148,.T.);
#3146 = VERTEX_POINT('',#3147);
#3147 = CARTESIAN_POINT('',(84.500000000001,6.699999999999,0.3));
#3148 = SURFACE_CURVE('',#3149,(#3153,#3159),.PCURVE_S1.);
#3149 = LINE('',#3150,#3151);
#3150 = CARTESIAN_POINT('',(84.500000000001,6.699999999999,-8.5));
#3151 = VECTOR('',#3152,1.);
#3152 = DIRECTION('',(-0.,-0.,-1.));
#3153 = PCURVE('',#1124,#3154);
#3154 = DEFINITIONAL_REPRESENTATION('',(#3155),#3158);
#3155 = B_SPLINE_CURVE_WITH_KNOTS('',1,(#3156,#3157),.UNSPECIFIED.,.F.,
  .F.,(2,2),(-8.8,-1.),.PIECEWISE_BEZIER_KNOTS.);
#3156 = CARTESIAN_POINT('',(-6.926686415973,-8.8));
#3157 = CARTESIAN_POINT('',(-6.926686415973,-1.));
#3158 = ( GEOMETRIC_REPRESENTATION_CONTEXT(2) 
PARAMETRIC_REPRESENTATION_CONTEXT() REPRESENTATION_CONTEXT('2D SPACE',''
  ) );
#3159 = PCURVE('',#2888,#3160);
#3160 = DEFINITIONAL_REPRESENTATION('',(#3161),#3164);
#3161 = B_SPLINE_CURVE_WITH_KNOTS('',1,(#3162,#3163),.UNSPECIFIED.,.F.,
  .F.,(2,2),(-9.58,-0.22),.PIECEWISE_BEZIER_KNOTS.);
#3162 = CARTESIAN_POINT('',(1.399999999999,-9.58));
#3163 = CARTESIAN_POINT('',(1.399999999999,-0.22));
#3164 = ( GEOMETRIC_REPRESENTATION_CONTEXT(2) 
PARAMETRIC_REPRESENTATION_CONTEXT() REPRESENTATION_CONTEXT('2D SPACE',''
  ) );
#3165 = ORIENTED_EDGE('',*,*,#3094,.F.);
#3166 = ORIENTED_EDGE('',*,*,#1107,.F.);
#3167 = ORIENTED_EDGE('',*,*,#3035,.T.);
#3168 = ORIENTED_EDGE('',*,*,#3169,.F.);
#3169 = EDGE_CURVE('',#3170,#3036,#3172,.T.);
#3170 = VERTEX_POINT('',#3171);
#3171 = CARTESIAN_POINT('',(77.5,-0.3,0.3));
#3172 = SURFACE_CURVE('',#3173,(#3177,#3183),.PCURVE_S1.);
#3173 = LINE('',#3174,#3175);
#3174 = CARTESIAN_POINT('',(77.5,-0.3,-8.5));
#3175 = VECTOR('',#3176,1.);
#3176 = DIRECTION('',(-0.,-0.,-1.));
#3177 = PCURVE('',#1124,#3178);
#3178 = DEFINITIONAL_REPRESENTATION('',(#3179),#3182);
#3179 = B_SPLINE_CURVE_WITH_KNOTS('',1,(#3180,#3181),.UNSPECIFIED.,.F.,
  .F.,(2,2),(-8.8,-1.),.PIECEWISE_BEZIER_KNOTS.);
#3180 = CARTESIAN_POINT('',(-4.068887871591,-8.8));
#3181 = CARTESIAN_POINT('',(-4.068887871591,-1.));
#3182 = ( GEOMETRIC_REPRESENTATION_CONTEXT(2) 
PARAMETRIC_REPRESENTATION_CONTEXT() REPRESENTATION_CONTEXT('2D SPACE',''
  ) );
#3183 = PCURVE('',#2778,#3184);
#3184 = DEFINITIONAL_REPRESENTATION('',(#3185),#3188);
#3185 = B_SPLINE_CURVE_WITH_KNOTS('',1,(#3186,#3187),.UNSPECIFIED.,.F.,
  .F.,(2,2),(-9.58,-0.22),.PIECEWISE_BEZIER_KNOTS.);
#3186 = CARTESIAN_POINT('',(72.200000000001,-9.58));
#3187 = CARTESIAN_POINT('',(72.200000000001,-0.22));
#3188 = ( GEOMETRIC_REPRESENTATION_CONTEXT(2) 
PARAMETRIC_REPRESENTATION_CONTEXT() REPRESENTATION_CONTEXT('2D SPACE',''
  ) );
#3189 = ORIENTED_EDGE('',*,*,#3190,.T.);
#3190 = EDGE_CURVE('',#3170,#3191,#3193,.T.);
#3191 = VERTEX_POINT('',#3192);
#3192 = CARTESIAN_POINT('',(76.357536964558,0.9,0.3));
#3193 = SURFACE_CURVE('',#3194,(#3199,#3205),.PCURVE_S1.);
#3194 = CIRCLE('',#3195,5.);
#3195 = AXIS2_PLACEMENT_3D('',#3196,#3197,#3198);
#3196 = CARTESIAN_POINT('',(80.5,3.7,0.3));
#3197 = DIRECTION('',(0.,0.,-1.));
#3198 = DIRECTION('',(1.,0.,0.));
#3199 = PCURVE('',#1124,#3200);
#3200 = DEFINITIONAL_REPRESENTATION('',(#3201),#3204);
#3201 = B_SPLINE_CURVE_WITH_KNOTS('',1,(#3202,#3203),.UNSPECIFIED.,.F.,
  .F.,(2,2),(2.214297435588,2.547206853589),.PIECEWISE_BEZIER_KNOTS.);
#3202 = CARTESIAN_POINT('',(-4.068887871591,-8.8));
#3203 = CARTESIAN_POINT('',(-3.735978453591,-8.8));
#3204 = ( GEOMETRIC_REPRESENTATION_CONTEXT(2) 
PARAMETRIC_REPRESENTATION_CONTEXT() REPRESENTATION_CONTEXT('2D SPACE',''
  ) );
#3205 = PCURVE('',#2747,#3206);
#3206 = DEFINITIONAL_REPRESENTATION('',(#3207),#3215);
#3207 = ( BOUNDED_CURVE() B_SPLINE_CURVE(2,(#3208,#3209,#3210,#3211,
#3212,#3213,#3214),.UNSPECIFIED.,.T.,.F.) B_SPLINE_CURVE_WITH_KNOTS((1,2
    ,2,2,2,1),(-2.094395102393,0.,2.094395102393,4.188790204786,
6.28318530718,8.377580409573),.UNSPECIFIED.) CURVE() 
GEOMETRIC_REPRESENTATION_ITEM() RATIONAL_B_SPLINE_CURVE((1.,0.5,1.,0.5,
1.,0.5,1.)) REPRESENTATION_ITEM('') );
#3208 = CARTESIAN_POINT('',(43.400000002012,-46.3));
#3209 = CARTESIAN_POINT('',(43.400000002012,-54.96025403784));
#3210 = CARTESIAN_POINT('',(35.900000002012,-50.63012701892));
#3211 = CARTESIAN_POINT('',(28.400000002012,-46.3));
#3212 = CARTESIAN_POINT('',(35.900000002012,-41.96987298107));
#3213 = CARTESIAN_POINT('',(43.400000002012,-37.63974596215));
#3214 = CARTESIAN_POINT('',(43.400000002012,-46.3));
#3215 = ( GEOMETRIC_REPRESENTATION_CONTEXT(2) 
PARAMETRIC_REPRESENTATION_CONTEXT() REPRESENTATION_CONTEXT('2D SPACE',''
  ) );
#3216 = ORIENTED_EDGE('',*,*,#3217,.F.);
#3217 = EDGE_CURVE('',#3218,#3191,#3220,.T.);
#3218 = VERTEX_POINT('',#3219);
#3219 = CARTESIAN_POINT('',(76.357536964558,0.9,1.5));
#3220 = SURFACE_CURVE('',#3221,(#3225,#3231),.PCURVE_S1.);
#3221 = LINE('',#3222,#3223);
#3222 = CARTESIAN_POINT('',(76.357536964558,0.9,-8.5));
#3223 = VECTOR('',#3224,1.);
#3224 = DIRECTION('',(-0.,-0.,-1.));
#3225 = PCURVE('',#1124,#3226);
#3226 = DEFINITIONAL_REPRESENTATION('',(#3227),#3230);
#3227 = B_SPLINE_CURVE_WITH_KNOTS('',1,(#3228,#3229),.UNSPECIFIED.,.F.,
  .F.,(2,2),(-10.,-8.8),.PIECEWISE_BEZIER_KNOTS.);
#3228 = CARTESIAN_POINT('',(-3.735978453591,-10.));
#3229 = CARTESIAN_POINT('',(-3.735978453591,-8.8));
#3230 = ( GEOMETRIC_REPRESENTATION_CONTEXT(2) 
PARAMETRIC_REPRESENTATION_CONTEXT() REPRESENTATION_CONTEXT('2D SPACE',''
  ) );
#3231 = PCURVE('',#2719,#3232);
#3232 = DEFINITIONAL_REPRESENTATION('',(#3233),#3236);
#3233 = B_SPLINE_CURVE_WITH_KNOTS('',1,(#3234,#3235),.UNSPECIFIED.,.F.,
  .F.,(2,2),(-10.0000006,-8.49),.PIECEWISE_BEZIER_KNOTS.);
#3234 = CARTESIAN_POINT('',(71.05753696456,-2.2000006));
#3235 = CARTESIAN_POINT('',(71.05753696456,-0.69));
#3236 = ( GEOMETRIC_REPRESENTATION_CONTEXT(2) 
PARAMETRIC_REPRESENTATION_CONTEXT() REPRESENTATION_CONTEXT('2D SPACE',''
  ) );
#3237 = ORIENTED_EDGE('',*,*,#3238,.T.);
#3238 = EDGE_CURVE('',#3218,#3239,#3241,.T.);
#3239 = VERTEX_POINT('',#3240);
#3240 = CARTESIAN_POINT('',(83.300000000001,7.842463035441,1.5));
#3241 = SURFACE_CURVE('',#3242,(#3247,#3254),.PCURVE_S1.);
#3242 = CIRCLE('',#3243,5.);
#3243 = AXIS2_PLACEMENT_3D('',#3244,#3245,#3246);
#3244 = CARTESIAN_POINT('',(80.5,3.7,1.5));
#3245 = DIRECTION('',(0.,0.,1.));
#3246 = DIRECTION('',(-0.828492607088,-0.56,0.));
#3247 = PCURVE('',#1124,#3248);
#3248 = DEFINITIONAL_REPRESENTATION('',(#3249),#3253);
#3249 = LINE('',#3250,#3251);
#3250 = CARTESIAN_POINT('',(-3.735978453591,-10.));
#3251 = VECTOR('',#3252,1.);
#3252 = DIRECTION('',(-1.,0.));
#3253 = ( GEOMETRIC_REPRESENTATION_CONTEXT(2) 
PARAMETRIC_REPRESENTATION_CONTEXT() REPRESENTATION_CONTEXT('2D SPACE',''
  ) );
#3254 = PCURVE('',#3255,#3260);
#3255 = PLANE('',#3256);
#3256 = AXIS2_PLACEMENT_3D('',#3257,#3258,#3259);
#3257 = CARTESIAN_POINT('',(80.5,3.7,1.5));
#3258 = DIRECTION('',(0.,0.,1.));
#3259 = DIRECTION('',(1.,0.,0.));
#3260 = DEFINITIONAL_REPRESENTATION('',(#3261),#3265);
#3261 = CIRCLE('',#3262,5.);
#3262 = AXIS2_PLACEMENT_2D('',#3263,#3264);
#3263 = CARTESIAN_POINT('',(0.,-4.440892098501E-16));
#3264 = DIRECTION('',(-0.828492607088,-0.56));
#3265 = ( GEOMETRIC_REPRESENTATION_CONTEXT(2) 
PARAMETRIC_REPRESENTATION_CONTEXT() REPRESENTATION_CONTEXT('2D SPACE',''
  ) );
#3266 = ORIENTED_EDGE('',*,*,#3267,.T.);
#3267 = EDGE_CURVE('',#3239,#3268,#3270,.T.);
#3268 = VERTEX_POINT('',#3269);
#3269 = CARTESIAN_POINT('',(83.300000000001,7.842463035441,0.3));
#3270 = SURFACE_CURVE('',#3271,(#3275,#3281),.PCURVE_S1.);
#3271 = LINE('',#3272,#3273);
#3272 = CARTESIAN_POINT('',(83.300000000001,7.842463035441,-8.5));
#3273 = VECTOR('',#3274,1.);
#3274 = DIRECTION('',(-0.,-0.,-1.));
#3275 = PCURVE('',#1124,#3276);
#3276 = DEFINITIONAL_REPRESENTATION('',(#3277),#3280);
#3277 = B_SPLINE_CURVE_WITH_KNOTS('',1,(#3278,#3279),.UNSPECIFIED.,.F.,
  .F.,(2,2),(-10.,-8.8),.PIECEWISE_BEZIER_KNOTS.);
#3278 = CARTESIAN_POINT('',(-7.259595833973,-10.));
#3279 = CARTESIAN_POINT('',(-7.259595833973,-8.8));
#3280 = ( GEOMETRIC_REPRESENTATION_CONTEXT(2) 
PARAMETRIC_REPRESENTATION_CONTEXT() REPRESENTATION_CONTEXT('2D SPACE',''
  ) );
#3281 = PCURVE('',#2946,#3282);
#3282 = DEFINITIONAL_REPRESENTATION('',(#3283),#3286);
#3283 = B_SPLINE_CURVE_WITH_KNOTS('',1,(#3284,#3285),.UNSPECIFIED.,.F.,
  .F.,(2,2),(-10.0000006,-8.49),.PIECEWISE_BEZIER_KNOTS.);
#3284 = CARTESIAN_POINT('',(2.542463035441,-2.2000006));
#3285 = CARTESIAN_POINT('',(2.542463035441,-0.69));
#3286 = ( GEOMETRIC_REPRESENTATION_CONTEXT(2) 
PARAMETRIC_REPRESENTATION_CONTEXT() REPRESENTATION_CONTEXT('2D SPACE',''
  ) );
#3287 = ORIENTED_EDGE('',*,*,#3288,.T.);
#3288 = EDGE_CURVE('',#3268,#3146,#3289,.T.);
#3289 = SURFACE_CURVE('',#3290,(#3295,#3301),.PCURVE_S1.);
#3290 = CIRCLE('',#3291,5.);
#3291 = AXIS2_PLACEMENT_3D('',#3292,#3293,#3294);
#3292 = CARTESIAN_POINT('',(80.5,3.7,0.3));
#3293 = DIRECTION('',(0.,0.,-1.));
#3294 = DIRECTION('',(1.,0.,0.));
#3295 = PCURVE('',#1124,#3296);
#3296 = DEFINITIONAL_REPRESENTATION('',(#3297),#3300);
#3297 = B_SPLINE_CURVE_WITH_KNOTS('',1,(#3298,#3299),.UNSPECIFIED.,.F.,
  .F.,(2,2),(5.306774780386,5.639684198387),.PIECEWISE_BEZIER_KNOTS.);
#3298 = CARTESIAN_POINT('',(-7.259595833973,-8.8));
#3299 = CARTESIAN_POINT('',(-6.926686415973,-8.8));
#3300 = ( GEOMETRIC_REPRESENTATION_CONTEXT(2) 
PARAMETRIC_REPRESENTATION_CONTEXT() REPRESENTATION_CONTEXT('2D SPACE',''
  ) );
#3301 = PCURVE('',#2915,#3302);
#3302 = DEFINITIONAL_REPRESENTATION('',(#3303),#3311);
#3303 = ( BOUNDED_CURVE() B_SPLINE_CURVE(2,(#3304,#3305,#3306,#3307,
#3308,#3309,#3310),.UNSPECIFIED.,.T.,.F.) B_SPLINE_CURVE_WITH_KNOTS((1,2
    ,2,2,2,1),(-2.094395102393,0.,2.094395102393,4.188790204786,
6.28318530718,8.377580409573),.UNSPECIFIED.) CURVE() 
GEOMETRIC_REPRESENTATION_ITEM() RATIONAL_B_SPLINE_CURVE((1.,0.5,1.,0.5,
1.,0.5,1.)) REPRESENTATION_ITEM('') );
#3304 = CARTESIAN_POINT('',(43.400000002012,-46.3));
#3305 = CARTESIAN_POINT('',(43.400000002012,-54.96025403784));
#3306 = CARTESIAN_POINT('',(35.900000002012,-50.63012701892));
#3307 = CARTESIAN_POINT('',(28.400000002012,-46.3));
#3308 = CARTESIAN_POINT('',(35.900000002012,-41.96987298107));
#3309 = CARTESIAN_POINT('',(43.400000002012,-37.63974596215));
#3310 = CARTESIAN_POINT('',(43.400000002012,-46.3));
#3311 = ( GEOMETRIC_REPRESENTATION_CONTEXT(2) 
PARAMETRIC_REPRESENTATION_CONTEXT() REPRESENTATION_CONTEXT('2D SPACE',''
  ) );
#3312 = ADVANCED_FACE('',(#3313),#1360,.F.);
#3313 = FACE_BOUND('',#3314,.T.);
#3314 = EDGE_LOOP('',(#3315,#3316,#3317,#3336));
#3315 = ORIENTED_EDGE('',*,*,#1403,.F.);
#3316 = ORIENTED_EDGE('',*,*,#1451,.T.);
#3317 = ORIENTED_EDGE('',*,*,#3318,.T.);
#3318 = EDGE_CURVE('',#1429,#1312,#3319,.T.);
#3319 = SURFACE_CURVE('',#3320,(#3324,#3330),.PCURVE_S1.);
#3320 = LINE('',#3321,#3322);
#3321 = CARTESIAN_POINT('',(79.499999993631,103.1,-7.3));
#3322 = VECTOR('',#3323,1.);
#3323 = DIRECTION('',(-6.934010625325E-35,-0.707106781187,
    -0.707106781187));
#3324 = PCURVE('',#1360,#3325);
#3325 = DEFINITIONAL_REPRESENTATION('',(#3326),#3329);
#3326 = B_SPLINE_CURVE_WITH_KNOTS('',1,(#3327,#3328),.UNSPECIFIED.,.F.,
  .F.,(2,2),(-0.282842712475,0.282842712475),.PIECEWISE_BEZIER_KNOTS.);
#3327 = CARTESIAN_POINT('',(-74.79999999363,-0.282842712475));
#3328 = CARTESIAN_POINT('',(-74.79999999363,0.282842712475));
#3329 = ( GEOMETRIC_REPRESENTATION_CONTEXT(2) 
PARAMETRIC_REPRESENTATION_CONTEXT() REPRESENTATION_CONTEXT('2D SPACE',''
  ) );
#3330 = PCURVE('',#1332,#3331);
#3331 = DEFINITIONAL_REPRESENTATION('',(#3332),#3335);
#3332 = B_SPLINE_CURVE_WITH_KNOTS('',1,(#3333,#3334),.UNSPECIFIED.,.F.,
  .F.,(2,2),(-0.282842712475,0.282842712475),.PIECEWISE_BEZIER_KNOTS.);
#3333 = CARTESIAN_POINT('',(0.,0.));
#3334 = CARTESIAN_POINT('',(0.,-0.4));
#3335 = ( GEOMETRIC_REPRESENTATION_CONTEXT(2) 
PARAMETRIC_REPRESENTATION_CONTEXT() REPRESENTATION_CONTEXT('2D SPACE',''
  ) );
#3336 = ORIENTED_EDGE('',*,*,#1344,.F.);
#3337 = ADVANCED_FACE('',(#3338),#1271,.T.);
#3338 = FACE_BOUND('',#3339,.T.);
#3339 = EDGE_LOOP('',(#3340,#3359,#3360,#3361));
#3340 = ORIENTED_EDGE('',*,*,#3341,.F.);
#3341 = EDGE_CURVE('',#1476,#1251,#3342,.T.);
#3342 = SURFACE_CURVE('',#3343,(#3347,#3353),.PCURVE_S1.);
#3343 = LINE('',#3344,#3345);
#3344 = CARTESIAN_POINT('',(87.3,4.7,-7.3));
#3345 = VECTOR('',#3346,1.);
#3346 = DIRECTION('',(-0.707106781187,-8.50996352839E-36,-0.707106781187
    ));
#3347 = PCURVE('',#1271,#3348);
#3348 = DEFINITIONAL_REPRESENTATION('',(#3349),#3352);
#3349 = B_SPLINE_CURVE_WITH_KNOTS('',1,(#3350,#3351),.UNSPECIFIED.,.F.,
  .F.,(2,2),(-0.282842712475,0.282842712475),.PIECEWISE_BEZIER_KNOTS.);
#3350 = CARTESIAN_POINT('',(0.,0.));
#3351 = CARTESIAN_POINT('',(0.,-0.4));
#3352 = ( GEOMETRIC_REPRESENTATION_CONTEXT(2) 
PARAMETRIC_REPRESENTATION_CONTEXT() REPRESENTATION_CONTEXT('2D SPACE',''
  ) );
#3353 = PCURVE('',#1299,#3354);
#3354 = DEFINITIONAL_REPRESENTATION('',(#3355),#3358);
#3355 = B_SPLINE_CURVE_WITH_KNOTS('',1,(#3356,#3357),.UNSPECIFIED.,.F.,
  .F.,(2,2),(-0.282842712475,0.282842712475),.PIECEWISE_BEZIER_KNOTS.);
#3356 = CARTESIAN_POINT('',(90.6,-0.282842712475));
#3357 = CARTESIAN_POINT('',(90.6,0.282842712475));
#3358 = ( GEOMETRIC_REPRESENTATION_CONTEXT(2) 
PARAMETRIC_REPRESENTATION_CONTEXT() REPRESENTATION_CONTEXT('2D SPACE',''
  ) );
#3359 = ORIENTED_EDGE('',*,*,#1500,.T.);
#3360 = ORIENTED_EDGE('',*,*,#2019,.T.);
#3361 = ORIENTED_EDGE('',*,*,#1250,.F.);
#3362 = ADVANCED_FACE('',(#3363),#1332,.T.);
#3363 = FACE_BOUND('',#3364,.T.);
#3364 = EDGE_LOOP('',(#3365,#3366,#3367,#3386));
#3365 = ORIENTED_EDGE('',*,*,#3318,.F.);
#3366 = ORIENTED_EDGE('',*,*,#1550,.T.);
#3367 = ORIENTED_EDGE('',*,*,#3368,.T.);
#3368 = EDGE_CURVE('',#1528,#1284,#3369,.T.);
#3369 = SURFACE_CURVE('',#3370,(#3374,#3380),.PCURVE_S1.);
#3370 = LINE('',#3371,#3372);
#3371 = CARTESIAN_POINT('',(87.499999993631,95.3,-7.1));
#3372 = VECTOR('',#3373,1.);
#3373 = DIRECTION('',(-0.707106781187,-4.329780281177E-17,
    -0.707106781187));
#3374 = PCURVE('',#1332,#3375);
#3375 = DEFINITIONAL_REPRESENTATION('',(#3376),#3379);
#3376 = B_SPLINE_CURVE_WITH_KNOTS('',1,(#3377,#3378),.UNSPECIFIED.,.F.,
  .F.,(2,2),(0.,0.565685424949),.PIECEWISE_BEZIER_KNOTS.);
#3377 = CARTESIAN_POINT('',(-1.570796326795,0.));
#3378 = CARTESIAN_POINT('',(-1.570796326795,-0.4));
#3379 = ( GEOMETRIC_REPRESENTATION_CONTEXT(2) 
PARAMETRIC_REPRESENTATION_CONTEXT() REPRESENTATION_CONTEXT('2D SPACE',''
  ) );
#3380 = PCURVE('',#1299,#3381);
#3381 = DEFINITIONAL_REPRESENTATION('',(#3382),#3385);
#3382 = B_SPLINE_CURVE_WITH_KNOTS('',1,(#3383,#3384),.UNSPECIFIED.,.F.,
  .F.,(2,2),(0.,0.565685424949),.PIECEWISE_BEZIER_KNOTS.);
#3383 = CARTESIAN_POINT('',(0.,-0.282842712475));
#3384 = CARTESIAN_POINT('',(0.,0.282842712475));
#3385 = ( GEOMETRIC_REPRESENTATION_CONTEXT(2) 
PARAMETRIC_REPRESENTATION_CONTEXT() REPRESENTATION_CONTEXT('2D SPACE',''
  ) );
#3386 = ORIENTED_EDGE('',*,*,#1311,.F.);
#3387 = ADVANCED_FACE('',(#3388),#1299,.T.);
#3388 = FACE_BOUND('',#3389,.T.);
#3389 = EDGE_LOOP('',(#3390,#3391,#3392,#3393));
#3390 = ORIENTED_EDGE('',*,*,#3368,.F.);
#3391 = ORIENTED_EDGE('',*,*,#1578,.T.);
#3392 = ORIENTED_EDGE('',*,*,#3341,.T.);
#3393 = ORIENTED_EDGE('',*,*,#1283,.F.);
#3394 = ADVANCED_FACE('',(#3395,#3405,#3440,#3475,#3510,#3720),#1620,.T.
  );
#3395 = FACE_BOUND('',#3396,.T.);
#3396 = EDGE_LOOP('',(#3397,#3398,#3399,#3400,#3401,#3402,#3403,#3404));
#3397 = ORIENTED_EDGE('',*,*,#1602,.F.);
#3398 = ORIENTED_EDGE('',*,*,#1678,.F.);
#3399 = ORIENTED_EDGE('',*,*,#1732,.T.);
#3400 = ORIENTED_EDGE('',*,*,#1781,.F.);
#3401 = ORIENTED_EDGE('',*,*,#1835,.T.);
#3402 = ORIENTED_EDGE('',*,*,#1884,.F.);
#3403 = ORIENTED_EDGE('',*,*,#1938,.F.);
#3404 = ORIENTED_EDGE('',*,*,#1987,.F.);
#3405 = FACE_BOUND('',#3406,.T.);
#3406 = EDGE_LOOP('',(#3407));
#3407 = ORIENTED_EDGE('',*,*,#3408,.T.);
#3408 = EDGE_CURVE('',#3409,#3409,#3411,.T.);
#3409 = VERTEX_POINT('',#3410);
#3410 = CARTESIAN_POINT('',(5.9,3.7,3.4));
#3411 = SURFACE_CURVE('',#3412,(#3417,#3428),.PCURVE_S1.);
#3412 = CIRCLE('',#3413,2.2);
#3413 = AXIS2_PLACEMENT_3D('',#3414,#3415,#3416);
#3414 = CARTESIAN_POINT('',(3.7,3.7,3.4));
#3415 = DIRECTION('',(0.,0.,-1.));
#3416 = DIRECTION('',(1.,0.,0.));
#3417 = PCURVE('',#1620,#3418);
#3418 = DEFINITIONAL_REPRESENTATION('',(#3419),#3427);
#3419 = ( BOUNDED_CURVE() B_SPLINE_CURVE(2,(#3420,#3421,#3422,#3423,
#3424,#3425,#3426),.UNSPECIFIED.,.T.,.F.) B_SPLINE_CURVE_WITH_KNOTS((1,2
    ,2,2,2,1),(-2.094395102393,0.,2.094395102393,4.188790204786,
6.28318530718,8.377580409573),.UNSPECIFIED.) CURVE() 
GEOMETRIC_REPRESENTATION_ITEM() RATIONAL_B_SPLINE_CURVE((1.,0.5,1.,0.5,
1.,0.5,1.)) REPRESENTATION_ITEM('') );
#3420 = CARTESIAN_POINT('',(-36.199999998,-46.3));
#3421 = CARTESIAN_POINT('',(-36.199999998,-50.11051177665));
#3422 = CARTESIAN_POINT('',(-39.499999998,-48.20525588832));
#3423 = CARTESIAN_POINT('',(-42.799999998,-46.3));
#3424 = CARTESIAN_POINT('',(-39.499999998,-44.39474411167));
#3425 = CARTESIAN_POINT('',(-36.199999998,-42.48948822334));
#3426 = CARTESIAN_POINT('',(-36.199999998,-46.3));
#3427 = ( GEOMETRIC_REPRESENTATION_CONTEXT(2) 
PARAMETRIC_REPRESENTATION_CONTEXT() REPRESENTATION_CONTEXT('2D SPACE',''
  ) );
#3428 = PCURVE('',#3429,#3434);
#3429 = CYLINDRICAL_SURFACE('',#3430,2.2);
#3430 = AXIS2_PLACEMENT_3D('',#3431,#3432,#3433);
#3431 = CARTESIAN_POINT('',(3.7,3.7,0.5));
#3432 = DIRECTION('',(-0.,-0.,-1.));
#3433 = DIRECTION('',(1.,0.,0.));
#3434 = DEFINITIONAL_REPRESENTATION('',(#3435),#3439);
#3435 = LINE('',#3436,#3437);
#3436 = CARTESIAN_POINT('',(-6.28318530718,-2.9));
#3437 = VECTOR('',#3438,1.);
#3438 = DIRECTION('',(1.,-0.));
#3439 = ( GEOMETRIC_REPRESENTATION_CONTEXT(2) 
PARAMETRIC_REPRESENTATION_CONTEXT() REPRESENTATION_CONTEXT('2D SPACE',''
  ) );
#3440 = FACE_BOUND('',#3441,.T.);
#3441 = EDGE_LOOP('',(#3442));
#3442 = ORIENTED_EDGE('',*,*,#3443,.T.);
#3443 = EDGE_CURVE('',#3444,#3444,#3446,.T.);
#3444 = VERTEX_POINT('',#3445);
#3445 = CARTESIAN_POINT('',(82.7,3.7,3.4));
#3446 = SURFACE_CURVE('',#3447,(#3452,#3463),.PCURVE_S1.);
#3447 = CIRCLE('',#3448,2.2);
#3448 = AXIS2_PLACEMENT_3D('',#3449,#3450,#3451);
#3449 = CARTESIAN_POINT('',(80.5,3.7,3.4));
#3450 = DIRECTION('',(0.,0.,-1.));
#3451 = DIRECTION('',(1.,0.,0.));
#3452 = PCURVE('',#1620,#3453);
#3453 = DEFINITIONAL_REPRESENTATION('',(#3454),#3462);
#3454 = ( BOUNDED_CURVE() B_SPLINE_CURVE(2,(#3455,#3456,#3457,#3458,
#3459,#3460,#3461),.UNSPECIFIED.,.T.,.F.) B_SPLINE_CURVE_WITH_KNOTS((1,2
    ,2,2,2,1),(-2.094395102393,0.,2.094395102393,4.188790204786,
6.28318530718,8.377580409573),.UNSPECIFIED.) CURVE() 
GEOMETRIC_REPRESENTATION_ITEM() RATIONAL_B_SPLINE_CURVE((1.,0.5,1.,0.5,
1.,0.5,1.)) REPRESENTATION_ITEM('') );
#3455 = CARTESIAN_POINT('',(40.600000001992,-46.3));
#3456 = CARTESIAN_POINT('',(40.600000001992,-50.11051177665));
#3457 = CARTESIAN_POINT('',(37.300000001992,-48.20525588832));
#3458 = CARTESIAN_POINT('',(34.000000001992,-46.3));
#3459 = CARTESIAN_POINT('',(37.300000001992,-44.39474411167));
#3460 = CARTESIAN_POINT('',(40.600000001992,-42.48948822334));
#3461 = CARTESIAN_POINT('',(40.600000001992,-46.3));
#3462 = ( GEOMETRIC_REPRESENTATION_CONTEXT(2) 
PARAMETRIC_REPRESENTATION_CONTEXT() REPRESENTATION_CONTEXT('2D SPACE',''
  ) );
#3463 = PCURVE('',#3464,#3469);
#3464 = CYLINDRICAL_SURFACE('',#3465,2.2);
#3465 = AXIS2_PLACEMENT_3D('',#3466,#3467,#3468);
#3466 = CARTESIAN_POINT('',(80.5,3.7,0.5));
#3467 = DIRECTION('',(-0.,-0.,-1.));
#3468 = DIRECTION('',(1.,0.,0.));
#3469 = DEFINITIONAL_REPRESENTATION('',(#3470),#3474);
#3470 = LINE('',#3471,#3472);
#3471 = CARTESIAN_POINT('',(-6.28318530718,-2.9));
#3472 = VECTOR('',#3473,1.);
#3473 = DIRECTION('',(1.,-0.));
#3474 = ( GEOMETRIC_REPRESENTATION_CONTEXT(2) 
PARAMETRIC_REPRESENTATION_CONTEXT() REPRESENTATION_CONTEXT('2D SPACE',''
  ) );
#3475 = FACE_BOUND('',#3476,.T.);
#3476 = EDGE_LOOP('',(#3477));
#3477 = ORIENTED_EDGE('',*,*,#3478,.T.);
#3478 = EDGE_CURVE('',#3479,#3479,#3481,.T.);
#3479 = VERTEX_POINT('',#3480);
#3480 = CARTESIAN_POINT('',(5.9,96.3,3.4));
#3481 = SURFACE_CURVE('',#3482,(#3487,#3498),.PCURVE_S1.);
#3482 = CIRCLE('',#3483,2.2);
#3483 = AXIS2_PLACEMENT_3D('',#3484,#3485,#3486);
#3484 = CARTESIAN_POINT('',(3.7,96.3,3.4));
#3485 = DIRECTION('',(0.,0.,-1.));
#3486 = DIRECTION('',(1.,0.,0.));
#3487 = PCURVE('',#1620,#3488);
#3488 = DEFINITIONAL_REPRESENTATION('',(#3489),#3497);
#3489 = ( BOUNDED_CURVE() B_SPLINE_CURVE(2,(#3490,#3491,#3492,#3493,
#3494,#3495,#3496),.UNSPECIFIED.,.T.,.F.) B_SPLINE_CURVE_WITH_KNOTS((1,2
    ,2,2,2,1),(-2.094395102393,0.,2.094395102393,4.188790204786,
6.28318530718,8.377580409573),.UNSPECIFIED.) CURVE() 
GEOMETRIC_REPRESENTATION_ITEM() RATIONAL_B_SPLINE_CURVE((1.,0.5,1.,0.5,
1.,0.5,1.)) REPRESENTATION_ITEM('') );
#3490 = CARTESIAN_POINT('',(-36.199999998,46.3));
#3491 = CARTESIAN_POINT('',(-36.199999998,42.489488223348));
#3492 = CARTESIAN_POINT('',(-39.499999998,44.394744111674));
#3493 = CARTESIAN_POINT('',(-42.799999998,46.3));
#3494 = CARTESIAN_POINT('',(-39.499999998,48.205255888326));
#3495 = CARTESIAN_POINT('',(-36.199999998,50.110511776652));
#3496 = CARTESIAN_POINT('',(-36.199999998,46.3));
#3497 = ( GEOMETRIC_REPRESENTATION_CONTEXT(2) 
PARAMETRIC_REPRESENTATION_CONTEXT() REPRESENTATION_CONTEXT('2D SPACE',''
  ) );
#3498 = PCURVE('',#3499,#3504);
#3499 = CYLINDRICAL_SURFACE('',#3500,2.2);
#3500 = AXIS2_PLACEMENT_3D('',#3501,#3502,#3503);
#3501 = CARTESIAN_POINT('',(3.7,96.3,0.5));
#3502 = DIRECTION('',(-0.,-0.,-1.));
#3503 = DIRECTION('',(1.,0.,0.));
#3504 = DEFINITIONAL_REPRESENTATION('',(#3505),#3509);
#3505 = LINE('',#3506,#3507);
#3506 = CARTESIAN_POINT('',(-6.28318530718,-2.9));
#3507 = VECTOR('',#3508,1.);
#3508 = DIRECTION('',(1.,-0.));
#3509 = ( GEOMETRIC_REPRESENTATION_CONTEXT(2) 
PARAMETRIC_REPRESENTATION_CONTEXT() REPRESENTATION_CONTEXT('2D SPACE',''
  ) );
#3510 = FACE_BOUND('',#3511,.T.);
#3511 = EDGE_LOOP('',(#3512,#3537,#3566,#3589,#3618,#3641,#3670,#3693));
#3512 = ORIENTED_EDGE('',*,*,#3513,.T.);
#3513 = EDGE_CURVE('',#3514,#3516,#3518,.T.);
#3514 = VERTEX_POINT('',#3515);
#3515 = CARTESIAN_POINT('',(0.900000000001,6.963433774417,3.4));
#3516 = VERTEX_POINT('',#3517);
#3517 = CARTESIAN_POINT('',(0.900000000001,93.036566225583,3.4));
#3518 = SURFACE_CURVE('',#3519,(#3523,#3530),.PCURVE_S1.);
#3519 = LINE('',#3520,#3521);
#3520 = CARTESIAN_POINT('',(0.900000000001,50.,3.4));
#3521 = VECTOR('',#3522,1.);
#3522 = DIRECTION('',(0.,1.,0.));
#3523 = PCURVE('',#1620,#3524);
#3524 = DEFINITIONAL_REPRESENTATION('',(#3525),#3529);
#3525 = LINE('',#3526,#3527);
#3526 = CARTESIAN_POINT('',(-41.199999998,0.));
#3527 = VECTOR('',#3528,1.);
#3528 = DIRECTION('',(0.,1.));
#3529 = ( GEOMETRIC_REPRESENTATION_CONTEXT(2) 
PARAMETRIC_REPRESENTATION_CONTEXT() REPRESENTATION_CONTEXT('2D SPACE',''
  ) );
#3530 = PCURVE('',#2367,#3531);
#3531 = DEFINITIONAL_REPRESENTATION('',(#3532),#3536);
#3532 = LINE('',#3533,#3534);
#3533 = CARTESIAN_POINT('',(44.7,-4.1));
#3534 = VECTOR('',#3535,1.);
#3535 = DIRECTION('',(1.,0.));
#3536 = ( GEOMETRIC_REPRESENTATION_CONTEXT(2) 
PARAMETRIC_REPRESENTATION_CONTEXT() REPRESENTATION_CONTEXT('2D SPACE',''
  ) );
#3537 = ORIENTED_EDGE('',*,*,#3538,.T.);
#3538 = EDGE_CURVE('',#3516,#3539,#3541,.T.);
#3539 = VERTEX_POINT('',#3540);
#3540 = CARTESIAN_POINT('',(6.963433774416,99.1,3.4));
#3541 = SURFACE_CURVE('',#3542,(#3547,#3554),.PCURVE_S1.);
#3542 = CIRCLE('',#3543,4.3);
#3543 = AXIS2_PLACEMENT_3D('',#3544,#3545,#3546);
#3544 = CARTESIAN_POINT('',(3.7,96.3,3.4));
#3545 = DIRECTION('',(9.455097840181E-33,-1.360803498853E-16,1.));
#3546 = DIRECTION('',(-0.651162790697,-0.758938087074,
    -1.032765604302E-16));
#3547 = PCURVE('',#1620,#3548);
#3548 = DEFINITIONAL_REPRESENTATION('',(#3549),#3553);
#3549 = CIRCLE('',#3550,4.3);
#3550 = AXIS2_PLACEMENT_2D('',#3551,#3552);
#3551 = CARTESIAN_POINT('',(-38.399999998,46.3));
#3552 = DIRECTION('',(-0.651162790697,-0.758938087074));
#3553 = ( GEOMETRIC_REPRESENTATION_CONTEXT(2) 
PARAMETRIC_REPRESENTATION_CONTEXT() REPRESENTATION_CONTEXT('2D SPACE',''
  ) );
#3554 = PCURVE('',#3555,#3560);
#3555 = CYLINDRICAL_SURFACE('',#3556,4.3);
#3556 = AXIS2_PLACEMENT_3D('',#3557,#3558,#3559);
#3557 = CARTESIAN_POINT('',(3.7,96.3,1.5));
#3558 = DIRECTION('',(-0.,-0.,-1.));
#3559 = DIRECTION('',(1.,0.,0.));
#3560 = DEFINITIONAL_REPRESENTATION('',(#3561),#3565);
#3561 = LINE('',#3562,#3563);
#3562 = CARTESIAN_POINT('',(-4.003273420241,-1.9));
#3563 = VECTOR('',#3564,1.);
#3564 = DIRECTION('',(-1.,0.));
#3565 = ( GEOMETRIC_REPRESENTATION_CONTEXT(2) 
PARAMETRIC_REPRESENTATION_CONTEXT() REPRESENTATION_CONTEXT('2D SPACE',''
  ) );
#3566 = ORIENTED_EDGE('',*,*,#3567,.T.);
#3567 = EDGE_CURVE('',#3539,#3568,#3570,.T.);
#3568 = VERTEX_POINT('',#3569);
#3569 = CARTESIAN_POINT('',(77.236566225584,99.1,3.4));
#3570 = SURFACE_CURVE('',#3571,(#3575,#3582),.PCURVE_S1.);
#3571 = LINE('',#3572,#3573);
#3572 = CARTESIAN_POINT('',(42.100000000001,99.1,3.4));
#3573 = VECTOR('',#3574,1.);
#3574 = DIRECTION('',(1.,0.,0.));
#3575 = PCURVE('',#1620,#3576);
#3576 = DEFINITIONAL_REPRESENTATION('',(#3577),#3581);
#3577 = LINE('',#3578,#3579);
#3578 = CARTESIAN_POINT('',(1.993164744363E-09,49.1));
#3579 = VECTOR('',#3580,1.);
#3580 = DIRECTION('',(1.,0.));
#3581 = ( GEOMETRIC_REPRESENTATION_CONTEXT(2) 
PARAMETRIC_REPRESENTATION_CONTEXT() REPRESENTATION_CONTEXT('2D SPACE',''
  ) );
#3582 = PCURVE('',#2312,#3583);
#3583 = DEFINITIONAL_REPRESENTATION('',(#3584),#3588);
#3584 = LINE('',#3585,#3586);
#3585 = CARTESIAN_POINT('',(36.800000000002,-4.1));
#3586 = VECTOR('',#3587,1.);
#3587 = DIRECTION('',(1.,0.));
#3588 = ( GEOMETRIC_REPRESENTATION_CONTEXT(2) 
PARAMETRIC_REPRESENTATION_CONTEXT() REPRESENTATION_CONTEXT('2D SPACE',''
  ) );
#3589 = ORIENTED_EDGE('',*,*,#3590,.T.);
#3590 = EDGE_CURVE('',#3568,#3591,#3593,.T.);
#3591 = VERTEX_POINT('',#3592);
#3592 = CARTESIAN_POINT('',(83.300000000001,93.036566225585,3.4));
#3593 = SURFACE_CURVE('',#3594,(#3599,#3606),.PCURVE_S1.);
#3594 = CIRCLE('',#3595,4.3);
#3595 = AXIS2_PLACEMENT_3D('',#3596,#3597,#3598);
#3596 = CARTESIAN_POINT('',(80.5,96.3,3.4));
#3597 = DIRECTION('',(0.,0.,1.));
#3598 = DIRECTION('',(1.,0.,0.));
#3599 = PCURVE('',#1620,#3600);
#3600 = DEFINITIONAL_REPRESENTATION('',(#3601),#3605);
#3601 = CIRCLE('',#3602,4.3);
#3602 = AXIS2_PLACEMENT_2D('',#3603,#3604);
#3603 = CARTESIAN_POINT('',(38.400000001992,46.3));
#3604 = DIRECTION('',(1.,0.));
#3605 = ( GEOMETRIC_REPRESENTATION_CONTEXT(2) 
PARAMETRIC_REPRESENTATION_CONTEXT() REPRESENTATION_CONTEXT('2D SPACE',''
  ) );
#3606 = PCURVE('',#3607,#3612);
#3607 = CYLINDRICAL_SURFACE('',#3608,4.3);
#3608 = AXIS2_PLACEMENT_3D('',#3609,#3610,#3611);
#3609 = CARTESIAN_POINT('',(80.5,96.3,1.5));
#3610 = DIRECTION('',(-0.,-0.,-1.));
#3611 = DIRECTION('',(1.,0.,0.));
#3612 = DEFINITIONAL_REPRESENTATION('',(#3613),#3617);
#3613 = LINE('',#3614,#3615);
#3614 = CARTESIAN_POINT('',(-0.,-1.9));
#3615 = VECTOR('',#3616,1.);
#3616 = DIRECTION('',(-1.,0.));
#3617 = ( GEOMETRIC_REPRESENTATION_CONTEXT(2) 
PARAMETRIC_REPRESENTATION_CONTEXT() REPRESENTATION_CONTEXT('2D SPACE',''
  ) );
#3618 = ORIENTED_EDGE('',*,*,#3619,.F.);
#3619 = EDGE_CURVE('',#3620,#3591,#3622,.T.);
#3620 = VERTEX_POINT('',#3621);
#3621 = CARTESIAN_POINT('',(83.300000000001,6.963433774415,3.4));
#3622 = SURFACE_CURVE('',#3623,(#3627,#3634),.PCURVE_S1.);
#3623 = LINE('',#3624,#3625);
#3624 = CARTESIAN_POINT('',(83.300000000001,50.,3.4));
#3625 = VECTOR('',#3626,1.);
#3626 = DIRECTION('',(0.,1.,0.));
#3627 = PCURVE('',#1620,#3628);
#3628 = DEFINITIONAL_REPRESENTATION('',(#3629),#3633);
#3629 = LINE('',#3630,#3631);
#3630 = CARTESIAN_POINT('',(41.200000001993,0.));
#3631 = VECTOR('',#3632,1.);
#3632 = DIRECTION('',(0.,1.));
#3633 = ( GEOMETRIC_REPRESENTATION_CONTEXT(2) 
PARAMETRIC_REPRESENTATION_CONTEXT() REPRESENTATION_CONTEXT('2D SPACE',''
  ) );
#3634 = PCURVE('',#2946,#3635);
#3635 = DEFINITIONAL_REPRESENTATION('',(#3636),#3640);
#3636 = LINE('',#3637,#3638);
#3637 = CARTESIAN_POINT('',(44.7,-4.1));
#3638 = VECTOR('',#3639,1.);
#3639 = DIRECTION('',(1.,0.));
#3640 = ( GEOMETRIC_REPRESENTATION_CONTEXT(2) 
PARAMETRIC_REPRESENTATION_CONTEXT() REPRESENTATION_CONTEXT('2D SPACE',''
  ) );
#3641 = ORIENTED_EDGE('',*,*,#3642,.T.);
#3642 = EDGE_CURVE('',#3620,#3643,#3645,.T.);
#3643 = VERTEX_POINT('',#3644);
#3644 = CARTESIAN_POINT('',(77.236566225584,0.9,3.4));
#3645 = SURFACE_CURVE('',#3646,(#3651,#3658),.PCURVE_S1.);
#3646 = CIRCLE('',#3647,4.3);
#3647 = AXIS2_PLACEMENT_3D('',#3648,#3649,#3650);
#3648 = CARTESIAN_POINT('',(80.5,3.7,3.4));
#3649 = DIRECTION('',(0.,0.,1.));
#3650 = DIRECTION('',(1.,0.,0.));
#3651 = PCURVE('',#1620,#3652);
#3652 = DEFINITIONAL_REPRESENTATION('',(#3653),#3657);
#3653 = CIRCLE('',#3654,4.3);
#3654 = AXIS2_PLACEMENT_2D('',#3655,#3656);
#3655 = CARTESIAN_POINT('',(38.400000001992,-46.3));
#3656 = DIRECTION('',(1.,0.));
#3657 = ( GEOMETRIC_REPRESENTATION_CONTEXT(2) 
PARAMETRIC_REPRESENTATION_CONTEXT() REPRESENTATION_CONTEXT('2D SPACE',''
  ) );
#3658 = PCURVE('',#3659,#3664);
#3659 = CYLINDRICAL_SURFACE('',#3660,4.3);
#3660 = AXIS2_PLACEMENT_3D('',#3661,#3662,#3663);
#3661 = CARTESIAN_POINT('',(80.5,3.7,1.5));
#3662 = DIRECTION('',(-0.,-0.,-1.));
#3663 = DIRECTION('',(1.,0.,0.));
#3664 = DEFINITIONAL_REPRESENTATION('',(#3665),#3669);
#3665 = LINE('',#3666,#3667);
#3666 = CARTESIAN_POINT('',(-0.,-1.9));
#3667 = VECTOR('',#3668,1.);
#3668 = DIRECTION('',(-1.,0.));
#3669 = ( GEOMETRIC_REPRESENTATION_CONTEXT(2) 
PARAMETRIC_REPRESENTATION_CONTEXT() REPRESENTATION_CONTEXT('2D SPACE',''
  ) );
#3670 = ORIENTED_EDGE('',*,*,#3671,.F.);
#3671 = EDGE_CURVE('',#3672,#3643,#3674,.T.);
#3672 = VERTEX_POINT('',#3673);
#3673 = CARTESIAN_POINT('',(6.963433774416,0.9,3.4));
#3674 = SURFACE_CURVE('',#3675,(#3679,#3686),.PCURVE_S1.);
#3675 = LINE('',#3676,#3677);
#3676 = CARTESIAN_POINT('',(42.100000000001,0.9,3.4));
#3677 = VECTOR('',#3678,1.);
#3678 = DIRECTION('',(1.,0.,0.));
#3679 = PCURVE('',#1620,#3680);
#3680 = DEFINITIONAL_REPRESENTATION('',(#3681),#3685);
#3681 = LINE('',#3682,#3683);
#3682 = CARTESIAN_POINT('',(1.993164744363E-09,-49.1));
#3683 = VECTOR('',#3684,1.);
#3684 = DIRECTION('',(1.,0.));
#3685 = ( GEOMETRIC_REPRESENTATION_CONTEXT(2) 
PARAMETRIC_REPRESENTATION_CONTEXT() REPRESENTATION_CONTEXT('2D SPACE',''
  ) );
#3686 = PCURVE('',#2719,#3687);
#3687 = DEFINITIONAL_REPRESENTATION('',(#3688),#3692);
#3688 = LINE('',#3689,#3690);
#3689 = CARTESIAN_POINT('',(36.800000000002,-4.1));
#3690 = VECTOR('',#3691,1.);
#3691 = DIRECTION('',(1.,0.));
#3692 = ( GEOMETRIC_REPRESENTATION_CONTEXT(2) 
PARAMETRIC_REPRESENTATION_CONTEXT() REPRESENTATION_CONTEXT('2D SPACE',''
  ) );
#3693 = ORIENTED_EDGE('',*,*,#3694,.T.);
#3694 = EDGE_CURVE('',#3672,#3514,#3695,.T.);
#3695 = SURFACE_CURVE('',#3696,(#3701,#3708),.PCURVE_S1.);
#3696 = CIRCLE('',#3697,4.3);
#3697 = AXIS2_PLACEMENT_3D('',#3698,#3699,#3700);
#3698 = CARTESIAN_POINT('',(3.7,3.7,3.4));
#3699 = DIRECTION('',(-3.659899574924E-32,-1.586032892322E-16,1.));
#3700 = DIRECTION('',(0.758938087074,-0.651162790698,-1.032765604302E-16
    ));
#3701 = PCURVE('',#1620,#3702);
#3702 = DEFINITIONAL_REPRESENTATION('',(#3703),#3707);
#3703 = CIRCLE('',#3704,4.3);
#3704 = AXIS2_PLACEMENT_2D('',#3705,#3706);
#3705 = CARTESIAN_POINT('',(-38.399999998,-46.3));
#3706 = DIRECTION('',(0.758938087074,-0.651162790698));
#3707 = ( GEOMETRIC_REPRESENTATION_CONTEXT(2) 
PARAMETRIC_REPRESENTATION_CONTEXT() REPRESENTATION_CONTEXT('2D SPACE',''
  ) );
#3708 = PCURVE('',#3709,#3714);
#3709 = CYLINDRICAL_SURFACE('',#3710,4.3);
#3710 = AXIS2_PLACEMENT_3D('',#3711,#3712,#3713);
#3711 = CARTESIAN_POINT('',(3.7,3.7,1.5));
#3712 = DIRECTION('',(-0.,-0.,-1.));
#3713 = DIRECTION('',(1.,0.,0.));
#3714 = DEFINITIONAL_REPRESENTATION('',(#3715),#3719);
#3715 = LINE('',#3716,#3717);
#3716 = CARTESIAN_POINT('',(-5.574069747035,-1.9));
#3717 = VECTOR('',#3718,1.);
#3718 = DIRECTION('',(-1.,0.));
#3719 = ( GEOMETRIC_REPRESENTATION_CONTEXT(2) 
PARAMETRIC_REPRESENTATION_CONTEXT() REPRESENTATION_CONTEXT('2D SPACE',''
  ) );
#3720 = FACE_BOUND('',#3721,.T.);
#3721 = EDGE_LOOP('',(#3722));
#3722 = ORIENTED_EDGE('',*,*,#3723,.T.);
#3723 = EDGE_CURVE('',#3724,#3724,#3726,.T.);
#3724 = VERTEX_POINT('',#3725);
#3725 = CARTESIAN_POINT('',(82.7,96.3,3.4));
#3726 = SURFACE_CURVE('',#3727,(#3732,#3743),.PCURVE_S1.);
#3727 = CIRCLE('',#3728,2.2);
#3728 = AXIS2_PLACEMENT_3D('',#3729,#3730,#3731);
#3729 = CARTESIAN_POINT('',(80.5,96.3,3.4));
#3730 = DIRECTION('',(0.,0.,-1.));
#3731 = DIRECTION('',(1.,0.,0.));
#3732 = PCURVE('',#1620,#3733);
#3733 = DEFINITIONAL_REPRESENTATION('',(#3734),#3742);
#3734 = ( BOUNDED_CURVE() B_SPLINE_CURVE(2,(#3735,#3736,#3737,#3738,
#3739,#3740,#3741),.UNSPECIFIED.,.T.,.F.) B_SPLINE_CURVE_WITH_KNOTS((1,2
    ,2,2,2,1),(-2.094395102393,0.,2.094395102393,4.188790204786,
6.28318530718,8.377580409573),.UNSPECIFIED.) CURVE() 
GEOMETRIC_REPRESENTATION_ITEM() RATIONAL_B_SPLINE_CURVE((1.,0.5,1.,0.5,
1.,0.5,1.)) REPRESENTATION_ITEM('') );
#3735 = CARTESIAN_POINT('',(40.600000001992,46.3));
#3736 = CARTESIAN_POINT('',(40.600000001992,42.489488223348));
#3737 = CARTESIAN_POINT('',(37.300000001992,44.394744111674));
#3738 = CARTESIAN_POINT('',(34.000000001992,46.3));
#3739 = CARTESIAN_POINT('',(37.300000001992,48.205255888326));
#3740 = CARTESIAN_POINT('',(40.600000001992,50.110511776652));
#3741 = CARTESIAN_POINT('',(40.600000001992,46.3));
#3742 = ( GEOMETRIC_REPRESENTATION_CONTEXT(2) 
PARAMETRIC_REPRESENTATION_CONTEXT() REPRESENTATION_CONTEXT('2D SPACE',''
  ) );
#3743 = PCURVE('',#3744,#3749);
#3744 = CYLINDRICAL_SURFACE('',#3745,2.2);
#3745 = AXIS2_PLACEMENT_3D('',#3746,#3747,#3748);
#3746 = CARTESIAN_POINT('',(80.5,96.3,0.5));
#3747 = DIRECTION('',(-0.,-0.,-1.));
#3748 = DIRECTION('',(1.,0.,0.));
#3749 = DEFINITIONAL_REPRESENTATION('',(#3750),#3754);
#3750 = LINE('',#3751,#3752);
#3751 = CARTESIAN_POINT('',(-6.28318530718,-2.9));
#3752 = VECTOR('',#3753,1.);
#3753 = DIRECTION('',(1.,-0.));
#3754 = ( GEOMETRIC_REPRESENTATION_CONTEXT(2) 
PARAMETRIC_REPRESENTATION_CONTEXT() REPRESENTATION_CONTEXT('2D SPACE',''
  ) );
#3755 = ADVANCED_FACE('',(#3756,#3762),#2082,.F.);
#3756 = FACE_BOUND('',#3757,.F.);
#3757 = EDGE_LOOP('',(#3758,#3759,#3760,#3761));
#3758 = ORIENTED_EDGE('',*,*,#2212,.F.);
#3759 = ORIENTED_EDGE('',*,*,#2067,.T.);
#3760 = ORIENTED_EDGE('',*,*,#2139,.T.);
#3761 = ORIENTED_EDGE('',*,*,#2185,.F.);
#3762 = FACE_BOUND('',#3763,.F.);
#3763 = EDGE_LOOP('',(#3764,#3792,#3818,#3844));
#3764 = ORIENTED_EDGE('',*,*,#3765,.T.);
#3765 = EDGE_CURVE('',#3766,#3768,#3770,.T.);
#3766 = VERTEX_POINT('',#3767);
#3767 = CARTESIAN_POINT('',(47.1,-2.7,-5.));
#3768 = VERTEX_POINT('',#3769);
#3769 = CARTESIAN_POINT('',(47.1,-2.7,-1.4));
#3770 = SURFACE_CURVE('',#3771,(#3775,#3781),.PCURVE_S1.);
#3771 = LINE('',#3772,#3773);
#3772 = CARTESIAN_POINT('',(47.1,-2.7,-2.35));
#3773 = VECTOR('',#3774,1.);
#3774 = DIRECTION('',(0.,-0.,1.));
#3775 = PCURVE('',#2082,#3776);
#3776 = DEFINITIONAL_REPRESENTATION('',(#3777),#3780);
#3777 = B_SPLINE_CURVE_WITH_KNOTS('',1,(#3778,#3779),.UNSPECIFIED.,.F.,
  .F.,(2,2),(-2.65,0.95),.PIECEWISE_BEZIER_KNOTS.);
#3778 = CARTESIAN_POINT('',(12.638146711191,-0.785651135315));
#3779 = CARTESIAN_POINT('',(10.931387348265,-3.955347095035));
#3780 = ( GEOMETRIC_REPRESENTATION_CONTEXT(2) 
PARAMETRIC_REPRESENTATION_CONTEXT() REPRESENTATION_CONTEXT('2D SPACE',''
  ) );
#3781 = PCURVE('',#3782,#3787);
#3782 = PLANE('',#3783);
#3783 = AXIS2_PLACEMENT_3D('',#3784,#3785,#3786);
#3784 = CARTESIAN_POINT('',(47.1,-6.45,-5.));
#3785 = DIRECTION('',(1.,0.,-0.));
#3786 = DIRECTION('',(0.,0.,1.));
#3787 = DEFINITIONAL_REPRESENTATION('',(#3788),#3791);
#3788 = B_SPLINE_CURVE_WITH_KNOTS('',1,(#3789,#3790),.UNSPECIFIED.,.F.,
  .F.,(2,2),(-2.65,0.95),.PIECEWISE_BEZIER_KNOTS.);
#3789 = CARTESIAN_POINT('',(0.,-3.75));
#3790 = CARTESIAN_POINT('',(3.6,-3.75));
#3791 = ( GEOMETRIC_REPRESENTATION_CONTEXT(2) 
PARAMETRIC_REPRESENTATION_CONTEXT() REPRESENTATION_CONTEXT('2D SPACE',''
  ) );
#3792 = ORIENTED_EDGE('',*,*,#3793,.T.);
#3793 = EDGE_CURVE('',#3768,#3794,#3796,.T.);
#3794 = VERTEX_POINT('',#3795);
#3795 = CARTESIAN_POINT('',(37.1,-2.7,-1.4));
#3796 = SURFACE_CURVE('',#3797,(#3801,#3807),.PCURVE_S1.);
#3797 = LINE('',#3798,#3799);
#3798 = CARTESIAN_POINT('',(36.35,-2.7,-1.4));
#3799 = VECTOR('',#3800,1.);
#3800 = DIRECTION('',(-1.,0.,0.));
#3801 = PCURVE('',#2082,#3802);
#3802 = DEFINITIONAL_REPRESENTATION('',(#3803),#3806);
#3803 = B_SPLINE_CURVE_WITH_KNOTS('',1,(#3804,#3805),.UNSPECIFIED.,.F.,
  .F.,(2,2),(-10.75,-0.75),.PIECEWISE_BEZIER_KNOTS.);
#3804 = CARTESIAN_POINT('',(10.931387348265,-3.955347095035));
#3805 = CARTESIAN_POINT('',(2.126676349043,0.785651135315));
#3806 = ( GEOMETRIC_REPRESENTATION_CONTEXT(2) 
PARAMETRIC_REPRESENTATION_CONTEXT() REPRESENTATION_CONTEXT('2D SPACE',''
  ) );
#3807 = PCURVE('',#3808,#3813);
#3808 = PLANE('',#3809);
#3809 = AXIS2_PLACEMENT_3D('',#3810,#3811,#3812);
#3810 = CARTESIAN_POINT('',(37.1,-6.45,-1.4));
#3811 = DIRECTION('',(0.,0.,1.));
#3812 = DIRECTION('',(1.,0.,-0.));
#3813 = DEFINITIONAL_REPRESENTATION('',(#3814),#3817);
#3814 = B_SPLINE_CURVE_WITH_KNOTS('',1,(#3815,#3816),.UNSPECIFIED.,.F.,
  .F.,(2,2),(-10.75,-0.75),.PIECEWISE_BEZIER_KNOTS.);
#3815 = CARTESIAN_POINT('',(10.,3.75));
#3816 = CARTESIAN_POINT('',(0.,3.75));
#3817 = ( GEOMETRIC_REPRESENTATION_CONTEXT(2) 
PARAMETRIC_REPRESENTATION_CONTEXT() REPRESENTATION_CONTEXT('2D SPACE',''
  ) );
#3818 = ORIENTED_EDGE('',*,*,#3819,.F.);
#3819 = EDGE_CURVE('',#3820,#3794,#3822,.T.);
#3820 = VERTEX_POINT('',#3821);
#3821 = CARTESIAN_POINT('',(37.1,-2.7,-5.));
#3822 = SURFACE_CURVE('',#3823,(#3827,#3833),.PCURVE_S1.);
#3823 = LINE('',#3824,#3825);
#3824 = CARTESIAN_POINT('',(37.1,-2.7,-2.35));
#3825 = VECTOR('',#3826,1.);
#3826 = DIRECTION('',(0.,-0.,1.));
#3827 = PCURVE('',#2082,#3828);
#3828 = DEFINITIONAL_REPRESENTATION('',(#3829),#3832);
#3829 = B_SPLINE_CURVE_WITH_KNOTS('',1,(#3830,#3831),.UNSPECIFIED.,.F.,
  .F.,(2,2),(-2.65,0.95),.PIECEWISE_BEZIER_KNOTS.);
#3830 = CARTESIAN_POINT('',(3.833435711969,3.955347095035));
#3831 = CARTESIAN_POINT('',(2.126676349043,0.785651135315));
#3832 = ( GEOMETRIC_REPRESENTATION_CONTEXT(2) 
PARAMETRIC_REPRESENTATION_CONTEXT() REPRESENTATION_CONTEXT('2D SPACE',''
  ) );
#3833 = PCURVE('',#3834,#3839);
#3834 = PLANE('',#3835);
#3835 = AXIS2_PLACEMENT_3D('',#3836,#3837,#3838);
#3836 = CARTESIAN_POINT('',(37.1,-6.45,-5.));
#3837 = DIRECTION('',(1.,0.,-0.));
#3838 = DIRECTION('',(0.,0.,1.));
#3839 = DEFINITIONAL_REPRESENTATION('',(#3840),#3843);
#3840 = B_SPLINE_CURVE_WITH_KNOTS('',1,(#3841,#3842),.UNSPECIFIED.,.F.,
  .F.,(2,2),(-2.65,0.95),.PIECEWISE_BEZIER_KNOTS.);
#3841 = CARTESIAN_POINT('',(0.,-3.75));
#3842 = CARTESIAN_POINT('',(3.6,-3.75));
#3843 = ( GEOMETRIC_REPRESENTATION_CONTEXT(2) 
PARAMETRIC_REPRESENTATION_CONTEXT() REPRESENTATION_CONTEXT('2D SPACE',''
  ) );
#3844 = ORIENTED_EDGE('',*,*,#3845,.F.);
#3845 = EDGE_CURVE('',#3766,#3820,#3846,.T.);
#3846 = SURFACE_CURVE('',#3847,(#3851,#3857),.PCURVE_S1.);
#3847 = LINE('',#3848,#3849);
#3848 = CARTESIAN_POINT('',(36.35,-2.7,-5.));
#3849 = VECTOR('',#3850,1.);
#3850 = DIRECTION('',(-1.,0.,0.));
#3851 = PCURVE('',#2082,#3852);
#3852 = DEFINITIONAL_REPRESENTATION('',(#3853),#3856);
#3853 = B_SPLINE_CURVE_WITH_KNOTS('',1,(#3854,#3855),.UNSPECIFIED.,.F.,
  .F.,(2,2),(-10.75,-0.75),.PIECEWISE_BEZIER_KNOTS.);
#3854 = CARTESIAN_POINT('',(12.638146711191,-0.785651135315));
#3855 = CARTESIAN_POINT('',(3.833435711969,3.955347095035));
#3856 = ( GEOMETRIC_REPRESENTATION_CONTEXT(2) 
PARAMETRIC_REPRESENTATION_CONTEXT() REPRESENTATION_CONTEXT('2D SPACE',''
  ) );
#3857 = PCURVE('',#3858,#3863);
#3858 = PLANE('',#3859);
#3859 = AXIS2_PLACEMENT_3D('',#3860,#3861,#3862);
#3860 = CARTESIAN_POINT('',(37.1,-6.45,-5.));
#3861 = DIRECTION('',(0.,0.,1.));
#3862 = DIRECTION('',(1.,0.,-0.));
#3863 = DEFINITIONAL_REPRESENTATION('',(#3864),#3867);
#3864 = B_SPLINE_CURVE_WITH_KNOTS('',1,(#3865,#3866),.UNSPECIFIED.,.F.,
  .F.,(2,2),(-10.75,-0.75),.PIECEWISE_BEZIER_KNOTS.);
#3865 = CARTESIAN_POINT('',(10.,3.75));
#3866 = CARTESIAN_POINT('',(0.,3.75));
#3867 = ( GEOMETRIC_REPRESENTATION_CONTEXT(2) 
PARAMETRIC_REPRESENTATION_CONTEXT() REPRESENTATION_CONTEXT('2D SPACE',''
  ) );
#3868 = ADVANCED_FACE('',(#3869),#2253,.F.);
#3869 = FACE_BOUND('',#3870,.F.);
#3870 = EDGE_LOOP('',(#3871,#3872,#3873,#3874));
#3871 = ORIENTED_EDGE('',*,*,#2819,.T.);
#3872 = ORIENTED_EDGE('',*,*,#2581,.T.);
#3873 = ORIENTED_EDGE('',*,*,#2236,.F.);
#3874 = ORIENTED_EDGE('',*,*,#3875,.T.);
#3875 = EDGE_CURVE('',#2237,#2820,#3876,.T.);
#3876 = SURFACE_CURVE('',#3877,(#3881,#3888),.PCURVE_S1.);
#3877 = LINE('',#3878,#3879);
#3878 = CARTESIAN_POINT('',(42.100000000001,100.3,0.3));
#3879 = VECTOR('',#3880,1.);
#3880 = DIRECTION('',(1.,0.,0.));
#3881 = PCURVE('',#2253,#3882);
#3882 = DEFINITIONAL_REPRESENTATION('',(#3883),#3887);
#3883 = LINE('',#3884,#3885);
#3884 = CARTESIAN_POINT('',(36.800000000002,-8.8));
#3885 = VECTOR('',#3886,1.);
#3886 = DIRECTION('',(1.,0.));
#3887 = ( GEOMETRIC_REPRESENTATION_CONTEXT(2) 
PARAMETRIC_REPRESENTATION_CONTEXT() REPRESENTATION_CONTEXT('2D SPACE',''
  ) );
#3888 = PCURVE('',#2281,#3889);
#3889 = DEFINITIONAL_REPRESENTATION('',(#3890),#3894);
#3890 = LINE('',#3891,#3892);
#3891 = CARTESIAN_POINT('',(2.012988510932E-09,50.3));
#3892 = VECTOR('',#3893,1.);
#3893 = DIRECTION('',(1.,0.));
#3894 = ( GEOMETRIC_REPRESENTATION_CONTEXT(2) 
PARAMETRIC_REPRESENTATION_CONTEXT() REPRESENTATION_CONTEXT('2D SPACE',''
  ) );
#3895 = ADVANCED_FACE('',(#3896),#2281,.F.);
#3896 = FACE_BOUND('',#3897,.F.);
#3897 = EDGE_LOOP('',(#3898,#3899,#3900,#3919));
#3898 = ORIENTED_EDGE('',*,*,#3875,.F.);
#3899 = ORIENTED_EDGE('',*,*,#2264,.T.);
#3900 = ORIENTED_EDGE('',*,*,#3901,.F.);
#3901 = EDGE_CURVE('',#2987,#2265,#3902,.T.);
#3902 = SURFACE_CURVE('',#3903,(#3907,#3913),.PCURVE_S1.);
#3903 = LINE('',#3904,#3905);
#3904 = CARTESIAN_POINT('',(23.699999998993,99.1,0.3));
#3905 = VECTOR('',#3906,1.);
#3906 = DIRECTION('',(-1.,0.,0.));
#3907 = PCURVE('',#2281,#3908);
#3908 = DEFINITIONAL_REPRESENTATION('',(#3909),#3912);
#3909 = B_SPLINE_CURVE_WITH_KNOTS('',1,(#3910,#3911),.UNSPECIFIED.,.F.,
  .F.,(2,2),(-55.19999999167,18.399999998995),.PIECEWISE_BEZIER_KNOTS.);
#3910 = CARTESIAN_POINT('',(36.799999992678,49.1));
#3911 = CARTESIAN_POINT('',(-36.79999999798,49.1));
#3912 = ( GEOMETRIC_REPRESENTATION_CONTEXT(2) 
PARAMETRIC_REPRESENTATION_CONTEXT() REPRESENTATION_CONTEXT('2D SPACE',''
  ) );
#3913 = PCURVE('',#2312,#3914);
#3914 = DEFINITIONAL_REPRESENTATION('',(#3915),#3918);
#3915 = B_SPLINE_CURVE_WITH_KNOTS('',1,(#3916,#3917),.UNSPECIFIED.,.F.,
  .F.,(2,2),(-55.19999999167,18.399999998995),.PIECEWISE_BEZIER_KNOTS.);
#3916 = CARTESIAN_POINT('',(73.599999990667,-1.));
#3917 = CARTESIAN_POINT('',(0.,-1.));
#3918 = ( GEOMETRIC_REPRESENTATION_CONTEXT(2) 
PARAMETRIC_REPRESENTATION_CONTEXT() REPRESENTATION_CONTEXT('2D SPACE',''
  ) );
#3919 = ORIENTED_EDGE('',*,*,#3007,.T.);
#3920 = ADVANCED_FACE('',(#3921),#2312,.F.);
#3921 = FACE_BOUND('',#3922,.F.);
#3922 = EDGE_LOOP('',(#3923,#3924,#3925,#3926,#3948,#3967,#3968,#3989));
#3923 = ORIENTED_EDGE('',*,*,#2986,.T.);
#3924 = ORIENTED_EDGE('',*,*,#3901,.T.);
#3925 = ORIENTED_EDGE('',*,*,#2297,.F.);
#3926 = ORIENTED_EDGE('',*,*,#3927,.F.);
#3927 = EDGE_CURVE('',#3928,#2298,#3930,.T.);
#3928 = VERTEX_POINT('',#3929);
#3929 = CARTESIAN_POINT('',(6.963433774416,99.1,1.5));
#3930 = SURFACE_CURVE('',#3931,(#3935,#3941),.PCURVE_S1.);
#3931 = LINE('',#3932,#3933);
#3932 = CARTESIAN_POINT('',(4.499999999999,99.1,1.5));
#3933 = VECTOR('',#3934,1.);
#3934 = DIRECTION('',(1.,0.,0.));
#3935 = PCURVE('',#2312,#3936);
#3936 = DEFINITIONAL_REPRESENTATION('',(#3937),#3940);
#3937 = B_SPLINE_CURVE_WITH_KNOTS('',1,(#3938,#3939),.UNSPECIFIED.,.F.,
  .F.,(2,2),(0.799999999999,4.200000000001),.PIECEWISE_BEZIER_KNOTS.);
#3938 = CARTESIAN_POINT('',(0.,-2.2));
#3939 = CARTESIAN_POINT('',(3.400000000001,-2.2));
#3940 = ( GEOMETRIC_REPRESENTATION_CONTEXT(2) 
PARAMETRIC_REPRESENTATION_CONTEXT() REPRESENTATION_CONTEXT('2D SPACE',''
  ) );
#3941 = PCURVE('',#2340,#3942);
#3942 = DEFINITIONAL_REPRESENTATION('',(#3943),#3947);
#3943 = LINE('',#3944,#3945);
#3944 = CARTESIAN_POINT('',(0.799999999999,2.8));
#3945 = VECTOR('',#3946,1.);
#3946 = DIRECTION('',(1.,0.));
#3947 = ( GEOMETRIC_REPRESENTATION_CONTEXT(2) 
PARAMETRIC_REPRESENTATION_CONTEXT() REPRESENTATION_CONTEXT('2D SPACE',''
  ) );
#3948 = ORIENTED_EDGE('',*,*,#3949,.F.);
#3949 = EDGE_CURVE('',#3539,#3928,#3950,.T.);
#3950 = SURFACE_CURVE('',#3951,(#3955,#3961),.PCURVE_S1.);
#3951 = LINE('',#3952,#3953);
#3952 = CARTESIAN_POINT('',(6.963433774416,99.1,1.5));
#3953 = VECTOR('',#3954,1.);
#3954 = DIRECTION('',(-0.,-0.,-1.));
#3955 = PCURVE('',#2312,#3956);
#3956 = DEFINITIONAL_REPRESENTATION('',(#3957),#3960);
#3957 = B_SPLINE_CURVE_WITH_KNOTS('',1,(#3958,#3959),.UNSPECIFIED.,.F.,
  .F.,(2,2),(-1.9000024,2.400000000069E-06),.PIECEWISE_BEZIER_KNOTS.);
#3958 = CARTESIAN_POINT('',(1.663433774417,-4.1000024));
#3959 = CARTESIAN_POINT('',(1.663433774417,-2.1999976));
#3960 = ( GEOMETRIC_REPRESENTATION_CONTEXT(2) 
PARAMETRIC_REPRESENTATION_CONTEXT() REPRESENTATION_CONTEXT('2D SPACE',''
  ) );
#3961 = PCURVE('',#3555,#3962);
#3962 = DEFINITIONAL_REPRESENTATION('',(#3963),#3966);
#3963 = B_SPLINE_CURVE_WITH_KNOTS('',1,(#3964,#3965),.UNSPECIFIED.,.F.,
  .F.,(2,2),(-1.9,-0.),.PIECEWISE_BEZIER_KNOTS.);
#3964 = CARTESIAN_POINT('',(-6.992300867324,-1.9));
#3965 = CARTESIAN_POINT('',(-6.992300867324,0.));
#3966 = ( GEOMETRIC_REPRESENTATION_CONTEXT(2) 
PARAMETRIC_REPRESENTATION_CONTEXT() REPRESENTATION_CONTEXT('2D SPACE',''
  ) );
#3967 = ORIENTED_EDGE('',*,*,#3567,.T.);
#3968 = ORIENTED_EDGE('',*,*,#3969,.T.);
#3969 = EDGE_CURVE('',#3568,#3970,#3972,.T.);
#3970 = VERTEX_POINT('',#3971);
#3971 = CARTESIAN_POINT('',(77.236566225584,99.1,1.5));
#3972 = SURFACE_CURVE('',#3973,(#3977,#3983),.PCURVE_S1.);
#3973 = LINE('',#3974,#3975);
#3974 = CARTESIAN_POINT('',(77.236566225584,99.1,1.5));
#3975 = VECTOR('',#3976,1.);
#3976 = DIRECTION('',(-0.,-0.,-1.));
#3977 = PCURVE('',#2312,#3978);
#3978 = DEFINITIONAL_REPRESENTATION('',(#3979),#3982);
#3979 = B_SPLINE_CURVE_WITH_KNOTS('',1,(#3980,#3981),.UNSPECIFIED.,.F.,
  .F.,(2,2),(-1.9000024,2.400000000069E-06),.PIECEWISE_BEZIER_KNOTS.);
#3980 = CARTESIAN_POINT('',(71.936566225585,-4.1000024));
#3981 = CARTESIAN_POINT('',(71.936566225585,-2.1999976));
#3982 = ( GEOMETRIC_REPRESENTATION_CONTEXT(2) 
PARAMETRIC_REPRESENTATION_CONTEXT() REPRESENTATION_CONTEXT('2D SPACE',''
  ) );
#3983 = PCURVE('',#3607,#3984);
#3984 = DEFINITIONAL_REPRESENTATION('',(#3985),#3988);
#3985 = B_SPLINE_CURVE_WITH_KNOTS('',1,(#3986,#3987),.UNSPECIFIED.,.F.,
  .F.,(2,2),(-1.9000024,2.400000000069E-06),.PIECEWISE_BEZIER_KNOTS.);
#3986 = CARTESIAN_POINT('',(-2.432477093445,-1.9000024));
#3987 = CARTESIAN_POINT('',(-2.432477093445,2.400000000069E-06));
#3988 = ( GEOMETRIC_REPRESENTATION_CONTEXT(2) 
PARAMETRIC_REPRESENTATION_CONTEXT() REPRESENTATION_CONTEXT('2D SPACE',''
  ) );
#3989 = ORIENTED_EDGE('',*,*,#3990,.F.);
#3990 = EDGE_CURVE('',#2958,#3970,#3991,.T.);
#3991 = SURFACE_CURVE('',#3992,(#3996,#4002),.PCURVE_S1.);
#3992 = LINE('',#3993,#3994);
#3993 = CARTESIAN_POINT('',(42.899999999999,99.1,1.5));
#3994 = VECTOR('',#3995,1.);
#3995 = DIRECTION('',(1.,0.,0.));
#3996 = PCURVE('',#2312,#3997);
#3997 = DEFINITIONAL_REPRESENTATION('',(#3998),#4001);
#3998 = B_SPLINE_CURVE_WITH_KNOTS('',1,(#3999,#4000),.UNSPECIFIED.,.F.,
  .F.,(2,2),(32.600000000001,35.999999990666),.PIECEWISE_BEZIER_KNOTS.);
#3999 = CARTESIAN_POINT('',(70.200000000001,-2.2));
#4000 = CARTESIAN_POINT('',(73.599999990667,-2.2));
#4001 = ( GEOMETRIC_REPRESENTATION_CONTEXT(2) 
PARAMETRIC_REPRESENTATION_CONTEXT() REPRESENTATION_CONTEXT('2D SPACE',''
  ) );
#4002 = PCURVE('',#2974,#4003);
#4003 = DEFINITIONAL_REPRESENTATION('',(#4004),#4008);
#4004 = LINE('',#4005,#4006);
#4005 = CARTESIAN_POINT('',(-37.6,2.8));
#4006 = VECTOR('',#4007,1.);
#4007 = DIRECTION('',(1.,0.));
#4008 = ( GEOMETRIC_REPRESENTATION_CONTEXT(2) 
PARAMETRIC_REPRESENTATION_CONTEXT() REPRESENTATION_CONTEXT('2D SPACE',''
  ) );
#4009 = ADVANCED_FACE('',(#4010,#4062),#2340,.F.);
#4010 = FACE_BOUND('',#4011,.F.);
#4011 = EDGE_LOOP('',(#4012,#4013,#4014,#4036));
#4012 = ORIENTED_EDGE('',*,*,#3927,.T.);
#4013 = ORIENTED_EDGE('',*,*,#2323,.T.);
#4014 = ORIENTED_EDGE('',*,*,#4015,.T.);
#4015 = EDGE_CURVE('',#2324,#4016,#4018,.T.);
#4016 = VERTEX_POINT('',#4017);
#4017 = CARTESIAN_POINT('',(0.900000000001,93.036566225583,1.5));
#4018 = SURFACE_CURVE('',#4019,(#4023,#4030),.PCURVE_S1.);
#4019 = LINE('',#4020,#4021);
#4020 = CARTESIAN_POINT('',(0.900000000001,50.8,1.5));
#4021 = VECTOR('',#4022,1.);
#4022 = DIRECTION('',(0.,1.,-0.));
#4023 = PCURVE('',#2340,#4024);
#4024 = DEFINITIONAL_REPRESENTATION('',(#4025),#4029);
#4025 = LINE('',#4026,#4027);
#4026 = CARTESIAN_POINT('',(-2.799999999999,-45.5));
#4027 = VECTOR('',#4028,1.);
#4028 = DIRECTION('',(0.,1.));
#4029 = ( GEOMETRIC_REPRESENTATION_CONTEXT(2) 
PARAMETRIC_REPRESENTATION_CONTEXT() REPRESENTATION_CONTEXT('2D SPACE',''
  ) );
#4030 = PCURVE('',#2367,#4031);
#4031 = DEFINITIONAL_REPRESENTATION('',(#4032),#4035);
#4032 = B_SPLINE_CURVE_WITH_KNOTS('',1,(#4033,#4034),.UNSPECIFIED.,.F.,
  .F.,(2,2),(40.5,43.9),.PIECEWISE_BEZIER_KNOTS.);
#4033 = CARTESIAN_POINT('',(86.,-2.2));
#4034 = CARTESIAN_POINT('',(89.4,-2.2));
#4035 = ( GEOMETRIC_REPRESENTATION_CONTEXT(2) 
PARAMETRIC_REPRESENTATION_CONTEXT() REPRESENTATION_CONTEXT('2D SPACE',''
  ) );
#4036 = ORIENTED_EDGE('',*,*,#4037,.F.);
#4037 = EDGE_CURVE('',#3928,#4016,#4038,.T.);
#4038 = SURFACE_CURVE('',#4039,(#4044,#4055),.PCURVE_S1.);
#4039 = CIRCLE('',#4040,4.3);
#4040 = AXIS2_PLACEMENT_3D('',#4041,#4042,#4043);
#4041 = CARTESIAN_POINT('',(3.7,96.3,1.5));
#4042 = DIRECTION('',(0.,0.,-1.));
#4043 = DIRECTION('',(0.758938087074,0.651162790698,0.));
#4044 = PCURVE('',#2340,#4045);
#4045 = DEFINITIONAL_REPRESENTATION('',(#4046),#4054);
#4046 = ( BOUNDED_CURVE() B_SPLINE_CURVE(2,(#4047,#4048,#4049,#4050,
#4051,#4052,#4053),.UNSPECIFIED.,.T.,.F.) B_SPLINE_CURVE_WITH_KNOTS((1,2
    ,2,2,2,1),(-2.094395102393,0.,2.094395102393,4.188790204786,
6.28318530718,8.377580409573),.UNSPECIFIED.) CURVE() 
GEOMETRIC_REPRESENTATION_ITEM() RATIONAL_B_SPLINE_CURVE((1.,0.5,1.,0.5,
1.,0.5,1.)) REPRESENTATION_ITEM('') );
#4047 = CARTESIAN_POINT('',(3.263433774416,2.8));
#4048 = CARTESIAN_POINT('',(8.113176035609,-2.852433104425));
#4049 = CARTESIAN_POINT('',(0.793154243388,-4.226216552213));
#4050 = CARTESIAN_POINT('',(-6.526867548832,-5.6));
#4051 = CARTESIAN_POINT('',(-4.056588017804,1.426216552213));
#4052 = CARTESIAN_POINT('',(-1.586308486777,8.452433104425));
#4053 = CARTESIAN_POINT('',(3.263433774416,2.8));
#4054 = ( GEOMETRIC_REPRESENTATION_CONTEXT(2) 
PARAMETRIC_REPRESENTATION_CONTEXT() REPRESENTATION_CONTEXT('2D SPACE',''
  ) );
#4055 = PCURVE('',#3555,#4056);
#4056 = DEFINITIONAL_REPRESENTATION('',(#4057),#4061);
#4057 = LINE('',#4058,#4059);
#4058 = CARTESIAN_POINT('',(-6.992300867324,0.));
#4059 = VECTOR('',#4060,1.);
#4060 = DIRECTION('',(1.,-0.));
#4061 = ( GEOMETRIC_REPRESENTATION_CONTEXT(2) 
PARAMETRIC_REPRESENTATION_CONTEXT() REPRESENTATION_CONTEXT('2D SPACE',''
  ) );
#4062 = FACE_BOUND('',#4063,.F.);
#4063 = EDGE_LOOP('',(#4064));
#4064 = ORIENTED_EDGE('',*,*,#4065,.T.);
#4065 = EDGE_CURVE('',#4066,#4066,#4068,.T.);
#4066 = VERTEX_POINT('',#4067);
#4067 = CARTESIAN_POINT('',(5.9,96.3,1.5));
#4068 = SURFACE_CURVE('',#4069,(#4074,#4085),.PCURVE_S1.);
#4069 = CIRCLE('',#4070,2.2);
#4070 = AXIS2_PLACEMENT_3D('',#4071,#4072,#4073);
#4071 = CARTESIAN_POINT('',(3.7,96.3,1.5));
#4072 = DIRECTION('',(0.,0.,-1.));
#4073 = DIRECTION('',(1.,0.,0.));
#4074 = PCURVE('',#2340,#4075);
#4075 = DEFINITIONAL_REPRESENTATION('',(#4076),#4084);
#4076 = ( BOUNDED_CURVE() B_SPLINE_CURVE(2,(#4077,#4078,#4079,#4080,
#4081,#4082,#4083),.UNSPECIFIED.,.T.,.F.) B_SPLINE_CURVE_WITH_KNOTS((1,2
    ,2,2,2,1),(-2.094395102393,0.,2.094395102393,4.188790204786,
6.28318530718,8.377580409573),.UNSPECIFIED.) CURVE() 
GEOMETRIC_REPRESENTATION_ITEM() RATIONAL_B_SPLINE_CURVE((1.,0.5,1.,0.5,
1.,0.5,1.)) REPRESENTATION_ITEM('') );
#4077 = CARTESIAN_POINT('',(2.2,0.));
#4078 = CARTESIAN_POINT('',(2.2,-3.810511776652));
#4079 = CARTESIAN_POINT('',(-1.1,-1.905255888326));
#4080 = CARTESIAN_POINT('',(-4.4,-5.388445916248E-16));
#4081 = CARTESIAN_POINT('',(-1.1,1.905255888326));
#4082 = CARTESIAN_POINT('',(2.2,3.810511776652));
#4083 = CARTESIAN_POINT('',(2.2,0.));
#4084 = ( GEOMETRIC_REPRESENTATION_CONTEXT(2) 
PARAMETRIC_REPRESENTATION_CONTEXT() REPRESENTATION_CONTEXT('2D SPACE',''
  ) );
#4085 = PCURVE('',#3499,#4086);
#4086 = DEFINITIONAL_REPRESENTATION('',(#4087),#4091);
#4087 = LINE('',#4088,#4089);
#4088 = CARTESIAN_POINT('',(-6.28318530718,-1.));
#4089 = VECTOR('',#4090,1.);
#4090 = DIRECTION('',(1.,-0.));
#4091 = ( GEOMETRIC_REPRESENTATION_CONTEXT(2) 
PARAMETRIC_REPRESENTATION_CONTEXT() REPRESENTATION_CONTEXT('2D SPACE',''
  ) );
#4092 = ADVANCED_FACE('',(#4093),#2426,.F.);
#4093 = FACE_BOUND('',#4094,.F.);
#4094 = EDGE_LOOP('',(#4095,#4096,#4097,#4098));
#4095 = ORIENTED_EDGE('',*,*,#2411,.T.);
#4096 = ORIENTED_EDGE('',*,*,#2524,.T.);
#4097 = ORIENTED_EDGE('',*,*,#2605,.F.);
#4098 = ORIENTED_EDGE('',*,*,#4099,.T.);
#4099 = EDGE_CURVE('',#2606,#2379,#4100,.T.);
#4100 = SURFACE_CURVE('',#4101,(#4105,#4112),.PCURVE_S1.);
#4101 = LINE('',#4102,#4103);
#4102 = CARTESIAN_POINT('',(-0.299999999999,50.,0.3));
#4103 = VECTOR('',#4104,1.);
#4104 = DIRECTION('',(0.,1.,0.));
#4105 = PCURVE('',#2426,#4106);
#4106 = DEFINITIONAL_REPRESENTATION('',(#4107),#4111);
#4107 = LINE('',#4108,#4109);
#4108 = CARTESIAN_POINT('',(44.7,-8.8));
#4109 = VECTOR('',#4110,1.);
#4110 = DIRECTION('',(1.,0.));
#4111 = ( GEOMETRIC_REPRESENTATION_CONTEXT(2) 
PARAMETRIC_REPRESENTATION_CONTEXT() REPRESENTATION_CONTEXT('2D SPACE',''
  ) );
#4112 = PCURVE('',#2395,#4113);
#4113 = DEFINITIONAL_REPRESENTATION('',(#4114),#4118);
#4114 = LINE('',#4115,#4116);
#4115 = CARTESIAN_POINT('',(-42.39999999798,7.483848560947E-16));
#4116 = VECTOR('',#4117,1.);
#4117 = DIRECTION('',(0.,1.));
#4118 = ( GEOMETRIC_REPRESENTATION_CONTEXT(2) 
PARAMETRIC_REPRESENTATION_CONTEXT() REPRESENTATION_CONTEXT('2D SPACE',''
  ) );
#4119 = ADVANCED_FACE('',(#4120),#2367,.F.);
#4120 = FACE_BOUND('',#4121,.F.);
#4121 = EDGE_LOOP('',(#4122,#4123,#4142,#4143,#4165,#4184,#4185,#4204));
#4122 = ORIENTED_EDGE('',*,*,#2352,.T.);
#4123 = ORIENTED_EDGE('',*,*,#4124,.T.);
#4124 = EDGE_CURVE('',#2353,#2627,#4125,.T.);
#4125 = SURFACE_CURVE('',#4126,(#4130,#4136),.PCURVE_S1.);
#4126 = LINE('',#4127,#4128);
#4127 = CARTESIAN_POINT('',(0.900000000001,27.65,0.3));
#4128 = VECTOR('',#4129,1.);
#4129 = DIRECTION('',(0.,-1.,0.));
#4130 = PCURVE('',#2367,#4131);
#4131 = DEFINITIONAL_REPRESENTATION('',(#4132),#4135);
#4132 = B_SPLINE_CURVE_WITH_KNOTS('',1,(#4133,#4134),.UNSPECIFIED.,.F.,
  .F.,(2,2),(-67.05,22.35),.PIECEWISE_BEZIER_KNOTS.);
#4133 = CARTESIAN_POINT('',(89.4,-1.));
#4134 = CARTESIAN_POINT('',(0.,-1.));
#4135 = ( GEOMETRIC_REPRESENTATION_CONTEXT(2) 
PARAMETRIC_REPRESENTATION_CONTEXT() REPRESENTATION_CONTEXT('2D SPACE',''
  ) );
#4136 = PCURVE('',#2395,#4137);
#4137 = DEFINITIONAL_REPRESENTATION('',(#4138),#4141);
#4138 = B_SPLINE_CURVE_WITH_KNOTS('',1,(#4139,#4140),.UNSPECIFIED.,.F.,
  .F.,(2,2),(-67.05,22.35),.PIECEWISE_BEZIER_KNOTS.);
#4139 = CARTESIAN_POINT('',(-41.19999999798,44.7));
#4140 = CARTESIAN_POINT('',(-41.19999999798,-44.7));
#4141 = ( GEOMETRIC_REPRESENTATION_CONTEXT(2) 
PARAMETRIC_REPRESENTATION_CONTEXT() REPRESENTATION_CONTEXT('2D SPACE',''
  ) );
#4142 = ORIENTED_EDGE('',*,*,#2654,.F.);
#4143 = ORIENTED_EDGE('',*,*,#4144,.F.);
#4144 = EDGE_CURVE('',#4145,#2655,#4147,.T.);
#4145 = VERTEX_POINT('',#4146);
#4146 = CARTESIAN_POINT('',(0.900000000001,6.963433774417,1.5));
#4147 = SURFACE_CURVE('',#4148,(#4152,#4158),.PCURVE_S1.);
#4148 = LINE('',#4149,#4150);
#4149 = CARTESIAN_POINT('',(0.900000000001,4.5,1.5));
#4150 = VECTOR('',#4151,1.);
#4151 = DIRECTION('',(0.,1.,-0.));
#4152 = PCURVE('',#2367,#4153);
#4153 = DEFINITIONAL_REPRESENTATION('',(#4154),#4157);
#4154 = B_SPLINE_CURVE_WITH_KNOTS('',1,(#4155,#4156),.UNSPECIFIED.,.F.,
  .F.,(2,2),(0.8,4.2),.PIECEWISE_BEZIER_KNOTS.);
#4155 = CARTESIAN_POINT('',(0.,-2.2));
#4156 = CARTESIAN_POINT('',(3.4,-2.2));
#4157 = ( GEOMETRIC_REPRESENTATION_CONTEXT(2) 
PARAMETRIC_REPRESENTATION_CONTEXT() REPRESENTATION_CONTEXT('2D SPACE',''
  ) );
#4158 = PCURVE('',#2692,#4159);
#4159 = DEFINITIONAL_REPRESENTATION('',(#4160),#4164);
#4160 = LINE('',#4161,#4162);
#4161 = CARTESIAN_POINT('',(-2.799999999999,0.8));
#4162 = VECTOR('',#4163,1.);
#4163 = DIRECTION('',(0.,1.));
#4164 = ( GEOMETRIC_REPRESENTATION_CONTEXT(2) 
PARAMETRIC_REPRESENTATION_CONTEXT() REPRESENTATION_CONTEXT('2D SPACE',''
  ) );
#4165 = ORIENTED_EDGE('',*,*,#4166,.F.);
#4166 = EDGE_CURVE('',#3514,#4145,#4167,.T.);
#4167 = SURFACE_CURVE('',#4168,(#4172,#4178),.PCURVE_S1.);
#4168 = LINE('',#4169,#4170);
#4169 = CARTESIAN_POINT('',(0.900000000001,6.963433774417,1.5));
#4170 = VECTOR('',#4171,1.);
#4171 = DIRECTION('',(-0.,-0.,-1.));
#4172 = PCURVE('',#2367,#4173);
#4173 = DEFINITIONAL_REPRESENTATION('',(#4174),#4177);
#4174 = B_SPLINE_CURVE_WITH_KNOTS('',1,(#4175,#4176),.UNSPECIFIED.,.F.,
  .F.,(2,2),(-1.9000024,2.400000000069E-06),.PIECEWISE_BEZIER_KNOTS.);
#4175 = CARTESIAN_POINT('',(1.663433774417,-4.1000024));
#4176 = CARTESIAN_POINT('',(1.663433774417,-2.1999976));
#4177 = ( GEOMETRIC_REPRESENTATION_CONTEXT(2) 
PARAMETRIC_REPRESENTATION_CONTEXT() REPRESENTATION_CONTEXT('2D SPACE',''
  ) );
#4178 = PCURVE('',#3709,#4179);
#4179 = DEFINITIONAL_REPRESENTATION('',(#4180),#4183);
#4180 = B_SPLINE_CURVE_WITH_KNOTS('',1,(#4181,#4182),.UNSPECIFIED.,.F.,
  .F.,(2,2),(-1.9,-0.),.PIECEWISE_BEZIER_KNOTS.);
#4181 = CARTESIAN_POINT('',(-8.563097194118,-1.9));
#4182 = CARTESIAN_POINT('',(-8.563097194118,0.));
#4183 = ( GEOMETRIC_REPRESENTATION_CONTEXT(2) 
PARAMETRIC_REPRESENTATION_CONTEXT() REPRESENTATION_CONTEXT('2D SPACE',''
  ) );
#4184 = ORIENTED_EDGE('',*,*,#3513,.T.);
#4185 = ORIENTED_EDGE('',*,*,#4186,.T.);
#4186 = EDGE_CURVE('',#3516,#4016,#4187,.T.);
#4187 = SURFACE_CURVE('',#4188,(#4192,#4198),.PCURVE_S1.);
#4188 = LINE('',#4189,#4190);
#4189 = CARTESIAN_POINT('',(0.900000000001,93.036566225583,1.5));
#4190 = VECTOR('',#4191,1.);
#4191 = DIRECTION('',(-0.,-0.,-1.));
#4192 = PCURVE('',#2367,#4193);
#4193 = DEFINITIONAL_REPRESENTATION('',(#4194),#4197);
#4194 = B_SPLINE_CURVE_WITH_KNOTS('',1,(#4195,#4196),.UNSPECIFIED.,.F.,
  .F.,(2,2),(-1.9000024,2.400000000069E-06),.PIECEWISE_BEZIER_KNOTS.);
#4195 = CARTESIAN_POINT('',(87.736566225583,-4.1000024));
#4196 = CARTESIAN_POINT('',(87.736566225583,-2.1999976));
#4197 = ( GEOMETRIC_REPRESENTATION_CONTEXT(2) 
PARAMETRIC_REPRESENTATION_CONTEXT() REPRESENTATION_CONTEXT('2D SPACE',''
  ) );
#4198 = PCURVE('',#3555,#4199);
#4199 = DEFINITIONAL_REPRESENTATION('',(#4200),#4203);
#4200 = B_SPLINE_CURVE_WITH_KNOTS('',1,(#4201,#4202),.UNSPECIFIED.,.F.,
  .F.,(2,2),(-1.9,0.),.PIECEWISE_BEZIER_KNOTS.);
#4201 = CARTESIAN_POINT('',(-4.003273420241,-1.9));
#4202 = CARTESIAN_POINT('',(-4.003273420241,0.));
#4203 = ( GEOMETRIC_REPRESENTATION_CONTEXT(2) 
PARAMETRIC_REPRESENTATION_CONTEXT() REPRESENTATION_CONTEXT('2D SPACE',''
  ) );
#4204 = ORIENTED_EDGE('',*,*,#4015,.F.);
#4205 = ADVANCED_FACE('',(#4206),#2395,.F.);
#4206 = FACE_BOUND('',#4207,.F.);
#4207 = EDGE_LOOP('',(#4208,#4209,#4210,#4211));
#4208 = ORIENTED_EDGE('',*,*,#4099,.F.);
#4209 = ORIENTED_EDGE('',*,*,#2626,.T.);
#4210 = ORIENTED_EDGE('',*,*,#4124,.F.);
#4211 = ORIENTED_EDGE('',*,*,#2378,.T.);
#4212 = ADVANCED_FACE('',(#4213,#4261),#2692,.F.);
#4213 = FACE_BOUND('',#4214,.F.);
#4214 = EDGE_LOOP('',(#4215,#4216,#4217,#4239));
#4215 = ORIENTED_EDGE('',*,*,#4144,.T.);
#4216 = ORIENTED_EDGE('',*,*,#2675,.T.);
#4217 = ORIENTED_EDGE('',*,*,#4218,.F.);
#4218 = EDGE_CURVE('',#4219,#2676,#4221,.T.);
#4219 = VERTEX_POINT('',#4220);
#4220 = CARTESIAN_POINT('',(6.963433774416,0.9,1.5));
#4221 = SURFACE_CURVE('',#4222,(#4226,#4233),.PCURVE_S1.);
#4222 = LINE('',#4223,#4224);
#4223 = CARTESIAN_POINT('',(4.499999999999,0.9,1.5));
#4224 = VECTOR('',#4225,1.);
#4225 = DIRECTION('',(1.,0.,0.));
#4226 = PCURVE('',#2692,#4227);
#4227 = DEFINITIONAL_REPRESENTATION('',(#4228),#4232);
#4228 = LINE('',#4229,#4230);
#4229 = CARTESIAN_POINT('',(0.799999999999,-2.8));
#4230 = VECTOR('',#4231,1.);
#4231 = DIRECTION('',(1.,0.));
#4232 = ( GEOMETRIC_REPRESENTATION_CONTEXT(2) 
PARAMETRIC_REPRESENTATION_CONTEXT() REPRESENTATION_CONTEXT('2D SPACE',''
  ) );
#4233 = PCURVE('',#2719,#4234);
#4234 = DEFINITIONAL_REPRESENTATION('',(#4235),#4238);
#4235 = B_SPLINE_CURVE_WITH_KNOTS('',1,(#4236,#4237),.UNSPECIFIED.,.F.,
  .F.,(2,2),(0.799999999999,4.200000000001),.PIECEWISE_BEZIER_KNOTS.);
#4236 = CARTESIAN_POINT('',(0.,-2.2));
#4237 = CARTESIAN_POINT('',(3.400000000001,-2.2));
#4238 = ( GEOMETRIC_REPRESENTATION_CONTEXT(2) 
PARAMETRIC_REPRESENTATION_CONTEXT() REPRESENTATION_CONTEXT('2D SPACE',''
  ) );
#4239 = ORIENTED_EDGE('',*,*,#4240,.T.);
#4240 = EDGE_CURVE('',#4219,#4145,#4241,.T.);
#4241 = SURFACE_CURVE('',#4242,(#4247,#4254),.PCURVE_S1.);
#4242 = CIRCLE('',#4243,4.3);
#4243 = AXIS2_PLACEMENT_3D('',#4244,#4245,#4246);
#4244 = CARTESIAN_POINT('',(3.7,3.7,1.5));
#4245 = DIRECTION('',(0.,0.,1.));
#4246 = DIRECTION('',(0.758938087074,-0.651162790698,0.));
#4247 = PCURVE('',#2692,#4248);
#4248 = DEFINITIONAL_REPRESENTATION('',(#4249),#4253);
#4249 = CIRCLE('',#4250,4.3);
#4250 = AXIS2_PLACEMENT_2D('',#4251,#4252);
#4251 = CARTESIAN_POINT('',(4.440892098501E-16,-4.440892098501E-16));
#4252 = DIRECTION('',(0.758938087074,-0.651162790698));
#4253 = ( GEOMETRIC_REPRESENTATION_CONTEXT(2) 
PARAMETRIC_REPRESENTATION_CONTEXT() REPRESENTATION_CONTEXT('2D SPACE',''
  ) );
#4254 = PCURVE('',#3709,#4255);
#4255 = DEFINITIONAL_REPRESENTATION('',(#4256),#4260);
#4256 = LINE('',#4257,#4258);
#4257 = CARTESIAN_POINT('',(-5.574069747035,0.));
#4258 = VECTOR('',#4259,1.);
#4259 = DIRECTION('',(-1.,0.));
#4260 = ( GEOMETRIC_REPRESENTATION_CONTEXT(2) 
PARAMETRIC_REPRESENTATION_CONTEXT() REPRESENTATION_CONTEXT('2D SPACE',''
  ) );
#4261 = FACE_BOUND('',#4262,.F.);
#4262 = EDGE_LOOP('',(#4263));
#4263 = ORIENTED_EDGE('',*,*,#4264,.T.);
#4264 = EDGE_CURVE('',#4265,#4265,#4267,.T.);
#4265 = VERTEX_POINT('',#4266);
#4266 = CARTESIAN_POINT('',(5.9,3.7,1.5));
#4267 = SURFACE_CURVE('',#4268,(#4273,#4284),.PCURVE_S1.);
#4268 = CIRCLE('',#4269,2.2);
#4269 = AXIS2_PLACEMENT_3D('',#4270,#4271,#4272);
#4270 = CARTESIAN_POINT('',(3.7,3.7,1.5));
#4271 = DIRECTION('',(0.,0.,-1.));
#4272 = DIRECTION('',(1.,0.,0.));
#4273 = PCURVE('',#2692,#4274);
#4274 = DEFINITIONAL_REPRESENTATION('',(#4275),#4283);
#4275 = ( BOUNDED_CURVE() B_SPLINE_CURVE(2,(#4276,#4277,#4278,#4279,
#4280,#4281,#4282),.UNSPECIFIED.,.T.,.F.) B_SPLINE_CURVE_WITH_KNOTS((1,2
    ,2,2,2,1),(-2.094395102393,0.,2.094395102393,4.188790204786,
6.28318530718,8.377580409573),.UNSPECIFIED.) CURVE() 
GEOMETRIC_REPRESENTATION_ITEM() RATIONAL_B_SPLINE_CURVE((1.,0.5,1.,0.5,
1.,0.5,1.)) REPRESENTATION_ITEM('') );
#4276 = CARTESIAN_POINT('',(2.2,-4.440892098501E-16));
#4277 = CARTESIAN_POINT('',(2.2,-3.810511776652));
#4278 = CARTESIAN_POINT('',(-1.1,-1.905255888326));
#4279 = CARTESIAN_POINT('',(-4.4,-9.829338014749E-16));
#4280 = CARTESIAN_POINT('',(-1.1,1.905255888326));
#4281 = CARTESIAN_POINT('',(2.2,3.810511776652));
#4282 = CARTESIAN_POINT('',(2.2,-4.440892098501E-16));
#4283 = ( GEOMETRIC_REPRESENTATION_CONTEXT(2) 
PARAMETRIC_REPRESENTATION_CONTEXT() REPRESENTATION_CONTEXT('2D SPACE',''
  ) );
#4284 = PCURVE('',#3429,#4285);
#4285 = DEFINITIONAL_REPRESENTATION('',(#4286),#4290);
#4286 = LINE('',#4287,#4288);
#4287 = CARTESIAN_POINT('',(-6.28318530718,-1.));
#4288 = VECTOR('',#4289,1.);
#4289 = DIRECTION('',(1.,-0.));
#4290 = ( GEOMETRIC_REPRESENTATION_CONTEXT(2) 
PARAMETRIC_REPRESENTATION_CONTEXT() REPRESENTATION_CONTEXT('2D SPACE',''
  ) );
#4291 = ADVANCED_FACE('',(#4292,#4318),#2778,.T.);
#4292 = FACE_BOUND('',#4293,.T.);
#4293 = EDGE_LOOP('',(#4294,#4295,#4296,#4297));
#4294 = ORIENTED_EDGE('',*,*,#3169,.T.);
#4295 = ORIENTED_EDGE('',*,*,#3068,.T.);
#4296 = ORIENTED_EDGE('',*,*,#2763,.F.);
#4297 = ORIENTED_EDGE('',*,*,#4298,.T.);
#4298 = EDGE_CURVE('',#2731,#3170,#4299,.T.);
#4299 = SURFACE_CURVE('',#4300,(#4304,#4311),.PCURVE_S1.);
#4300 = LINE('',#4301,#4302);
#4301 = CARTESIAN_POINT('',(42.100000000001,-0.3,0.3));
#4302 = VECTOR('',#4303,1.);
#4303 = DIRECTION('',(1.,0.,0.));
#4304 = PCURVE('',#2778,#4305);
#4305 = DEFINITIONAL_REPRESENTATION('',(#4306),#4310);
#4306 = LINE('',#4307,#4308);
#4307 = CARTESIAN_POINT('',(36.800000000002,-8.8));
#4308 = VECTOR('',#4309,1.);
#4309 = DIRECTION('',(1.,0.));
#4310 = ( GEOMETRIC_REPRESENTATION_CONTEXT(2) 
PARAMETRIC_REPRESENTATION_CONTEXT() REPRESENTATION_CONTEXT('2D SPACE',''
  ) );
#4311 = PCURVE('',#2747,#4312);
#4312 = DEFINITIONAL_REPRESENTATION('',(#4313),#4317);
#4313 = LINE('',#4314,#4315);
#4314 = CARTESIAN_POINT('',(2.012988510932E-09,-50.3));
#4315 = VECTOR('',#4316,1.);
#4316 = DIRECTION('',(1.,0.));
#4317 = ( GEOMETRIC_REPRESENTATION_CONTEXT(2) 
PARAMETRIC_REPRESENTATION_CONTEXT() REPRESENTATION_CONTEXT('2D SPACE',''
  ) );
#4318 = FACE_BOUND('',#4319,.T.);
#4319 = EDGE_LOOP('',(#4320,#4343,#4364,#4385));
#4320 = ORIENTED_EDGE('',*,*,#4321,.F.);
#4321 = EDGE_CURVE('',#4322,#4324,#4326,.T.);
#4322 = VERTEX_POINT('',#4323);
#4323 = CARTESIAN_POINT('',(37.1,-0.3,-1.4));
#4324 = VERTEX_POINT('',#4325);
#4325 = CARTESIAN_POINT('',(47.1,-0.3,-1.4));
#4326 = SURFACE_CURVE('',#4327,(#4331,#4337),.PCURVE_S1.);
#4327 = LINE('',#4328,#4329);
#4328 = CARTESIAN_POINT('',(21.2,-0.3,-1.4));
#4329 = VECTOR('',#4330,1.);
#4330 = DIRECTION('',(1.,0.,0.));
#4331 = PCURVE('',#2778,#4332);
#4332 = DEFINITIONAL_REPRESENTATION('',(#4333),#4336);
#4333 = B_SPLINE_CURVE_WITH_KNOTS('',1,(#4334,#4335),.UNSPECIFIED.,.F.,
  .F.,(2,2),(15.9,25.9),.PIECEWISE_BEZIER_KNOTS.);
#4334 = CARTESIAN_POINT('',(31.800000000001,-7.1));
#4335 = CARTESIAN_POINT('',(41.800000000001,-7.1));
#4336 = ( GEOMETRIC_REPRESENTATION_CONTEXT(2) 
PARAMETRIC_REPRESENTATION_CONTEXT() REPRESENTATION_CONTEXT('2D SPACE',''
  ) );
#4337 = PCURVE('',#3808,#4338);
#4338 = DEFINITIONAL_REPRESENTATION('',(#4339),#4342);
#4339 = B_SPLINE_CURVE_WITH_KNOTS('',1,(#4340,#4341),.UNSPECIFIED.,.F.,
  .F.,(2,2),(15.9,25.9),.PIECEWISE_BEZIER_KNOTS.);
#4340 = CARTESIAN_POINT('',(0.,6.15));
#4341 = CARTESIAN_POINT('',(10.,6.15));
#4342 = ( GEOMETRIC_REPRESENTATION_CONTEXT(2) 
PARAMETRIC_REPRESENTATION_CONTEXT() REPRESENTATION_CONTEXT('2D SPACE',''
  ) );
#4343 = ORIENTED_EDGE('',*,*,#4344,.T.);
#4344 = EDGE_CURVE('',#4322,#4345,#4347,.T.);
#4345 = VERTEX_POINT('',#4346);
#4346 = CARTESIAN_POINT('',(37.1,-0.3,-5.));
#4347 = SURFACE_CURVE('',#4348,(#4352,#4358),.PCURVE_S1.);
#4348 = LINE('',#4349,#4350);
#4349 = CARTESIAN_POINT('',(37.1,-0.3,-6.75));
#4350 = VECTOR('',#4351,1.);
#4351 = DIRECTION('',(-0.,0.,-1.));
#4352 = PCURVE('',#2778,#4353);
#4353 = DEFINITIONAL_REPRESENTATION('',(#4354),#4357);
#4354 = B_SPLINE_CURVE_WITH_KNOTS('',1,(#4355,#4356),.UNSPECIFIED.,.F.,
  .F.,(2,2),(-5.35,-1.75),.PIECEWISE_BEZIER_KNOTS.);
#4355 = CARTESIAN_POINT('',(31.800000000001,-7.1));
#4356 = CARTESIAN_POINT('',(31.800000000001,-3.5));
#4357 = ( GEOMETRIC_REPRESENTATION_CONTEXT(2) 
PARAMETRIC_REPRESENTATION_CONTEXT() REPRESENTATION_CONTEXT('2D SPACE',''
  ) );
#4358 = PCURVE('',#3834,#4359);
#4359 = DEFINITIONAL_REPRESENTATION('',(#4360),#4363);
#4360 = B_SPLINE_CURVE_WITH_KNOTS('',1,(#4361,#4362),.UNSPECIFIED.,.F.,
  .F.,(2,2),(-5.35,-1.75),.PIECEWISE_BEZIER_KNOTS.);
#4361 = CARTESIAN_POINT('',(3.6,-6.15));
#4362 = CARTESIAN_POINT('',(0.,-6.15));
#4363 = ( GEOMETRIC_REPRESENTATION_CONTEXT(2) 
PARAMETRIC_REPRESENTATION_CONTEXT() REPRESENTATION_CONTEXT('2D SPACE',''
  ) );
#4364 = ORIENTED_EDGE('',*,*,#4365,.T.);
#4365 = EDGE_CURVE('',#4345,#4366,#4368,.T.);
#4366 = VERTEX_POINT('',#4367);
#4367 = CARTESIAN_POINT('',(47.1,-0.3,-5.));
#4368 = SURFACE_CURVE('',#4369,(#4373,#4379),.PCURVE_S1.);
#4369 = LINE('',#4370,#4371);
#4370 = CARTESIAN_POINT('',(21.2,-0.3,-5.));
#4371 = VECTOR('',#4372,1.);
#4372 = DIRECTION('',(1.,0.,0.));
#4373 = PCURVE('',#2778,#4374);
#4374 = DEFINITIONAL_REPRESENTATION('',(#4375),#4378);
#4375 = B_SPLINE_CURVE_WITH_KNOTS('',1,(#4376,#4377),.UNSPECIFIED.,.F.,
  .F.,(2,2),(15.9,25.9),.PIECEWISE_BEZIER_KNOTS.);
#4376 = CARTESIAN_POINT('',(31.800000000001,-3.5));
#4377 = CARTESIAN_POINT('',(41.800000000001,-3.5));
#4378 = ( GEOMETRIC_REPRESENTATION_CONTEXT(2) 
PARAMETRIC_REPRESENTATION_CONTEXT() REPRESENTATION_CONTEXT('2D SPACE',''
  ) );
#4379 = PCURVE('',#3858,#4380);
#4380 = DEFINITIONAL_REPRESENTATION('',(#4381),#4384);
#4381 = B_SPLINE_CURVE_WITH_KNOTS('',1,(#4382,#4383),.UNSPECIFIED.,.F.,
  .F.,(2,2),(15.9,25.9),.PIECEWISE_BEZIER_KNOTS.);
#4382 = CARTESIAN_POINT('',(0.,6.15));
#4383 = CARTESIAN_POINT('',(10.,6.15));
#4384 = ( GEOMETRIC_REPRESENTATION_CONTEXT(2) 
PARAMETRIC_REPRESENTATION_CONTEXT() REPRESENTATION_CONTEXT('2D SPACE',''
  ) );
#4385 = ORIENTED_EDGE('',*,*,#4386,.F.);
#4386 = EDGE_CURVE('',#4324,#4366,#4387,.T.);
#4387 = SURFACE_CURVE('',#4388,(#4392,#4398),.PCURVE_S1.);
#4388 = LINE('',#4389,#4390);
#4389 = CARTESIAN_POINT('',(47.1,-0.3,-6.75));
#4390 = VECTOR('',#4391,1.);
#4391 = DIRECTION('',(-0.,0.,-1.));
#4392 = PCURVE('',#2778,#4393);
#4393 = DEFINITIONAL_REPRESENTATION('',(#4394),#4397);
#4394 = B_SPLINE_CURVE_WITH_KNOTS('',1,(#4395,#4396),.UNSPECIFIED.,.F.,
  .F.,(2,2),(-5.35,-1.75),.PIECEWISE_BEZIER_KNOTS.);
#4395 = CARTESIAN_POINT('',(41.800000000001,-7.1));
#4396 = CARTESIAN_POINT('',(41.800000000001,-3.5));
#4397 = ( GEOMETRIC_REPRESENTATION_CONTEXT(2) 
PARAMETRIC_REPRESENTATION_CONTEXT() REPRESENTATION_CONTEXT('2D SPACE',''
  ) );
#4398 = PCURVE('',#3782,#4399);
#4399 = DEFINITIONAL_REPRESENTATION('',(#4400),#4403);
#4400 = B_SPLINE_CURVE_WITH_KNOTS('',1,(#4401,#4402),.UNSPECIFIED.,.F.,
  .F.,(2,2),(-5.35,-1.75),.PIECEWISE_BEZIER_KNOTS.);
#4401 = CARTESIAN_POINT('',(3.6,-6.15));
#4402 = CARTESIAN_POINT('',(0.,-6.15));
#4403 = ( GEOMETRIC_REPRESENTATION_CONTEXT(2) 
PARAMETRIC_REPRESENTATION_CONTEXT() REPRESENTATION_CONTEXT('2D SPACE',''
  ) );
#4404 = ADVANCED_FACE('',(#4405),#2719,.T.);
#4405 = FACE_BOUND('',#4406,.T.);
#4406 = EDGE_LOOP('',(#4407,#4408,#4427,#4428,#4429,#4448,#4449,#4470));
#4407 = ORIENTED_EDGE('',*,*,#3217,.T.);
#4408 = ORIENTED_EDGE('',*,*,#4409,.T.);
#4409 = EDGE_CURVE('',#3191,#2705,#4410,.T.);
#4410 = SURFACE_CURVE('',#4411,(#4415,#4421),.PCURVE_S1.);
#4411 = LINE('',#4412,#4413);
#4412 = CARTESIAN_POINT('',(23.699999998993,0.9,0.3));
#4413 = VECTOR('',#4414,1.);
#4414 = DIRECTION('',(-1.,0.,0.));
#4415 = PCURVE('',#2719,#4416);
#4416 = DEFINITIONAL_REPRESENTATION('',(#4417),#4420);
#4417 = B_SPLINE_CURVE_WITH_KNOTS('',1,(#4418,#4419),.UNSPECIFIED.,.F.,
  .F.,(2,2),(-55.19999999167,18.399999998995),.PIECEWISE_BEZIER_KNOTS.);
#4418 = CARTESIAN_POINT('',(73.599999990667,-1.));
#4419 = CARTESIAN_POINT('',(0.,-1.));
#4420 = ( GEOMETRIC_REPRESENTATION_CONTEXT(2) 
PARAMETRIC_REPRESENTATION_CONTEXT() REPRESENTATION_CONTEXT('2D SPACE',''
  ) );
#4421 = PCURVE('',#2747,#4422);
#4422 = DEFINITIONAL_REPRESENTATION('',(#4423),#4426);
#4423 = B_SPLINE_CURVE_WITH_KNOTS('',1,(#4424,#4425),.UNSPECIFIED.,.F.,
  .F.,(2,2),(-55.19999999167,18.399999998995),.PIECEWISE_BEZIER_KNOTS.);
#4424 = CARTESIAN_POINT('',(36.799999992678,-49.1));
#4425 = CARTESIAN_POINT('',(-36.79999999798,-49.1));
#4426 = ( GEOMETRIC_REPRESENTATION_CONTEXT(2) 
PARAMETRIC_REPRESENTATION_CONTEXT() REPRESENTATION_CONTEXT('2D SPACE',''
  ) );
#4427 = ORIENTED_EDGE('',*,*,#2704,.F.);
#4428 = ORIENTED_EDGE('',*,*,#4218,.F.);
#4429 = ORIENTED_EDGE('',*,*,#4430,.F.);
#4430 = EDGE_CURVE('',#3672,#4219,#4431,.T.);
#4431 = SURFACE_CURVE('',#4432,(#4436,#4442),.PCURVE_S1.);
#4432 = LINE('',#4433,#4434);
#4433 = CARTESIAN_POINT('',(6.963433774416,0.9,1.5));
#4434 = VECTOR('',#4435,1.);
#4435 = DIRECTION('',(-0.,-0.,-1.));
#4436 = PCURVE('',#2719,#4437);
#4437 = DEFINITIONAL_REPRESENTATION('',(#4438),#4441);
#4438 = B_SPLINE_CURVE_WITH_KNOTS('',1,(#4439,#4440),.UNSPECIFIED.,.F.,
  .F.,(2,2),(-1.9000024,2.400000000069E-06),.PIECEWISE_BEZIER_KNOTS.);
#4439 = CARTESIAN_POINT('',(1.663433774417,-4.1000024));
#4440 = CARTESIAN_POINT('',(1.663433774417,-2.1999976));
#4441 = ( GEOMETRIC_REPRESENTATION_CONTEXT(2) 
PARAMETRIC_REPRESENTATION_CONTEXT() REPRESENTATION_CONTEXT('2D SPACE',''
  ) );
#4442 = PCURVE('',#3709,#4443);
#4443 = DEFINITIONAL_REPRESENTATION('',(#4444),#4447);
#4444 = B_SPLINE_CURVE_WITH_KNOTS('',1,(#4445,#4446),.UNSPECIFIED.,.F.,
  .F.,(2,2),(-1.9,0.),.PIECEWISE_BEZIER_KNOTS.);
#4445 = CARTESIAN_POINT('',(-5.574069747035,-1.9));
#4446 = CARTESIAN_POINT('',(-5.574069747035,0.));
#4447 = ( GEOMETRIC_REPRESENTATION_CONTEXT(2) 
PARAMETRIC_REPRESENTATION_CONTEXT() REPRESENTATION_CONTEXT('2D SPACE',''
  ) );
#4448 = ORIENTED_EDGE('',*,*,#3671,.T.);
#4449 = ORIENTED_EDGE('',*,*,#4450,.T.);
#4450 = EDGE_CURVE('',#3643,#4451,#4453,.T.);
#4451 = VERTEX_POINT('',#4452);
#4452 = CARTESIAN_POINT('',(77.236566225584,0.9,1.5));
#4453 = SURFACE_CURVE('',#4454,(#4458,#4464),.PCURVE_S1.);
#4454 = LINE('',#4455,#4456);
#4455 = CARTESIAN_POINT('',(77.236566225584,0.9,1.5));
#4456 = VECTOR('',#4457,1.);
#4457 = DIRECTION('',(-0.,-0.,-1.));
#4458 = PCURVE('',#2719,#4459);
#4459 = DEFINITIONAL_REPRESENTATION('',(#4460),#4463);
#4460 = B_SPLINE_CURVE_WITH_KNOTS('',1,(#4461,#4462),.UNSPECIFIED.,.F.,
  .F.,(2,2),(-1.9000024,2.400000000069E-06),.PIECEWISE_BEZIER_KNOTS.);
#4461 = CARTESIAN_POINT('',(71.936566225585,-4.1000024));
#4462 = CARTESIAN_POINT('',(71.936566225585,-2.1999976));
#4463 = ( GEOMETRIC_REPRESENTATION_CONTEXT(2) 
PARAMETRIC_REPRESENTATION_CONTEXT() REPRESENTATION_CONTEXT('2D SPACE',''
  ) );
#4464 = PCURVE('',#3659,#4465);
#4465 = DEFINITIONAL_REPRESENTATION('',(#4466),#4469);
#4466 = B_SPLINE_CURVE_WITH_KNOTS('',1,(#4467,#4468),.UNSPECIFIED.,.F.,
  .F.,(2,2),(-1.9000024,2.400000000069E-06),.PIECEWISE_BEZIER_KNOTS.);
#4467 = CARTESIAN_POINT('',(-3.850708213734,-1.9000024));
#4468 = CARTESIAN_POINT('',(-3.850708213734,2.400000000069E-06));
#4469 = ( GEOMETRIC_REPRESENTATION_CONTEXT(2) 
PARAMETRIC_REPRESENTATION_CONTEXT() REPRESENTATION_CONTEXT('2D SPACE',''
  ) );
#4470 = ORIENTED_EDGE('',*,*,#4471,.F.);
#4471 = EDGE_CURVE('',#3218,#4451,#4472,.T.);
#4472 = SURFACE_CURVE('',#4473,(#4477,#4483),.PCURVE_S1.);
#4473 = LINE('',#4474,#4475);
#4474 = CARTESIAN_POINT('',(42.899999999999,0.9,1.5));
#4475 = VECTOR('',#4476,1.);
#4476 = DIRECTION('',(1.,0.,0.));
#4477 = PCURVE('',#2719,#4478);
#4478 = DEFINITIONAL_REPRESENTATION('',(#4479),#4482);
#4479 = B_SPLINE_CURVE_WITH_KNOTS('',1,(#4480,#4481),.UNSPECIFIED.,.F.,
  .F.,(2,2),(32.600000000001,35.999999990666),.PIECEWISE_BEZIER_KNOTS.);
#4480 = CARTESIAN_POINT('',(70.200000000001,-2.2));
#4481 = CARTESIAN_POINT('',(73.599999990667,-2.2));
#4482 = ( GEOMETRIC_REPRESENTATION_CONTEXT(2) 
PARAMETRIC_REPRESENTATION_CONTEXT() REPRESENTATION_CONTEXT('2D SPACE',''
  ) );
#4483 = PCURVE('',#3255,#4484);
#4484 = DEFINITIONAL_REPRESENTATION('',(#4485),#4489);
#4485 = LINE('',#4486,#4487);
#4486 = CARTESIAN_POINT('',(-37.6,-2.8));
#4487 = VECTOR('',#4488,1.);
#4488 = DIRECTION('',(1.,0.));
#4489 = ( GEOMETRIC_REPRESENTATION_CONTEXT(2) 
PARAMETRIC_REPRESENTATION_CONTEXT() REPRESENTATION_CONTEXT('2D SPACE',''
  ) );
#4490 = ADVANCED_FACE('',(#4491),#2747,.F.);
#4491 = FACE_BOUND('',#4492,.F.);
#4492 = EDGE_LOOP('',(#4493,#4494,#4495,#4496));
#4493 = ORIENTED_EDGE('',*,*,#4298,.T.);
#4494 = ORIENTED_EDGE('',*,*,#3190,.T.);
#4495 = ORIENTED_EDGE('',*,*,#4409,.T.);
#4496 = ORIENTED_EDGE('',*,*,#2730,.T.);
#4497 = ADVANCED_FACE('',(#4498,#4546),#2974,.F.);
#4498 = FACE_BOUND('',#4499,.F.);
#4499 = EDGE_LOOP('',(#4500,#4501,#4502,#4526));
#4500 = ORIENTED_EDGE('',*,*,#2957,.T.);
#4501 = ORIENTED_EDGE('',*,*,#3990,.T.);
#4502 = ORIENTED_EDGE('',*,*,#4503,.T.);
#4503 = EDGE_CURVE('',#3970,#4504,#4506,.T.);
#4504 = VERTEX_POINT('',#4505);
#4505 = CARTESIAN_POINT('',(83.300000000001,93.036566225585,1.5));
#4506 = SURFACE_CURVE('',#4507,(#4512,#4519),.PCURVE_S1.);
#4507 = CIRCLE('',#4508,4.3);
#4508 = AXIS2_PLACEMENT_3D('',#4509,#4510,#4511);
#4509 = CARTESIAN_POINT('',(80.5,96.3,1.5));
#4510 = DIRECTION('',(0.,0.,1.));
#4511 = DIRECTION('',(1.,0.,0.));
#4512 = PCURVE('',#2974,#4513);
#4513 = DEFINITIONAL_REPRESENTATION('',(#4514),#4518);
#4514 = CIRCLE('',#4515,4.3);
#4515 = AXIS2_PLACEMENT_2D('',#4516,#4517);
#4516 = CARTESIAN_POINT('',(0.,0.));
#4517 = DIRECTION('',(1.,0.));
#4518 = ( GEOMETRIC_REPRESENTATION_CONTEXT(2) 
PARAMETRIC_REPRESENTATION_CONTEXT() REPRESENTATION_CONTEXT('2D SPACE',''
  ) );
#4519 = PCURVE('',#3607,#4520);
#4520 = DEFINITIONAL_REPRESENTATION('',(#4521),#4525);
#4521 = LINE('',#4522,#4523);
#4522 = CARTESIAN_POINT('',(-0.,0.));
#4523 = VECTOR('',#4524,1.);
#4524 = DIRECTION('',(-1.,0.));
#4525 = ( GEOMETRIC_REPRESENTATION_CONTEXT(2) 
PARAMETRIC_REPRESENTATION_CONTEXT() REPRESENTATION_CONTEXT('2D SPACE',''
  ) );
#4526 = ORIENTED_EDGE('',*,*,#4527,.F.);
#4527 = EDGE_CURVE('',#2932,#4504,#4528,.T.);
#4528 = SURFACE_CURVE('',#4529,(#4533,#4540),.PCURVE_S1.);
#4529 = LINE('',#4530,#4531);
#4530 = CARTESIAN_POINT('',(83.300000000001,50.8,1.5));
#4531 = VECTOR('',#4532,1.);
#4532 = DIRECTION('',(0.,1.,-0.));
#4533 = PCURVE('',#2974,#4534);
#4534 = DEFINITIONAL_REPRESENTATION('',(#4535),#4539);
#4535 = LINE('',#4536,#4537);
#4536 = CARTESIAN_POINT('',(2.800000000001,-45.5));
#4537 = VECTOR('',#4538,1.);
#4538 = DIRECTION('',(0.,1.));
#4539 = ( GEOMETRIC_REPRESENTATION_CONTEXT(2) 
PARAMETRIC_REPRESENTATION_CONTEXT() REPRESENTATION_CONTEXT('2D SPACE',''
  ) );
#4540 = PCURVE('',#2946,#4541);
#4541 = DEFINITIONAL_REPRESENTATION('',(#4542),#4545);
#4542 = B_SPLINE_CURVE_WITH_KNOTS('',1,(#4543,#4544),.UNSPECIFIED.,.F.,
  .F.,(2,2),(40.5,43.9),.PIECEWISE_BEZIER_KNOTS.);
#4543 = CARTESIAN_POINT('',(86.,-2.2));
#4544 = CARTESIAN_POINT('',(89.4,-2.2));
#4545 = ( GEOMETRIC_REPRESENTATION_CONTEXT(2) 
PARAMETRIC_REPRESENTATION_CONTEXT() REPRESENTATION_CONTEXT('2D SPACE',''
  ) );
#4546 = FACE_BOUND('',#4547,.F.);
#4547 = EDGE_LOOP('',(#4548));
#4548 = ORIENTED_EDGE('',*,*,#4549,.T.);
#4549 = EDGE_CURVE('',#4550,#4550,#4552,.T.);
#4550 = VERTEX_POINT('',#4551);
#4551 = CARTESIAN_POINT('',(82.7,96.3,1.5));
#4552 = SURFACE_CURVE('',#4553,(#4558,#4569),.PCURVE_S1.);
#4553 = CIRCLE('',#4554,2.2);
#4554 = AXIS2_PLACEMENT_3D('',#4555,#4556,#4557);
#4555 = CARTESIAN_POINT('',(80.5,96.3,1.5));
#4556 = DIRECTION('',(0.,0.,-1.));
#4557 = DIRECTION('',(1.,0.,0.));
#4558 = PCURVE('',#2974,#4559);
#4559 = DEFINITIONAL_REPRESENTATION('',(#4560),#4568);
#4560 = ( BOUNDED_CURVE() B_SPLINE_CURVE(2,(#4561,#4562,#4563,#4564,
#4565,#4566,#4567),.UNSPECIFIED.,.T.,.F.) B_SPLINE_CURVE_WITH_KNOTS((1,2
    ,2,2,2,1),(-2.094395102393,0.,2.094395102393,4.188790204786,
6.28318530718,8.377580409573),.UNSPECIFIED.) CURVE() 
GEOMETRIC_REPRESENTATION_ITEM() RATIONAL_B_SPLINE_CURVE((1.,0.5,1.,0.5,
1.,0.5,1.)) REPRESENTATION_ITEM('') );
#4561 = CARTESIAN_POINT('',(2.2,0.));
#4562 = CARTESIAN_POINT('',(2.2,-3.810511776652));
#4563 = CARTESIAN_POINT('',(-1.1,-1.905255888326));
#4564 = CARTESIAN_POINT('',(-4.4,-5.388445916248E-16));
#4565 = CARTESIAN_POINT('',(-1.1,1.905255888326));
#4566 = CARTESIAN_POINT('',(2.2,3.810511776652));
#4567 = CARTESIAN_POINT('',(2.2,0.));
#4568 = ( GEOMETRIC_REPRESENTATION_CONTEXT(2) 
PARAMETRIC_REPRESENTATION_CONTEXT() REPRESENTATION_CONTEXT('2D SPACE',''
  ) );
#4569 = PCURVE('',#3744,#4570);
#4570 = DEFINITIONAL_REPRESENTATION('',(#4571),#4575);
#4571 = LINE('',#4572,#4573);
#4572 = CARTESIAN_POINT('',(-6.28318530718,-1.));
#4573 = VECTOR('',#4574,1.);
#4574 = DIRECTION('',(1.,-0.));
#4575 = ( GEOMETRIC_REPRESENTATION_CONTEXT(2) 
PARAMETRIC_REPRESENTATION_CONTEXT() REPRESENTATION_CONTEXT('2D SPACE',''
  ) );
#4576 = ADVANCED_FACE('',(#4577),#2888,.T.);
#4577 = FACE_BOUND('',#4578,.T.);
#4578 = EDGE_LOOP('',(#4579,#4580,#4581,#4582));
#4579 = ORIENTED_EDGE('',*,*,#2873,.T.);
#4580 = ORIENTED_EDGE('',*,*,#3121,.T.);
#4581 = ORIENTED_EDGE('',*,*,#3145,.F.);
#4582 = ORIENTED_EDGE('',*,*,#4583,.T.);
#4583 = EDGE_CURVE('',#3146,#2874,#4584,.T.);
#4584 = SURFACE_CURVE('',#4585,(#4589,#4596),.PCURVE_S1.);
#4585 = LINE('',#4586,#4587);
#4586 = CARTESIAN_POINT('',(84.500000000001,50.,0.3));
#4587 = VECTOR('',#4588,1.);
#4588 = DIRECTION('',(0.,1.,0.));
#4589 = PCURVE('',#2888,#4590);
#4590 = DEFINITIONAL_REPRESENTATION('',(#4591),#4595);
#4591 = LINE('',#4592,#4593);
#4592 = CARTESIAN_POINT('',(44.7,-8.8));
#4593 = VECTOR('',#4594,1.);
#4594 = DIRECTION('',(1.,0.));
#4595 = ( GEOMETRIC_REPRESENTATION_CONTEXT(2) 
PARAMETRIC_REPRESENTATION_CONTEXT() REPRESENTATION_CONTEXT('2D SPACE',''
  ) );
#4596 = PCURVE('',#2915,#4597);
#4597 = DEFINITIONAL_REPRESENTATION('',(#4598),#4602);
#4598 = LINE('',#4599,#4600);
#4599 = CARTESIAN_POINT('',(42.400000002013,7.483848560947E-16));
#4600 = VECTOR('',#4601,1.);
#4601 = DIRECTION('',(0.,1.));
#4602 = ( GEOMETRIC_REPRESENTATION_CONTEXT(2) 
PARAMETRIC_REPRESENTATION_CONTEXT() REPRESENTATION_CONTEXT('2D SPACE',''
  ) );
#4603 = ADVANCED_FACE('',(#4604),#2946,.T.);
#4604 = FACE_BOUND('',#4605,.T.);
#4605 = EDGE_LOOP('',(#4606,#4607,#4626,#4627,#4649,#4668,#4669,#4688));
#4606 = ORIENTED_EDGE('',*,*,#2931,.T.);
#4607 = ORIENTED_EDGE('',*,*,#4608,.T.);
#4608 = EDGE_CURVE('',#2900,#3268,#4609,.T.);
#4609 = SURFACE_CURVE('',#4610,(#4614,#4620),.PCURVE_S1.);
#4610 = LINE('',#4611,#4612);
#4611 = CARTESIAN_POINT('',(83.300000000001,27.65,0.3));
#4612 = VECTOR('',#4613,1.);
#4613 = DIRECTION('',(0.,-1.,0.));
#4614 = PCURVE('',#2946,#4615);
#4615 = DEFINITIONAL_REPRESENTATION('',(#4616),#4619);
#4616 = B_SPLINE_CURVE_WITH_KNOTS('',1,(#4617,#4618),.UNSPECIFIED.,.F.,
  .F.,(2,2),(-67.05,22.35),.PIECEWISE_BEZIER_KNOTS.);
#4617 = CARTESIAN_POINT('',(89.4,-1.));
#4618 = CARTESIAN_POINT('',(0.,-1.));
#4619 = ( GEOMETRIC_REPRESENTATION_CONTEXT(2) 
PARAMETRIC_REPRESENTATION_CONTEXT() REPRESENTATION_CONTEXT('2D SPACE',''
  ) );
#4620 = PCURVE('',#2915,#4621);
#4621 = DEFINITIONAL_REPRESENTATION('',(#4622),#4625);
#4622 = B_SPLINE_CURVE_WITH_KNOTS('',1,(#4623,#4624),.UNSPECIFIED.,.F.,
  .F.,(2,2),(-67.05,22.35),.PIECEWISE_BEZIER_KNOTS.);
#4623 = CARTESIAN_POINT('',(41.200000002013,44.7));
#4624 = CARTESIAN_POINT('',(41.200000002013,-44.7));
#4625 = ( GEOMETRIC_REPRESENTATION_CONTEXT(2) 
PARAMETRIC_REPRESENTATION_CONTEXT() REPRESENTATION_CONTEXT('2D SPACE',''
  ) );
#4626 = ORIENTED_EDGE('',*,*,#3267,.F.);
#4627 = ORIENTED_EDGE('',*,*,#4628,.F.);
#4628 = EDGE_CURVE('',#4629,#3239,#4631,.T.);
#4629 = VERTEX_POINT('',#4630);
#4630 = CARTESIAN_POINT('',(83.300000000001,6.963433774415,1.5));
#4631 = SURFACE_CURVE('',#4632,(#4636,#4642),.PCURVE_S1.);
#4632 = LINE('',#4633,#4634);
#4633 = CARTESIAN_POINT('',(83.300000000001,4.5,1.5));
#4634 = VECTOR('',#4635,1.);
#4635 = DIRECTION('',(0.,1.,-0.));
#4636 = PCURVE('',#2946,#4637);
#4637 = DEFINITIONAL_REPRESENTATION('',(#4638),#4641);
#4638 = B_SPLINE_CURVE_WITH_KNOTS('',1,(#4639,#4640),.UNSPECIFIED.,.F.,
  .F.,(2,2),(0.8,4.2),.PIECEWISE_BEZIER_KNOTS.);
#4639 = CARTESIAN_POINT('',(0.,-2.2));
#4640 = CARTESIAN_POINT('',(3.4,-2.2));
#4641 = ( GEOMETRIC_REPRESENTATION_CONTEXT(2) 
PARAMETRIC_REPRESENTATION_CONTEXT() REPRESENTATION_CONTEXT('2D SPACE',''
  ) );
#4642 = PCURVE('',#3255,#4643);
#4643 = DEFINITIONAL_REPRESENTATION('',(#4644),#4648);
#4644 = LINE('',#4645,#4646);
#4645 = CARTESIAN_POINT('',(2.800000000001,0.8));
#4646 = VECTOR('',#4647,1.);
#4647 = DIRECTION('',(0.,1.));
#4648 = ( GEOMETRIC_REPRESENTATION_CONTEXT(2) 
PARAMETRIC_REPRESENTATION_CONTEXT() REPRESENTATION_CONTEXT('2D SPACE',''
  ) );
#4649 = ORIENTED_EDGE('',*,*,#4650,.F.);
#4650 = EDGE_CURVE('',#3620,#4629,#4651,.T.);
#4651 = SURFACE_CURVE('',#4652,(#4656,#4662),.PCURVE_S1.);
#4652 = LINE('',#4653,#4654);
#4653 = CARTESIAN_POINT('',(83.300000000001,6.963433774415,1.5));
#4654 = VECTOR('',#4655,1.);
#4655 = DIRECTION('',(-0.,-0.,-1.));
#4656 = PCURVE('',#2946,#4657);
#4657 = DEFINITIONAL_REPRESENTATION('',(#4658),#4661);
#4658 = B_SPLINE_CURVE_WITH_KNOTS('',1,(#4659,#4660),.UNSPECIFIED.,.F.,
  .F.,(2,2),(-1.9000024,2.400000000069E-06),.PIECEWISE_BEZIER_KNOTS.);
#4659 = CARTESIAN_POINT('',(1.663433774415,-4.1000024));
#4660 = CARTESIAN_POINT('',(1.663433774415,-2.1999976));
#4661 = ( GEOMETRIC_REPRESENTATION_CONTEXT(2) 
PARAMETRIC_REPRESENTATION_CONTEXT() REPRESENTATION_CONTEXT('2D SPACE',''
  ) );
#4662 = PCURVE('',#3659,#4663);
#4663 = DEFINITIONAL_REPRESENTATION('',(#4664),#4667);
#4664 = B_SPLINE_CURVE_WITH_KNOTS('',1,(#4665,#4666),.UNSPECIFIED.,.F.,
  .F.,(2,2),(-1.9000024,2.400000000069E-06),.PIECEWISE_BEZIER_KNOTS.);
#4665 = CARTESIAN_POINT('',(-0.86168076665,-1.9000024));
#4666 = CARTESIAN_POINT('',(-0.86168076665,2.400000000069E-06));
#4667 = ( GEOMETRIC_REPRESENTATION_CONTEXT(2) 
PARAMETRIC_REPRESENTATION_CONTEXT() REPRESENTATION_CONTEXT('2D SPACE',''
  ) );
#4668 = ORIENTED_EDGE('',*,*,#3619,.T.);
#4669 = ORIENTED_EDGE('',*,*,#4670,.T.);
#4670 = EDGE_CURVE('',#3591,#4504,#4671,.T.);
#4671 = SURFACE_CURVE('',#4672,(#4676,#4682),.PCURVE_S1.);
#4672 = LINE('',#4673,#4674);
#4673 = CARTESIAN_POINT('',(83.300000000001,93.036566225585,1.5));
#4674 = VECTOR('',#4675,1.);
#4675 = DIRECTION('',(-0.,-0.,-1.));
#4676 = PCURVE('',#2946,#4677);
#4677 = DEFINITIONAL_REPRESENTATION('',(#4678),#4681);
#4678 = B_SPLINE_CURVE_WITH_KNOTS('',1,(#4679,#4680),.UNSPECIFIED.,.F.,
  .F.,(2,2),(-1.9000024,2.400000000069E-06),.PIECEWISE_BEZIER_KNOTS.);
#4679 = CARTESIAN_POINT('',(87.736566225585,-4.1000024));
#4680 = CARTESIAN_POINT('',(87.736566225585,-2.1999976));
#4681 = ( GEOMETRIC_REPRESENTATION_CONTEXT(2) 
PARAMETRIC_REPRESENTATION_CONTEXT() REPRESENTATION_CONTEXT('2D SPACE',''
  ) );
#4682 = PCURVE('',#3607,#4683);
#4683 = DEFINITIONAL_REPRESENTATION('',(#4684),#4687);
#4684 = B_SPLINE_CURVE_WITH_KNOTS('',1,(#4685,#4686),.UNSPECIFIED.,.F.,
  .F.,(2,2),(-1.9000024,2.400000000069E-06),.PIECEWISE_BEZIER_KNOTS.);
#4685 = CARTESIAN_POINT('',(-5.421504540529,-1.9000024));
#4686 = CARTESIAN_POINT('',(-5.421504540529,2.400000000069E-06));
#4687 = ( GEOMETRIC_REPRESENTATION_CONTEXT(2) 
PARAMETRIC_REPRESENTATION_CONTEXT() REPRESENTATION_CONTEXT('2D SPACE',''
  ) );
#4688 = ORIENTED_EDGE('',*,*,#4527,.F.);
#4689 = ADVANCED_FACE('',(#4690),#2915,.F.);
#4690 = FACE_BOUND('',#4691,.F.);
#4691 = EDGE_LOOP('',(#4692,#4693,#4694,#4695));
#4692 = ORIENTED_EDGE('',*,*,#4583,.T.);
#4693 = ORIENTED_EDGE('',*,*,#2899,.T.);
#4694 = ORIENTED_EDGE('',*,*,#4608,.T.);
#4695 = ORIENTED_EDGE('',*,*,#3288,.T.);
#4696 = ADVANCED_FACE('',(#4697,#4724),#3255,.F.);
#4697 = FACE_BOUND('',#4698,.F.);
#4698 = EDGE_LOOP('',(#4699,#4700,#4701,#4723));
#4699 = ORIENTED_EDGE('',*,*,#3238,.T.);
#4700 = ORIENTED_EDGE('',*,*,#4628,.F.);
#4701 = ORIENTED_EDGE('',*,*,#4702,.T.);
#4702 = EDGE_CURVE('',#4629,#4451,#4703,.T.);
#4703 = SURFACE_CURVE('',#4704,(#4709,#4716),.PCURVE_S1.);
#4704 = CIRCLE('',#4705,4.3);
#4705 = AXIS2_PLACEMENT_3D('',#4706,#4707,#4708);
#4706 = CARTESIAN_POINT('',(80.5,3.7,1.5));
#4707 = DIRECTION('',(0.,0.,1.));
#4708 = DIRECTION('',(1.,0.,0.));
#4709 = PCURVE('',#3255,#4710);
#4710 = DEFINITIONAL_REPRESENTATION('',(#4711),#4715);
#4711 = CIRCLE('',#4712,4.3);
#4712 = AXIS2_PLACEMENT_2D('',#4713,#4714);
#4713 = CARTESIAN_POINT('',(0.,-4.440892098501E-16));
#4714 = DIRECTION('',(1.,0.));
#4715 = ( GEOMETRIC_REPRESENTATION_CONTEXT(2) 
PARAMETRIC_REPRESENTATION_CONTEXT() REPRESENTATION_CONTEXT('2D SPACE',''
  ) );
#4716 = PCURVE('',#3659,#4717);
#4717 = DEFINITIONAL_REPRESENTATION('',(#4718),#4722);
#4718 = LINE('',#4719,#4720);
#4719 = CARTESIAN_POINT('',(-0.,0.));
#4720 = VECTOR('',#4721,1.);
#4721 = DIRECTION('',(-1.,0.));
#4722 = ( GEOMETRIC_REPRESENTATION_CONTEXT(2) 
PARAMETRIC_REPRESENTATION_CONTEXT() REPRESENTATION_CONTEXT('2D SPACE',''
  ) );
#4723 = ORIENTED_EDGE('',*,*,#4471,.F.);
#4724 = FACE_BOUND('',#4725,.F.);
#4725 = EDGE_LOOP('',(#4726));
#4726 = ORIENTED_EDGE('',*,*,#4727,.T.);
#4727 = EDGE_CURVE('',#4728,#4728,#4730,.T.);
#4728 = VERTEX_POINT('',#4729);
#4729 = CARTESIAN_POINT('',(82.7,3.7,1.5));
#4730 = SURFACE_CURVE('',#4731,(#4736,#4747),.PCURVE_S1.);
#4731 = CIRCLE('',#4732,2.2);
#4732 = AXIS2_PLACEMENT_3D('',#4733,#4734,#4735);
#4733 = CARTESIAN_POINT('',(80.5,3.7,1.5));
#4734 = DIRECTION('',(0.,0.,-1.));
#4735 = DIRECTION('',(1.,0.,0.));
#4736 = PCURVE('',#3255,#4737);
#4737 = DEFINITIONAL_REPRESENTATION('',(#4738),#4746);
#4738 = ( BOUNDED_CURVE() B_SPLINE_CURVE(2,(#4739,#4740,#4741,#4742,
#4743,#4744,#4745),.UNSPECIFIED.,.T.,.F.) B_SPLINE_CURVE_WITH_KNOTS((1,2
    ,2,2,2,1),(-2.094395102393,0.,2.094395102393,4.188790204786,
6.28318530718,8.377580409573),.UNSPECIFIED.) CURVE() 
GEOMETRIC_REPRESENTATION_ITEM() RATIONAL_B_SPLINE_CURVE((1.,0.5,1.,0.5,
1.,0.5,1.)) REPRESENTATION_ITEM('') );
#4739 = CARTESIAN_POINT('',(2.2,-4.440892098501E-16));
#4740 = CARTESIAN_POINT('',(2.2,-3.810511776652));
#4741 = CARTESIAN_POINT('',(-1.1,-1.905255888326));
#4742 = CARTESIAN_POINT('',(-4.4,-9.829338014749E-16));
#4743 = CARTESIAN_POINT('',(-1.1,1.905255888326));
#4744 = CARTESIAN_POINT('',(2.2,3.810511776652));
#4745 = CARTESIAN_POINT('',(2.2,-4.440892098501E-16));
#4746 = ( GEOMETRIC_REPRESENTATION_CONTEXT(2) 
PARAMETRIC_REPRESENTATION_CONTEXT() REPRESENTATION_CONTEXT('2D SPACE',''
  ) );
#4747 = PCURVE('',#3464,#4748);
#4748 = DEFINITIONAL_REPRESENTATION('',(#4749),#4753);
#4749 = LINE('',#4750,#4751);
#4750 = CARTESIAN_POINT('',(-6.28318530718,-1.));
#4751 = VECTOR('',#4752,1.);
#4752 = DIRECTION('',(1.,-0.));
#4753 = ( GEOMETRIC_REPRESENTATION_CONTEXT(2) 
PARAMETRIC_REPRESENTATION_CONTEXT() REPRESENTATION_CONTEXT('2D SPACE',''
  ) );
#4754 = ADVANCED_FACE('',(#4755),#3429,.F.);
#4755 = FACE_BOUND('',#4756,.T.);
#4756 = EDGE_LOOP('',(#4757,#4758,#4779,#4780));
#4757 = ORIENTED_EDGE('',*,*,#4264,.T.);
#4758 = ORIENTED_EDGE('',*,*,#4759,.T.);
#4759 = EDGE_CURVE('',#4265,#3409,#4760,.T.);
#4760 = SEAM_CURVE('',#4761,(#4765,#4772),.PCURVE_S1.);
#4761 = LINE('',#4762,#4763);
#4762 = CARTESIAN_POINT('',(5.9,3.7,0.5));
#4763 = VECTOR('',#4764,1.);
#4764 = DIRECTION('',(0.,0.,1.));
#4765 = PCURVE('',#3429,#4766);
#4766 = DEFINITIONAL_REPRESENTATION('',(#4767),#4771);
#4767 = LINE('',#4768,#4769);
#4768 = CARTESIAN_POINT('',(-6.28318530718,0.));
#4769 = VECTOR('',#4770,1.);
#4770 = DIRECTION('',(-0.,-1.));
#4771 = ( GEOMETRIC_REPRESENTATION_CONTEXT(2) 
PARAMETRIC_REPRESENTATION_CONTEXT() REPRESENTATION_CONTEXT('2D SPACE',''
  ) );
#4772 = PCURVE('',#3429,#4773);
#4773 = DEFINITIONAL_REPRESENTATION('',(#4774),#4778);
#4774 = LINE('',#4775,#4776);
#4775 = CARTESIAN_POINT('',(-0.,0.));
#4776 = VECTOR('',#4777,1.);
#4777 = DIRECTION('',(-0.,-1.));
#4778 = ( GEOMETRIC_REPRESENTATION_CONTEXT(2) 
PARAMETRIC_REPRESENTATION_CONTEXT() REPRESENTATION_CONTEXT('2D SPACE',''
  ) );
#4779 = ORIENTED_EDGE('',*,*,#3408,.F.);
#4780 = ORIENTED_EDGE('',*,*,#4759,.F.);
#4781 = ADVANCED_FACE('',(#4782),#3464,.F.);
#4782 = FACE_BOUND('',#4783,.T.);
#4783 = EDGE_LOOP('',(#4784,#4785,#4806,#4807));
#4784 = ORIENTED_EDGE('',*,*,#4727,.T.);
#4785 = ORIENTED_EDGE('',*,*,#4786,.T.);
#4786 = EDGE_CURVE('',#4728,#3444,#4787,.T.);
#4787 = SEAM_CURVE('',#4788,(#4792,#4799),.PCURVE_S1.);
#4788 = LINE('',#4789,#4790);
#4789 = CARTESIAN_POINT('',(82.7,3.7,0.5));
#4790 = VECTOR('',#4791,1.);
#4791 = DIRECTION('',(0.,0.,1.));
#4792 = PCURVE('',#3464,#4793);
#4793 = DEFINITIONAL_REPRESENTATION('',(#4794),#4798);
#4794 = LINE('',#4795,#4796);
#4795 = CARTESIAN_POINT('',(-6.28318530718,0.));
#4796 = VECTOR('',#4797,1.);
#4797 = DIRECTION('',(-0.,-1.));
#4798 = ( GEOMETRIC_REPRESENTATION_CONTEXT(2) 
PARAMETRIC_REPRESENTATION_CONTEXT() REPRESENTATION_CONTEXT('2D SPACE',''
  ) );
#4799 = PCURVE('',#3464,#4800);
#4800 = DEFINITIONAL_REPRESENTATION('',(#4801),#4805);
#4801 = LINE('',#4802,#4803);
#4802 = CARTESIAN_POINT('',(-0.,0.));
#4803 = VECTOR('',#4804,1.);
#4804 = DIRECTION('',(-0.,-1.));
#4805 = ( GEOMETRIC_REPRESENTATION_CONTEXT(2) 
PARAMETRIC_REPRESENTATION_CONTEXT() REPRESENTATION_CONTEXT('2D SPACE',''
  ) );
#4806 = ORIENTED_EDGE('',*,*,#3443,.F.);
#4807 = ORIENTED_EDGE('',*,*,#4786,.F.);
#4808 = ADVANCED_FACE('',(#4809),#3499,.F.);
#4809 = FACE_BOUND('',#4810,.T.);
#4810 = EDGE_LOOP('',(#4811,#4812,#4833,#4834));
#4811 = ORIENTED_EDGE('',*,*,#4065,.T.);
#4812 = ORIENTED_EDGE('',*,*,#4813,.T.);
#4813 = EDGE_CURVE('',#4066,#3479,#4814,.T.);
#4814 = SEAM_CURVE('',#4815,(#4819,#4826),.PCURVE_S1.);
#4815 = LINE('',#4816,#4817);
#4816 = CARTESIAN_POINT('',(5.9,96.3,0.5));
#4817 = VECTOR('',#4818,1.);
#4818 = DIRECTION('',(0.,0.,1.));
#4819 = PCURVE('',#3499,#4820);
#4820 = DEFINITIONAL_REPRESENTATION('',(#4821),#4825);
#4821 = LINE('',#4822,#4823);
#4822 = CARTESIAN_POINT('',(-6.28318530718,0.));
#4823 = VECTOR('',#4824,1.);
#4824 = DIRECTION('',(-0.,-1.));
#4825 = ( GEOMETRIC_REPRESENTATION_CONTEXT(2) 
PARAMETRIC_REPRESENTATION_CONTEXT() REPRESENTATION_CONTEXT('2D SPACE',''
  ) );
#4826 = PCURVE('',#3499,#4827);
#4827 = DEFINITIONAL_REPRESENTATION('',(#4828),#4832);
#4828 = LINE('',#4829,#4830);
#4829 = CARTESIAN_POINT('',(-0.,0.));
#4830 = VECTOR('',#4831,1.);
#4831 = DIRECTION('',(-0.,-1.));
#4832 = ( GEOMETRIC_REPRESENTATION_CONTEXT(2) 
PARAMETRIC_REPRESENTATION_CONTEXT() REPRESENTATION_CONTEXT('2D SPACE',''
  ) );
#4833 = ORIENTED_EDGE('',*,*,#3478,.F.);
#4834 = ORIENTED_EDGE('',*,*,#4813,.F.);
#4835 = ADVANCED_FACE('',(#4836),#3709,.T.);
#4836 = FACE_BOUND('',#4837,.F.);
#4837 = EDGE_LOOP('',(#4838,#4839,#4840,#4841));
#4838 = ORIENTED_EDGE('',*,*,#4240,.F.);
#4839 = ORIENTED_EDGE('',*,*,#4430,.F.);
#4840 = ORIENTED_EDGE('',*,*,#3694,.T.);
#4841 = ORIENTED_EDGE('',*,*,#4166,.T.);
#4842 = ADVANCED_FACE('',(#4843),#3555,.T.);
#4843 = FACE_BOUND('',#4844,.F.);
#4844 = EDGE_LOOP('',(#4845,#4846,#4847,#4848));
#4845 = ORIENTED_EDGE('',*,*,#3538,.T.);
#4846 = ORIENTED_EDGE('',*,*,#3949,.T.);
#4847 = ORIENTED_EDGE('',*,*,#4037,.T.);
#4848 = ORIENTED_EDGE('',*,*,#4186,.F.);
#4849 = ADVANCED_FACE('',(#4850),#3659,.T.);
#4850 = FACE_BOUND('',#4851,.F.);
#4851 = EDGE_LOOP('',(#4852,#4853,#4854,#4855));
#4852 = ORIENTED_EDGE('',*,*,#4702,.F.);
#4853 = ORIENTED_EDGE('',*,*,#4650,.F.);
#4854 = ORIENTED_EDGE('',*,*,#3642,.T.);
#4855 = ORIENTED_EDGE('',*,*,#4450,.T.);
#4856 = ADVANCED_FACE('',(#4857),#3607,.T.);
#4857 = FACE_BOUND('',#4858,.F.);
#4858 = EDGE_LOOP('',(#4859,#4860,#4861,#4862));
#4859 = ORIENTED_EDGE('',*,*,#4503,.F.);
#4860 = ORIENTED_EDGE('',*,*,#3969,.F.);
#4861 = ORIENTED_EDGE('',*,*,#3590,.T.);
#4862 = ORIENTED_EDGE('',*,*,#4670,.T.);
#4863 = ADVANCED_FACE('',(#4864),#3744,.F.);
#4864 = FACE_BOUND('',#4865,.T.);
#4865 = EDGE_LOOP('',(#4866,#4867,#4888,#4889));
#4866 = ORIENTED_EDGE('',*,*,#4549,.T.);
#4867 = ORIENTED_EDGE('',*,*,#4868,.T.);
#4868 = EDGE_CURVE('',#4550,#3724,#4869,.T.);
#4869 = SEAM_CURVE('',#4870,(#4874,#4881),.PCURVE_S1.);
#4870 = LINE('',#4871,#4872);
#4871 = CARTESIAN_POINT('',(82.7,96.3,0.5));
#4872 = VECTOR('',#4873,1.);
#4873 = DIRECTION('',(0.,0.,1.));
#4874 = PCURVE('',#3744,#4875);
#4875 = DEFINITIONAL_REPRESENTATION('',(#4876),#4880);
#4876 = LINE('',#4877,#4878);
#4877 = CARTESIAN_POINT('',(-6.28318530718,0.));
#4878 = VECTOR('',#4879,1.);
#4879 = DIRECTION('',(-0.,-1.));
#4880 = ( GEOMETRIC_REPRESENTATION_CONTEXT(2) 
PARAMETRIC_REPRESENTATION_CONTEXT() REPRESENTATION_CONTEXT('2D SPACE',''
  ) );
#4881 = PCURVE('',#3744,#4882);
#4882 = DEFINITIONAL_REPRESENTATION('',(#4883),#4887);
#4883 = LINE('',#4884,#4885);
#4884 = CARTESIAN_POINT('',(-0.,0.));
#4885 = VECTOR('',#4886,1.);
#4886 = DIRECTION('',(-0.,-1.));
#4887 = ( GEOMETRIC_REPRESENTATION_CONTEXT(2) 
PARAMETRIC_REPRESENTATION_CONTEXT() REPRESENTATION_CONTEXT('2D SPACE',''
  ) );
#4888 = ORIENTED_EDGE('',*,*,#3723,.F.);
#4889 = ORIENTED_EDGE('',*,*,#4868,.F.);
#4890 = ADVANCED_FACE('',(#4891),#3782,.F.);
#4891 = FACE_BOUND('',#4892,.F.);
#4892 = EDGE_LOOP('',(#4893,#4914,#4915,#4936));
#4893 = ORIENTED_EDGE('',*,*,#4894,.F.);
#4894 = EDGE_CURVE('',#3768,#4324,#4895,.T.);
#4895 = SURFACE_CURVE('',#4896,(#4900,#4907),.PCURVE_S1.);
#4896 = LINE('',#4897,#4898);
#4897 = CARTESIAN_POINT('',(47.1,-6.45,-1.4));
#4898 = VECTOR('',#4899,1.);
#4899 = DIRECTION('',(-0.,1.,0.));
#4900 = PCURVE('',#3782,#4901);
#4901 = DEFINITIONAL_REPRESENTATION('',(#4902),#4906);
#4902 = LINE('',#4903,#4904);
#4903 = CARTESIAN_POINT('',(3.6,0.));
#4904 = VECTOR('',#4905,1.);
#4905 = DIRECTION('',(0.,-1.));
#4906 = ( GEOMETRIC_REPRESENTATION_CONTEXT(2) 
PARAMETRIC_REPRESENTATION_CONTEXT() REPRESENTATION_CONTEXT('2D SPACE',''
  ) );
#4907 = PCURVE('',#3808,#4908);
#4908 = DEFINITIONAL_REPRESENTATION('',(#4909),#4913);
#4909 = LINE('',#4910,#4911);
#4910 = CARTESIAN_POINT('',(10.,0.));
#4911 = VECTOR('',#4912,1.);
#4912 = DIRECTION('',(0.,1.));
#4913 = ( GEOMETRIC_REPRESENTATION_CONTEXT(2) 
PARAMETRIC_REPRESENTATION_CONTEXT() REPRESENTATION_CONTEXT('2D SPACE',''
  ) );
#4914 = ORIENTED_EDGE('',*,*,#3765,.F.);
#4915 = ORIENTED_EDGE('',*,*,#4916,.T.);
#4916 = EDGE_CURVE('',#3766,#4366,#4917,.T.);
#4917 = SURFACE_CURVE('',#4918,(#4922,#4929),.PCURVE_S1.);
#4918 = LINE('',#4919,#4920);
#4919 = CARTESIAN_POINT('',(47.1,-6.45,-5.));
#4920 = VECTOR('',#4921,1.);
#4921 = DIRECTION('',(-0.,1.,0.));
#4922 = PCURVE('',#3782,#4923);
#4923 = DEFINITIONAL_REPRESENTATION('',(#4924),#4928);
#4924 = LINE('',#4925,#4926);
#4925 = CARTESIAN_POINT('',(0.,0.));
#4926 = VECTOR('',#4927,1.);
#4927 = DIRECTION('',(0.,-1.));
#4928 = ( GEOMETRIC_REPRESENTATION_CONTEXT(2) 
PARAMETRIC_REPRESENTATION_CONTEXT() REPRESENTATION_CONTEXT('2D SPACE',''
  ) );
#4929 = PCURVE('',#3858,#4930);
#4930 = DEFINITIONAL_REPRESENTATION('',(#4931),#4935);
#4931 = LINE('',#4932,#4933);
#4932 = CARTESIAN_POINT('',(10.,0.));
#4933 = VECTOR('',#4934,1.);
#4934 = DIRECTION('',(0.,1.));
#4935 = ( GEOMETRIC_REPRESENTATION_CONTEXT(2) 
PARAMETRIC_REPRESENTATION_CONTEXT() REPRESENTATION_CONTEXT('2D SPACE',''
  ) );
#4936 = ORIENTED_EDGE('',*,*,#4386,.F.);
#4937 = ADVANCED_FACE('',(#4938),#3858,.T.);
#4938 = FACE_BOUND('',#4939,.T.);
#4939 = EDGE_LOOP('',(#4940,#4961,#4962,#4963));
#4940 = ORIENTED_EDGE('',*,*,#4941,.F.);
#4941 = EDGE_CURVE('',#3820,#4345,#4942,.T.);
#4942 = SURFACE_CURVE('',#4943,(#4947,#4954),.PCURVE_S1.);
#4943 = LINE('',#4944,#4945);
#4944 = CARTESIAN_POINT('',(37.1,-6.45,-5.));
#4945 = VECTOR('',#4946,1.);
#4946 = DIRECTION('',(-0.,1.,0.));
#4947 = PCURVE('',#3858,#4948);
#4948 = DEFINITIONAL_REPRESENTATION('',(#4949),#4953);
#4949 = LINE('',#4950,#4951);
#4950 = CARTESIAN_POINT('',(0.,0.));
#4951 = VECTOR('',#4952,1.);
#4952 = DIRECTION('',(0.,1.));
#4953 = ( GEOMETRIC_REPRESENTATION_CONTEXT(2) 
PARAMETRIC_REPRESENTATION_CONTEXT() REPRESENTATION_CONTEXT('2D SPACE',''
  ) );
#4954 = PCURVE('',#3834,#4955);
#4955 = DEFINITIONAL_REPRESENTATION('',(#4956),#4960);
#4956 = LINE('',#4957,#4958);
#4957 = CARTESIAN_POINT('',(0.,0.));
#4958 = VECTOR('',#4959,1.);
#4959 = DIRECTION('',(0.,-1.));
#4960 = ( GEOMETRIC_REPRESENTATION_CONTEXT(2) 
PARAMETRIC_REPRESENTATION_CONTEXT() REPRESENTATION_CONTEXT('2D SPACE',''
  ) );
#4961 = ORIENTED_EDGE('',*,*,#3845,.F.);
#4962 = ORIENTED_EDGE('',*,*,#4916,.T.);
#4963 = ORIENTED_EDGE('',*,*,#4365,.F.);
#4964 = ADVANCED_FACE('',(#4965),#3834,.T.);
#4965 = FACE_BOUND('',#4966,.T.);
#4966 = EDGE_LOOP('',(#4967,#4988,#4989,#4990));
#4967 = ORIENTED_EDGE('',*,*,#4968,.F.);
#4968 = EDGE_CURVE('',#3794,#4322,#4969,.T.);
#4969 = SURFACE_CURVE('',#4970,(#4974,#4981),.PCURVE_S1.);
#4970 = LINE('',#4971,#4972);
#4971 = CARTESIAN_POINT('',(37.1,-6.45,-1.4));
#4972 = VECTOR('',#4973,1.);
#4973 = DIRECTION('',(-0.,1.,0.));
#4974 = PCURVE('',#3834,#4975);
#4975 = DEFINITIONAL_REPRESENTATION('',(#4976),#4980);
#4976 = LINE('',#4977,#4978);
#4977 = CARTESIAN_POINT('',(3.6,0.));
#4978 = VECTOR('',#4979,1.);
#4979 = DIRECTION('',(0.,-1.));
#4980 = ( GEOMETRIC_REPRESENTATION_CONTEXT(2) 
PARAMETRIC_REPRESENTATION_CONTEXT() REPRESENTATION_CONTEXT('2D SPACE',''
  ) );
#4981 = PCURVE('',#3808,#4982);
#4982 = DEFINITIONAL_REPRESENTATION('',(#4983),#4987);
#4983 = LINE('',#4984,#4985);
#4984 = CARTESIAN_POINT('',(0.,0.));
#4985 = VECTOR('',#4986,1.);
#4986 = DIRECTION('',(0.,1.));
#4987 = ( GEOMETRIC_REPRESENTATION_CONTEXT(2) 
PARAMETRIC_REPRESENTATION_CONTEXT() REPRESENTATION_CONTEXT('2D SPACE',''
  ) );
#4988 = ORIENTED_EDGE('',*,*,#3819,.F.);
#4989 = ORIENTED_EDGE('',*,*,#4941,.T.);
#4990 = ORIENTED_EDGE('',*,*,#4344,.F.);
#4991 = ADVANCED_FACE('',(#4992),#3808,.F.);
#4992 = FACE_BOUND('',#4993,.F.);
#4993 = EDGE_LOOP('',(#4994,#4995,#4996,#4997));
#4994 = ORIENTED_EDGE('',*,*,#4968,.F.);
#4995 = ORIENTED_EDGE('',*,*,#3793,.F.);
#4996 = ORIENTED_EDGE('',*,*,#4894,.T.);
#4997 = ORIENTED_EDGE('',*,*,#4321,.F.);
#4998 = ( GEOMETRIC_REPRESENTATION_CONTEXT(3) 
GLOBAL_UNCERTAINTY_ASSIGNED_CONTEXT((#5002)) 
GLOBAL_UNIT_ASSIGNED_CONTEXT((#4999,#5000,#5001)) REPRESENTATION_CONTEXT
('Context #1','3D Context with UNIT and UNCERTAINTY') );
#4999 = ( LENGTH_UNIT() NAMED_UNIT(*) SI_UNIT(.MILLI.,.METRE.) );
#5000 = ( NAMED_UNIT(*) PLANE_ANGLE_UNIT() SI_UNIT($,.RADIAN.) );
#5001 = ( NAMED_UNIT(*) SI_UNIT($,.STERADIAN.) SOLID_ANGLE_UNIT() );
#5002 = UNCERTAINTY_MEASURE_WITH_UNIT(LENGTH_MEASURE(1.E-07),#4999,
  'distance_accuracy_value','confusion accuracy');
#5003 = PRODUCT_RELATED_PRODUCT_CATEGORY('part',$,(#7));
ENDSEC;
END-ISO-10303-21;
