ISO-10303-21;
HEADER;
FILE_DESCRIPTION(('Open CASCADE Model'),'2;1');
FILE_NAME('Open CASCADE Shape Model','2026-07-24T16:02:11',('Author'),(
    'Open CASCADE'),'Open CASCADE STEP processor 7.9','build123d',
  'Unknown');
FILE_SCHEMA(('AUTOMOTIVE_DESIGN { 1 0 10303 214 1 1 1 1 }'));
ENDSEC;
DATA;
#1 = APPLICATION_PROTOCOL_DEFINITION('international standard',
  'automotive_design',2000,#2);
#2 = APPLICATION_CONTEXT(
  'core data for automotive mechanical design processes');
#3 = SHAPE_DEFINITION_REPRESENTATION(#4,#10);
#4 = PRODUCT_DEFINITION_SHAPE('','',#5);
#5 = PRODUCT_DEFINITION('design','',#6,#9);
#6 = PRODUCT_DEFINITION_FORMATION('','',#7);
#7 = PRODUCT('COMPOUND','COMPOUND','',(#8));
#8 = PRODUCT_CONTEXT('',#2,'mechanical');
#9 = PRODUCT_DEFINITION_CONTEXT('part definition',#2,'design');
#10 = ADVANCED_BREP_SHAPE_REPRESENTATION('',(#11,#15),#5184);
#11 = AXIS2_PLACEMENT_3D('',#12,#13,#14);
#12 = CARTESIAN_POINT('',(0.,0.,0.));
#13 = DIRECTION('',(0.,0.,1.));
#14 = DIRECTION('',(1.,0.,-0.));
#15 = MANIFOLD_SOLID_BREP('',#16);
#16 = CLOSED_SHELL('',(#17,#137,#224,#301,#715,#765,#931,#983,#1397,
    #1422,#1471,#1521,#1571,#1598,#1674,#1728,#1777,#1831,#1880,#1934,
    #1983,#2015,#2040,#2113,#2164,#2267,#2293,#2552,#2605,#2662,#2876,
    #3092,#3149,#3202,#3373,#3398,#3423,#3448,#3455,#3816,#3887,#3914,
    #4047,#4054,#4081,#4106,#4195,#4278,#4305,#4391,#4398,#4477,#4590,
    #4676,#4683,#4762,#4789,#4875,#4882,#4940,#4967,#4994,#5021,#5028,
    #5035,#5042,#5049,#5076,#5123,#5150,#5177));
#17 = ADVANCED_FACE('',(#18),#32,.T.);
#18 = FACE_BOUND('',#19,.T.);
#19 = EDGE_LOOP('',(#20,#55,#83,#111));
#20 = ORIENTED_EDGE('',*,*,#21,.T.);
#21 = EDGE_CURVE('',#22,#24,#26,.T.);
#22 = VERTEX_POINT('',#23);
#23 = CARTESIAN_POINT('',(-7.699999999999,0.3,-7.1));
#24 = VERTEX_POINT('',#25);
#25 = CARTESIAN_POINT('',(-7.7,0.3,5.));
#26 = SURFACE_CURVE('',#27,(#31,#43),.PCURVE_S1.);
#27 = LINE('',#28,#29);
#28 = CARTESIAN_POINT('',(-7.7,0.3,-7.5));
#29 = VECTOR('',#30,1.);
#30 = DIRECTION('',(0.,0.,1.));
#31 = PCURVE('',#32,#37);
#32 = PLANE('',#33);
#33 = AXIS2_PLACEMENT_3D('',#34,#35,#36);
#34 = CARTESIAN_POINT('',(-7.699999999999,0.3,-7.5));
#35 = DIRECTION('',(-1.,0.,0.));
#36 = DIRECTION('',(0.,1.,0.));
#37 = DEFINITIONAL_REPRESENTATION('',(#38),#42);
#38 = LINE('',#39,#40);
#39 = CARTESIAN_POINT('',(0.,0.));
#40 = VECTOR('',#41,1.);
#41 = DIRECTION('',(0.,-1.));
#42 = ( GEOMETRIC_REPRESENTATION_CONTEXT(2) 
PARAMETRIC_REPRESENTATION_CONTEXT() REPRESENTATION_CONTEXT('2D SPACE',''
  ) );
#43 = PCURVE('',#44,#49);
#44 = CYLINDRICAL_SURFACE('',#45,8.);
#45 = AXIS2_PLACEMENT_3D('',#46,#47,#48);
#46 = CARTESIAN_POINT('',(0.299999999999,0.3,-7.5));
#47 = DIRECTION('',(0.,0.,-1.));
#48 = DIRECTION('',(-1.,0.,0.));
#49 = DEFINITIONAL_REPRESENTATION('',(#50),#54);
#50 = LINE('',#51,#52);
#51 = CARTESIAN_POINT('',(6.28318530718,0.));
#52 = VECTOR('',#53,1.);
#53 = DIRECTION('',(0.,-1.));
#54 = ( GEOMETRIC_REPRESENTATION_CONTEXT(2) 
PARAMETRIC_REPRESENTATION_CONTEXT() REPRESENTATION_CONTEXT('2D SPACE',''
  ) );
#55 = ORIENTED_EDGE('',*,*,#56,.T.);
#56 = EDGE_CURVE('',#24,#57,#59,.T.);
#57 = VERTEX_POINT('',#58);
#58 = CARTESIAN_POINT('',(-7.7,99.7,5.));
#59 = SURFACE_CURVE('',#60,(#64,#71),.PCURVE_S1.);
#60 = LINE('',#61,#62);
#61 = CARTESIAN_POINT('',(-7.699999999999,50.,5.));
#62 = VECTOR('',#63,1.);
#63 = DIRECTION('',(0.,1.,0.));
#64 = PCURVE('',#32,#65);
#65 = DEFINITIONAL_REPRESENTATION('',(#66),#70);
#66 = LINE('',#67,#68);
#67 = CARTESIAN_POINT('',(49.7,-12.5));
#68 = VECTOR('',#69,1.);
#69 = DIRECTION('',(1.,0.));
#70 = ( GEOMETRIC_REPRESENTATION_CONTEXT(2) 
PARAMETRIC_REPRESENTATION_CONTEXT() REPRESENTATION_CONTEXT('2D SPACE',''
  ) );
#71 = PCURVE('',#72,#77);
#72 = PLANE('',#73);
#73 = AXIS2_PLACEMENT_3D('',#74,#75,#76);
#74 = CARTESIAN_POINT('',(42.099999997983,50.,5.));
#75 = DIRECTION('',(0.,0.,1.));
#76 = DIRECTION('',(1.,0.,-0.));
#77 = DEFINITIONAL_REPRESENTATION('',(#78),#82);
#78 = LINE('',#79,#80);
#79 = CARTESIAN_POINT('',(-49.79999999798,3.076732431729E-15));
#80 = VECTOR('',#81,1.);
#81 = DIRECTION('',(0.,1.));
#82 = ( GEOMETRIC_REPRESENTATION_CONTEXT(2) 
PARAMETRIC_REPRESENTATION_CONTEXT() REPRESENTATION_CONTEXT('2D SPACE',''
  ) );
#83 = ORIENTED_EDGE('',*,*,#84,.F.);
#84 = EDGE_CURVE('',#85,#57,#87,.T.);
#85 = VERTEX_POINT('',#86);
#86 = CARTESIAN_POINT('',(-7.699999999999,99.7,-7.1));
#87 = SURFACE_CURVE('',#88,(#92,#99),.PCURVE_S1.);
#88 = LINE('',#89,#90);
#89 = CARTESIAN_POINT('',(-7.7,99.7,-7.5));
#90 = VECTOR('',#91,1.);
#91 = DIRECTION('',(0.,0.,1.));
#92 = PCURVE('',#32,#93);
#93 = DEFINITIONAL_REPRESENTATION('',(#94),#98);
#94 = LINE('',#95,#96);
#95 = CARTESIAN_POINT('',(99.4,0.));
#96 = VECTOR('',#97,1.);
#97 = DIRECTION('',(0.,-1.));
#98 = ( GEOMETRIC_REPRESENTATION_CONTEXT(2) 
PARAMETRIC_REPRESENTATION_CONTEXT() REPRESENTATION_CONTEXT('2D SPACE',''
  ) );
#99 = PCURVE('',#100,#105);
#100 = CYLINDRICAL_SURFACE('',#101,8.);
#101 = AXIS2_PLACEMENT_3D('',#102,#103,#104);
#102 = CARTESIAN_POINT('',(0.299999999999,99.7,-7.5));
#103 = DIRECTION('',(0.,0.,-1.));
#104 = DIRECTION('',(-1.,0.,0.));
#105 = DEFINITIONAL_REPRESENTATION('',(#106),#110);
#106 = LINE('',#107,#108);
#107 = CARTESIAN_POINT('',(0.,0.));
#108 = VECTOR('',#109,1.);
#109 = DIRECTION('',(0.,-1.));
#110 = ( GEOMETRIC_REPRESENTATION_CONTEXT(2) 
PARAMETRIC_REPRESENTATION_CONTEXT() REPRESENTATION_CONTEXT('2D SPACE',''
  ) );
#111 = ORIENTED_EDGE('',*,*,#112,.F.);
#112 = EDGE_CURVE('',#22,#85,#113,.T.);
#113 = SURFACE_CURVE('',#114,(#118,#125),.PCURVE_S1.);
#114 = LINE('',#115,#116);
#115 = CARTESIAN_POINT('',(-7.699999999999,0.3,-7.1));
#116 = VECTOR('',#117,1.);
#117 = DIRECTION('',(0.,1.,0.));
#118 = PCURVE('',#32,#119);
#119 = DEFINITIONAL_REPRESENTATION('',(#120),#124);
#120 = LINE('',#121,#122);
#121 = CARTESIAN_POINT('',(0.,-0.4));
#122 = VECTOR('',#123,1.);
#123 = DIRECTION('',(1.,0.));
#124 = ( GEOMETRIC_REPRESENTATION_CONTEXT(2) 
PARAMETRIC_REPRESENTATION_CONTEXT() REPRESENTATION_CONTEXT('2D SPACE',''
  ) );
#125 = PCURVE('',#126,#131);
#126 = PLANE('',#127);
#127 = AXIS2_PLACEMENT_3D('',#128,#129,#130);
#128 = CARTESIAN_POINT('',(-7.499999999999,0.3,-7.3));
#129 = DIRECTION('',(0.707106781187,1.548203495886E-18,0.707106781187));
#130 = DIRECTION('',(1.094745190598E-18,-1.,1.094745190598E-18));
#131 = DEFINITIONAL_REPRESENTATION('',(#132),#136);
#132 = LINE('',#133,#134);
#133 = CARTESIAN_POINT('',(-0.,-0.282842712475));
#134 = VECTOR('',#135,1.);
#135 = DIRECTION('',(-1.,0.));
#136 = ( GEOMETRIC_REPRESENTATION_CONTEXT(2) 
PARAMETRIC_REPRESENTATION_CONTEXT() REPRESENTATION_CONTEXT('2D SPACE',''
  ) );
#137 = ADVANCED_FACE('',(#138),#44,.T.);
#138 = FACE_BOUND('',#139,.T.);
#139 = EDGE_LOOP('',(#140,#170,#196,#197));
#140 = ORIENTED_EDGE('',*,*,#141,.T.);
#141 = EDGE_CURVE('',#142,#144,#146,.T.);
#142 = VERTEX_POINT('',#143);
#143 = CARTESIAN_POINT('',(0.299999999999,-7.7,-7.1));
#144 = VERTEX_POINT('',#145);
#145 = CARTESIAN_POINT('',(0.299999999999,-7.7,5.));
#146 = SURFACE_CURVE('',#147,(#151,#158),.PCURVE_S1.);
#147 = LINE('',#148,#149);
#148 = CARTESIAN_POINT('',(0.299999999999,-7.7,-7.5));
#149 = VECTOR('',#150,1.);
#150 = DIRECTION('',(0.,0.,1.));
#151 = PCURVE('',#44,#152);
#152 = DEFINITIONAL_REPRESENTATION('',(#153),#157);
#153 = LINE('',#154,#155);
#154 = CARTESIAN_POINT('',(4.712388980385,0.));
#155 = VECTOR('',#156,1.);
#156 = DIRECTION('',(0.,-1.));
#157 = ( GEOMETRIC_REPRESENTATION_CONTEXT(2) 
PARAMETRIC_REPRESENTATION_CONTEXT() REPRESENTATION_CONTEXT('2D SPACE',''
  ) );
#158 = PCURVE('',#159,#164);
#159 = PLANE('',#160);
#160 = AXIS2_PLACEMENT_3D('',#161,#162,#163);
#161 = CARTESIAN_POINT('',(0.299999999999,-7.7,-7.5));
#162 = DIRECTION('',(0.,1.,0.));
#163 = DIRECTION('',(1.,0.,0.));
#164 = DEFINITIONAL_REPRESENTATION('',(#165),#169);
#165 = LINE('',#166,#167);
#166 = CARTESIAN_POINT('',(0.,0.));
#167 = VECTOR('',#168,1.);
#168 = DIRECTION('',(0.,-1.));
#169 = ( GEOMETRIC_REPRESENTATION_CONTEXT(2) 
PARAMETRIC_REPRESENTATION_CONTEXT() REPRESENTATION_CONTEXT('2D SPACE',''
  ) );
#170 = ORIENTED_EDGE('',*,*,#171,.T.);
#171 = EDGE_CURVE('',#144,#24,#172,.T.);
#172 = SURFACE_CURVE('',#173,(#178,#185),.PCURVE_S1.);
#173 = CIRCLE('',#174,8.);
#174 = AXIS2_PLACEMENT_3D('',#175,#176,#177);
#175 = CARTESIAN_POINT('',(0.299999999999,0.3,5.));
#176 = DIRECTION('',(0.,0.,-1.));
#177 = DIRECTION('',(-1.,0.,0.));
#178 = PCURVE('',#44,#179);
#179 = DEFINITIONAL_REPRESENTATION('',(#180),#184);
#180 = LINE('',#181,#182);
#181 = CARTESIAN_POINT('',(0.,-12.5));
#182 = VECTOR('',#183,1.);
#183 = DIRECTION('',(1.,0.));
#184 = ( GEOMETRIC_REPRESENTATION_CONTEXT(2) 
PARAMETRIC_REPRESENTATION_CONTEXT() REPRESENTATION_CONTEXT('2D SPACE',''
  ) );
#185 = PCURVE('',#72,#186);
#186 = DEFINITIONAL_REPRESENTATION('',(#187),#195);
#187 = ( BOUNDED_CURVE() B_SPLINE_CURVE(2,(#188,#189,#190,#191,#192,#193
,#194),.UNSPECIFIED.,.T.,.F.) B_SPLINE_CURVE_WITH_KNOTS((1,2,2,2,2,1),(
    -2.094395102393,0.,2.094395102393,4.188790204786,6.28318530718,
8.377580409573),.UNSPECIFIED.) CURVE() GEOMETRIC_REPRESENTATION_ITEM() 
RATIONAL_B_SPLINE_CURVE((1.,0.5,1.,0.5,1.,0.5,1.)) REPRESENTATION_ITEM(
  '') );
#188 = CARTESIAN_POINT('',(-49.79999999798,-49.7));
#189 = CARTESIAN_POINT('',(-49.79999999798,-35.84359353944));
#190 = CARTESIAN_POINT('',(-37.79999999798,-42.77179676972));
#191 = CARTESIAN_POINT('',(-25.79999999798,-49.7));
#192 = CARTESIAN_POINT('',(-37.79999999798,-56.62820323027));
#193 = CARTESIAN_POINT('',(-49.79999999798,-63.55640646055));
#194 = CARTESIAN_POINT('',(-49.79999999798,-49.7));
#195 = ( GEOMETRIC_REPRESENTATION_CONTEXT(2) 
PARAMETRIC_REPRESENTATION_CONTEXT() REPRESENTATION_CONTEXT('2D SPACE',''
  ) );
#196 = ORIENTED_EDGE('',*,*,#21,.F.);
#197 = ORIENTED_EDGE('',*,*,#198,.F.);
#198 = EDGE_CURVE('',#142,#22,#199,.T.);
#199 = SURFACE_CURVE('',#200,(#205,#212),.PCURVE_S1.);
#200 = CIRCLE('',#201,8.);
#201 = AXIS2_PLACEMENT_3D('',#202,#203,#204);
#202 = CARTESIAN_POINT('',(0.299999999999,0.3,-7.1));
#203 = DIRECTION('',(-0.,-0.,-1.));
#204 = DIRECTION('',(0.,-1.,0.));
#205 = PCURVE('',#44,#206);
#206 = DEFINITIONAL_REPRESENTATION('',(#207),#211);
#207 = LINE('',#208,#209);
#208 = CARTESIAN_POINT('',(4.712388980385,-0.4));
#209 = VECTOR('',#210,1.);
#210 = DIRECTION('',(1.,0.));
#211 = ( GEOMETRIC_REPRESENTATION_CONTEXT(2) 
PARAMETRIC_REPRESENTATION_CONTEXT() REPRESENTATION_CONTEXT('2D SPACE',''
  ) );
#212 = PCURVE('',#213,#218);
#213 = CONICAL_SURFACE('',#214,8.,0.785398163397);
#214 = AXIS2_PLACEMENT_3D('',#215,#216,#217);
#215 = CARTESIAN_POINT('',(0.299999999999,0.3,-7.1));
#216 = DIRECTION('',(0.,0.,1.));
#217 = DIRECTION('',(0.,-1.,0.));
#218 = DEFINITIONAL_REPRESENTATION('',(#219),#223);
#219 = LINE('',#220,#221);
#220 = CARTESIAN_POINT('',(-0.,-0.));
#221 = VECTOR('',#222,1.);
#222 = DIRECTION('',(-1.,-0.));
#223 = ( GEOMETRIC_REPRESENTATION_CONTEXT(2) 
PARAMETRIC_REPRESENTATION_CONTEXT() REPRESENTATION_CONTEXT('2D SPACE',''
  ) );
#224 = ADVANCED_FACE('',(#225),#126,.F.);
#225 = FACE_BOUND('',#226,.T.);
#226 = EDGE_LOOP('',(#227,#248,#249,#275));
#227 = ORIENTED_EDGE('',*,*,#228,.F.);
#228 = EDGE_CURVE('',#22,#229,#231,.T.);
#229 = VERTEX_POINT('',#230);
#230 = CARTESIAN_POINT('',(-7.299999999999,0.3,-7.5));
#231 = SURFACE_CURVE('',#232,(#236,#242),.PCURVE_S1.);
#232 = LINE('',#233,#234);
#233 = CARTESIAN_POINT('',(-7.499999999999,0.3,-7.3));
#234 = VECTOR('',#235,1.);
#235 = DIRECTION('',(0.707106781187,-1.267893254741E-35,-0.707106781187)
  );
#236 = PCURVE('',#126,#237);
#237 = DEFINITIONAL_REPRESENTATION('',(#238),#241);
#238 = B_SPLINE_CURVE_WITH_KNOTS('',1,(#239,#240),.UNSPECIFIED.,.F.,.F.,
  (2,2),(-0.282842712475,0.282842712475),.PIECEWISE_BEZIER_KNOTS.);
#239 = CARTESIAN_POINT('',(0.,-0.282842712475));
#240 = CARTESIAN_POINT('',(0.,0.282842712475));
#241 = ( GEOMETRIC_REPRESENTATION_CONTEXT(2) 
PARAMETRIC_REPRESENTATION_CONTEXT() REPRESENTATION_CONTEXT('2D SPACE',''
  ) );
#242 = PCURVE('',#213,#243);
#243 = DEFINITIONAL_REPRESENTATION('',(#244),#247);
#244 = B_SPLINE_CURVE_WITH_KNOTS('',1,(#245,#246),.UNSPECIFIED.,.F.,.F.,
  (2,2),(-0.282842712475,0.282842712475),.PIECEWISE_BEZIER_KNOTS.);
#245 = CARTESIAN_POINT('',(-1.570796326795,0.));
#246 = CARTESIAN_POINT('',(-1.570796326795,-0.4));
#247 = ( GEOMETRIC_REPRESENTATION_CONTEXT(2) 
PARAMETRIC_REPRESENTATION_CONTEXT() REPRESENTATION_CONTEXT('2D SPACE',''
  ) );
#248 = ORIENTED_EDGE('',*,*,#112,.T.);
#249 = ORIENTED_EDGE('',*,*,#250,.T.);
#250 = EDGE_CURVE('',#85,#251,#253,.T.);
#251 = VERTEX_POINT('',#252);
#252 = CARTESIAN_POINT('',(-7.299999999999,99.7,-7.5));
#253 = SURFACE_CURVE('',#254,(#258,#264),.PCURVE_S1.);
#254 = LINE('',#255,#256);
#255 = CARTESIAN_POINT('',(-7.499999999999,99.7,-7.3));
#256 = VECTOR('',#257,1.);
#257 = DIRECTION('',(0.707106781187,-1.267893254741E-35,-0.707106781187)
  );
#258 = PCURVE('',#126,#259);
#259 = DEFINITIONAL_REPRESENTATION('',(#260),#263);
#260 = B_SPLINE_CURVE_WITH_KNOTS('',1,(#261,#262),.UNSPECIFIED.,.F.,.F.,
  (2,2),(-0.282842712475,0.282842712475),.PIECEWISE_BEZIER_KNOTS.);
#261 = CARTESIAN_POINT('',(-99.4,-0.282842712475));
#262 = CARTESIAN_POINT('',(-99.4,0.282842712475));
#263 = ( GEOMETRIC_REPRESENTATION_CONTEXT(2) 
PARAMETRIC_REPRESENTATION_CONTEXT() REPRESENTATION_CONTEXT('2D SPACE',''
  ) );
#264 = PCURVE('',#265,#270);
#265 = CONICAL_SURFACE('',#266,8.,0.785398163397);
#266 = AXIS2_PLACEMENT_3D('',#267,#268,#269);
#267 = CARTESIAN_POINT('',(0.299999999999,99.7,-7.1));
#268 = DIRECTION('',(0.,0.,1.));
#269 = DIRECTION('',(-1.,0.,0.));
#270 = DEFINITIONAL_REPRESENTATION('',(#271),#274);
#271 = B_SPLINE_CURVE_WITH_KNOTS('',1,(#272,#273),.UNSPECIFIED.,.F.,.F.,
  (2,2),(-0.282842712475,0.282842712475),.PIECEWISE_BEZIER_KNOTS.);
#272 = CARTESIAN_POINT('',(0.,0.));
#273 = CARTESIAN_POINT('',(0.,-0.4));
#274 = ( GEOMETRIC_REPRESENTATION_CONTEXT(2) 
PARAMETRIC_REPRESENTATION_CONTEXT() REPRESENTATION_CONTEXT('2D SPACE',''
  ) );
#275 = ORIENTED_EDGE('',*,*,#276,.F.);
#276 = EDGE_CURVE('',#229,#251,#277,.T.);
#277 = SURFACE_CURVE('',#278,(#282,#289),.PCURVE_S1.);
#278 = LINE('',#279,#280);
#279 = CARTESIAN_POINT('',(-7.299999999999,0.3,-7.5));
#280 = VECTOR('',#281,1.);
#281 = DIRECTION('',(0.,1.,0.));
#282 = PCURVE('',#126,#283);
#283 = DEFINITIONAL_REPRESENTATION('',(#284),#288);
#284 = LINE('',#285,#286);
#285 = CARTESIAN_POINT('',(-0.,0.282842712475));
#286 = VECTOR('',#287,1.);
#287 = DIRECTION('',(-1.,0.));
#288 = ( GEOMETRIC_REPRESENTATION_CONTEXT(2) 
PARAMETRIC_REPRESENTATION_CONTEXT() REPRESENTATION_CONTEXT('2D SPACE',''
  ) );
#289 = PCURVE('',#290,#295);
#290 = PLANE('',#291);
#291 = AXIS2_PLACEMENT_3D('',#292,#293,#294);
#292 = CARTESIAN_POINT('',(42.099999997983,50.,-7.5));
#293 = DIRECTION('',(0.,0.,1.));
#294 = DIRECTION('',(1.,0.,-0.));
#295 = DEFINITIONAL_REPRESENTATION('',(#296),#300);
#296 = LINE('',#297,#298);
#297 = CARTESIAN_POINT('',(-49.39999999798,-49.7));
#298 = VECTOR('',#299,1.);
#299 = DIRECTION('',(0.,1.));
#300 = ( GEOMETRIC_REPRESENTATION_CONTEXT(2) 
PARAMETRIC_REPRESENTATION_CONTEXT() REPRESENTATION_CONTEXT('2D SPACE',''
  ) );
#301 = ADVANCED_FACE('',(#302,#477),#72,.T.);
#302 = FACE_BOUND('',#303,.T.);
#303 = EDGE_LOOP('',(#304,#305,#306,#329,#362,#390,#423,#451));
#304 = ORIENTED_EDGE('',*,*,#56,.F.);
#305 = ORIENTED_EDGE('',*,*,#171,.F.);
#306 = ORIENTED_EDGE('',*,*,#307,.T.);
#307 = EDGE_CURVE('',#144,#308,#310,.T.);
#308 = VERTEX_POINT('',#309);
#309 = CARTESIAN_POINT('',(83.899999992269,-7.7,5.));
#310 = SURFACE_CURVE('',#311,(#315,#322),.PCURVE_S1.);
#311 = LINE('',#312,#313);
#312 = CARTESIAN_POINT('',(42.100000000001,-7.7,5.));
#313 = VECTOR('',#314,1.);
#314 = DIRECTION('',(1.,0.,0.));
#315 = PCURVE('',#72,#316);
#316 = DEFINITIONAL_REPRESENTATION('',(#317),#321);
#317 = LINE('',#318,#319);
#318 = CARTESIAN_POINT('',(2.017218835065E-09,-57.7));
#319 = VECTOR('',#320,1.);
#320 = DIRECTION('',(1.,0.));
#321 = ( GEOMETRIC_REPRESENTATION_CONTEXT(2) 
PARAMETRIC_REPRESENTATION_CONTEXT() REPRESENTATION_CONTEXT('2D SPACE',''
  ) );
#322 = PCURVE('',#159,#323);
#323 = DEFINITIONAL_REPRESENTATION('',(#324),#328);
#324 = LINE('',#325,#326);
#325 = CARTESIAN_POINT('',(41.800000000001,-12.5));
#326 = VECTOR('',#327,1.);
#327 = DIRECTION('',(1.,0.));
#328 = ( GEOMETRIC_REPRESENTATION_CONTEXT(2) 
PARAMETRIC_REPRESENTATION_CONTEXT() REPRESENTATION_CONTEXT('2D SPACE',''
  ) );
#329 = ORIENTED_EDGE('',*,*,#330,.F.);
#330 = EDGE_CURVE('',#331,#308,#333,.T.);
#331 = VERTEX_POINT('',#332);
#332 = CARTESIAN_POINT('',(91.899999996135,0.3,5.));
#333 = SURFACE_CURVE('',#334,(#339,#350),.PCURVE_S1.);
#334 = CIRCLE('',#335,8.);
#335 = AXIS2_PLACEMENT_3D('',#336,#337,#338);
#336 = CARTESIAN_POINT('',(83.899999992269,0.3,5.));
#337 = DIRECTION('',(0.,0.,-1.));
#338 = DIRECTION('',(-1.,0.,0.));
#339 = PCURVE('',#72,#340);
#340 = DEFINITIONAL_REPRESENTATION('',(#341),#349);
#341 = ( BOUNDED_CURVE() B_SPLINE_CURVE(2,(#342,#343,#344,#345,#346,#347
,#348),.UNSPECIFIED.,.T.,.F.) B_SPLINE_CURVE_WITH_KNOTS((1,2,2,2,2,1),(
    -2.094395102393,0.,2.094395102393,4.188790204786,6.28318530718,
8.377580409573),.UNSPECIFIED.) CURVE() GEOMETRIC_REPRESENTATION_ITEM() 
RATIONAL_B_SPLINE_CURVE((1.,0.5,1.,0.5,1.,0.5,1.)) REPRESENTATION_ITEM(
  '') );
#342 = CARTESIAN_POINT('',(33.799999994286,-49.7));
#343 = CARTESIAN_POINT('',(33.799999994286,-35.84359353944));
#344 = CARTESIAN_POINT('',(45.799999994286,-42.77179676972));
#345 = CARTESIAN_POINT('',(57.799999994286,-49.7));
#346 = CARTESIAN_POINT('',(45.799999994286,-56.62820323027));
#347 = CARTESIAN_POINT('',(33.799999994286,-63.55640646055));
#348 = CARTESIAN_POINT('',(33.799999994286,-49.7));
#349 = ( GEOMETRIC_REPRESENTATION_CONTEXT(2) 
PARAMETRIC_REPRESENTATION_CONTEXT() REPRESENTATION_CONTEXT('2D SPACE',''
  ) );
#350 = PCURVE('',#351,#356);
#351 = CYLINDRICAL_SURFACE('',#352,8.);
#352 = AXIS2_PLACEMENT_3D('',#353,#354,#355);
#353 = CARTESIAN_POINT('',(83.899999992269,0.3,-7.5));
#354 = DIRECTION('',(0.,0.,-1.));
#355 = DIRECTION('',(-1.,0.,0.));
#356 = DEFINITIONAL_REPRESENTATION('',(#357),#361);
#357 = LINE('',#358,#359);
#358 = CARTESIAN_POINT('',(0.,-12.5));
#359 = VECTOR('',#360,1.);
#360 = DIRECTION('',(1.,0.));
#361 = ( GEOMETRIC_REPRESENTATION_CONTEXT(2) 
PARAMETRIC_REPRESENTATION_CONTEXT() REPRESENTATION_CONTEXT('2D SPACE',''
  ) );
#362 = ORIENTED_EDGE('',*,*,#363,.T.);
#363 = EDGE_CURVE('',#331,#364,#366,.T.);
#364 = VERTEX_POINT('',#365);
#365 = CARTESIAN_POINT('',(91.899999996135,99.7,5.));
#366 = SURFACE_CURVE('',#367,(#371,#378),.PCURVE_S1.);
#367 = LINE('',#368,#369);
#368 = CARTESIAN_POINT('',(91.900000000001,50.,5.));
#369 = VECTOR('',#370,1.);
#370 = DIRECTION('',(0.,1.,0.));
#371 = PCURVE('',#72,#372);
#372 = DEFINITIONAL_REPRESENTATION('',(#373),#377);
#373 = LINE('',#374,#375);
#374 = CARTESIAN_POINT('',(49.800000002017,3.076732431729E-15));
#375 = VECTOR('',#376,1.);
#376 = DIRECTION('',(0.,1.));
#377 = ( GEOMETRIC_REPRESENTATION_CONTEXT(2) 
PARAMETRIC_REPRESENTATION_CONTEXT() REPRESENTATION_CONTEXT('2D SPACE',''
  ) );
#378 = PCURVE('',#379,#384);
#379 = PLANE('',#380);
#380 = AXIS2_PLACEMENT_3D('',#381,#382,#383);
#381 = CARTESIAN_POINT('',(91.900000000001,0.3,-7.5));
#382 = DIRECTION('',(-1.,0.,0.));
#383 = DIRECTION('',(0.,1.,0.));
#384 = DEFINITIONAL_REPRESENTATION('',(#385),#389);
#385 = LINE('',#386,#387);
#386 = CARTESIAN_POINT('',(49.7,-12.5));
#387 = VECTOR('',#388,1.);
#388 = DIRECTION('',(1.,0.));
#389 = ( GEOMETRIC_REPRESENTATION_CONTEXT(2) 
PARAMETRIC_REPRESENTATION_CONTEXT() REPRESENTATION_CONTEXT('2D SPACE',''
  ) );
#390 = ORIENTED_EDGE('',*,*,#391,.F.);
#391 = EDGE_CURVE('',#392,#364,#394,.T.);
#392 = VERTEX_POINT('',#393);
#393 = CARTESIAN_POINT('',(83.899999992269,107.7,5.));
#394 = SURFACE_CURVE('',#395,(#400,#411),.PCURVE_S1.);
#395 = CIRCLE('',#396,8.);
#396 = AXIS2_PLACEMENT_3D('',#397,#398,#399);
#397 = CARTESIAN_POINT('',(83.899999992269,99.7,5.));
#398 = DIRECTION('',(0.,0.,-1.));
#399 = DIRECTION('',(-1.,0.,0.));
#400 = PCURVE('',#72,#401);
#401 = DEFINITIONAL_REPRESENTATION('',(#402),#410);
#402 = ( BOUNDED_CURVE() B_SPLINE_CURVE(2,(#403,#404,#405,#406,#407,#408
,#409),.UNSPECIFIED.,.T.,.F.) B_SPLINE_CURVE_WITH_KNOTS((1,2,2,2,2,1),(
    -2.094395102393,0.,2.094395102393,4.188790204786,6.28318530718,
8.377580409573),.UNSPECIFIED.) CURVE() GEOMETRIC_REPRESENTATION_ITEM() 
RATIONAL_B_SPLINE_CURVE((1.,0.5,1.,0.5,1.,0.5,1.)) REPRESENTATION_ITEM(
  '') );
#403 = CARTESIAN_POINT('',(33.799999994286,49.7));
#404 = CARTESIAN_POINT('',(33.799999994286,63.556406460551));
#405 = CARTESIAN_POINT('',(45.799999994286,56.628203230276));
#406 = CARTESIAN_POINT('',(57.799999994286,49.7));
#407 = CARTESIAN_POINT('',(45.799999994286,42.771796769724));
#408 = CARTESIAN_POINT('',(33.799999994286,35.843593539449));
#409 = CARTESIAN_POINT('',(33.799999994286,49.7));
#410 = ( GEOMETRIC_REPRESENTATION_CONTEXT(2) 
PARAMETRIC_REPRESENTATION_CONTEXT() REPRESENTATION_CONTEXT('2D SPACE',''
  ) );
#411 = PCURVE('',#412,#417);
#412 = CYLINDRICAL_SURFACE('',#413,8.);
#413 = AXIS2_PLACEMENT_3D('',#414,#415,#416);
#414 = CARTESIAN_POINT('',(83.899999992269,99.7,-7.5));
#415 = DIRECTION('',(0.,0.,-1.));
#416 = DIRECTION('',(-1.,0.,0.));
#417 = DEFINITIONAL_REPRESENTATION('',(#418),#422);
#418 = LINE('',#419,#420);
#419 = CARTESIAN_POINT('',(0.,-12.5));
#420 = VECTOR('',#421,1.);
#421 = DIRECTION('',(1.,0.));
#422 = ( GEOMETRIC_REPRESENTATION_CONTEXT(2) 
PARAMETRIC_REPRESENTATION_CONTEXT() REPRESENTATION_CONTEXT('2D SPACE',''
  ) );
#423 = ORIENTED_EDGE('',*,*,#424,.F.);
#424 = EDGE_CURVE('',#425,#392,#427,.T.);
#425 = VERTEX_POINT('',#426);
#426 = CARTESIAN_POINT('',(0.299999999999,107.7,5.));
#427 = SURFACE_CURVE('',#428,(#432,#439),.PCURVE_S1.);
#428 = LINE('',#429,#430);
#429 = CARTESIAN_POINT('',(42.100000000001,107.7,5.));
#430 = VECTOR('',#431,1.);
#431 = DIRECTION('',(1.,0.,0.));
#432 = PCURVE('',#72,#433);
#433 = DEFINITIONAL_REPRESENTATION('',(#434),#438);
#434 = LINE('',#435,#436);
#435 = CARTESIAN_POINT('',(2.017218835065E-09,57.7));
#436 = VECTOR('',#437,1.);
#437 = DIRECTION('',(1.,0.));
#438 = ( GEOMETRIC_REPRESENTATION_CONTEXT(2) 
PARAMETRIC_REPRESENTATION_CONTEXT() REPRESENTATION_CONTEXT('2D SPACE',''
  ) );
#439 = PCURVE('',#440,#445);
#440 = PLANE('',#441);
#441 = AXIS2_PLACEMENT_3D('',#442,#443,#444);
#442 = CARTESIAN_POINT('',(0.299999999999,107.7,-7.5));
#443 = DIRECTION('',(0.,1.,0.));
#444 = DIRECTION('',(1.,0.,0.));
#445 = DEFINITIONAL_REPRESENTATION('',(#446),#450);
#446 = LINE('',#447,#448);
#447 = CARTESIAN_POINT('',(41.800000000001,-12.5));
#448 = VECTOR('',#449,1.);
#449 = DIRECTION('',(1.,0.));
#450 = ( GEOMETRIC_REPRESENTATION_CONTEXT(2) 
PARAMETRIC_REPRESENTATION_CONTEXT() REPRESENTATION_CONTEXT('2D SPACE',''
  ) );
#451 = ORIENTED_EDGE('',*,*,#452,.F.);
#452 = EDGE_CURVE('',#57,#425,#453,.T.);
#453 = SURFACE_CURVE('',#454,(#459,#470),.PCURVE_S1.);
#454 = CIRCLE('',#455,8.);
#455 = AXIS2_PLACEMENT_3D('',#456,#457,#458);
#456 = CARTESIAN_POINT('',(0.299999999999,99.7,5.));
#457 = DIRECTION('',(0.,0.,-1.));
#458 = DIRECTION('',(-1.,0.,0.));
#459 = PCURVE('',#72,#460);
#460 = DEFINITIONAL_REPRESENTATION('',(#461),#469);
#461 = ( BOUNDED_CURVE() B_SPLINE_CURVE(2,(#462,#463,#464,#465,#466,#467
,#468),.UNSPECIFIED.,.T.,.F.) B_SPLINE_CURVE_WITH_KNOTS((1,2,2,2,2,1),(
    -2.094395102393,0.,2.094395102393,4.188790204786,6.28318530718,
8.377580409573),.UNSPECIFIED.) CURVE() GEOMETRIC_REPRESENTATION_ITEM() 
RATIONAL_B_SPLINE_CURVE((1.,0.5,1.,0.5,1.,0.5,1.)) REPRESENTATION_ITEM(
  '') );
#462 = CARTESIAN_POINT('',(-49.79999999798,49.7));
#463 = CARTESIAN_POINT('',(-49.79999999798,63.556406460551));
#464 = CARTESIAN_POINT('',(-37.79999999798,56.628203230276));
#465 = CARTESIAN_POINT('',(-25.79999999798,49.7));
#466 = CARTESIAN_POINT('',(-37.79999999798,42.771796769724));
#467 = CARTESIAN_POINT('',(-49.79999999798,35.843593539449));
#468 = CARTESIAN_POINT('',(-49.79999999798,49.7));
#469 = ( GEOMETRIC_REPRESENTATION_CONTEXT(2) 
PARAMETRIC_REPRESENTATION_CONTEXT() REPRESENTATION_CONTEXT('2D SPACE',''
  ) );
#470 = PCURVE('',#100,#471);
#471 = DEFINITIONAL_REPRESENTATION('',(#472),#476);
#472 = LINE('',#473,#474);
#473 = CARTESIAN_POINT('',(0.,-12.5));
#474 = VECTOR('',#475,1.);
#475 = DIRECTION('',(1.,0.));
#476 = ( GEOMETRIC_REPRESENTATION_CONTEXT(2) 
PARAMETRIC_REPRESENTATION_CONTEXT() REPRESENTATION_CONTEXT('2D SPACE',''
  ) );
#477 = FACE_BOUND('',#478,.T.);
#478 = EDGE_LOOP('',(#479,#507,#540,#566,#599,#625,#658,#684));
#479 = ORIENTED_EDGE('',*,*,#480,.F.);
#480 = EDGE_CURVE('',#481,#483,#485,.T.);
#481 = VERTEX_POINT('',#482);
#482 = CARTESIAN_POINT('',(-0.4,94.7,5.));
#483 = VERTEX_POINT('',#484);
#484 = CARTESIAN_POINT('',(-0.4,5.3,5.));
#485 = SURFACE_CURVE('',#486,(#490,#496),.PCURVE_S1.);
#486 = LINE('',#487,#488);
#487 = CARTESIAN_POINT('',(-0.399999999999,27.65,5.));
#488 = VECTOR('',#489,1.);
#489 = DIRECTION('',(0.,-1.,0.));
#490 = PCURVE('',#72,#491);
#491 = DEFINITIONAL_REPRESENTATION('',(#492),#495);
#492 = B_SPLINE_CURVE_WITH_KNOTS('',1,(#493,#494),.UNSPECIFIED.,.F.,.F.,
  (2,2),(-67.05,22.35),.PIECEWISE_BEZIER_KNOTS.);
#493 = CARTESIAN_POINT('',(-42.49999999798,44.7));
#494 = CARTESIAN_POINT('',(-42.49999999798,-44.7));
#495 = ( GEOMETRIC_REPRESENTATION_CONTEXT(2) 
PARAMETRIC_REPRESENTATION_CONTEXT() REPRESENTATION_CONTEXT('2D SPACE',''
  ) );
#496 = PCURVE('',#497,#502);
#497 = PLANE('',#498);
#498 = AXIS2_PLACEMENT_3D('',#499,#500,#501);
#499 = CARTESIAN_POINT('',(-0.399999999999,5.3,3.4));
#500 = DIRECTION('',(-1.,0.,0.));
#501 = DIRECTION('',(0.,1.,0.));
#502 = DEFINITIONAL_REPRESENTATION('',(#503),#506);
#503 = B_SPLINE_CURVE_WITH_KNOTS('',1,(#504,#505),.UNSPECIFIED.,.F.,.F.,
  (2,2),(-67.05,22.35),.PIECEWISE_BEZIER_KNOTS.);
#504 = CARTESIAN_POINT('',(89.4,-1.6));
#505 = CARTESIAN_POINT('',(0.,-1.6));
#506 = ( GEOMETRIC_REPRESENTATION_CONTEXT(2) 
PARAMETRIC_REPRESENTATION_CONTEXT() REPRESENTATION_CONTEXT('2D SPACE',''
  ) );
#507 = ORIENTED_EDGE('',*,*,#508,.T.);
#508 = EDGE_CURVE('',#481,#509,#511,.T.);
#509 = VERTEX_POINT('',#510);
#510 = CARTESIAN_POINT('',(5.299999999999,100.4,5.));
#511 = SURFACE_CURVE('',#512,(#517,#528),.PCURVE_S1.);
#512 = CIRCLE('',#513,5.7);
#513 = AXIS2_PLACEMENT_3D('',#514,#515,#516);
#514 = CARTESIAN_POINT('',(5.299999999999,94.7,5.));
#515 = DIRECTION('',(0.,0.,-1.));
#516 = DIRECTION('',(-1.,0.,0.));
#517 = PCURVE('',#72,#518);
#518 = DEFINITIONAL_REPRESENTATION('',(#519),#527);
#519 = ( BOUNDED_CURVE() B_SPLINE_CURVE(2,(#520,#521,#522,#523,#524,#525
,#526),.UNSPECIFIED.,.T.,.F.) B_SPLINE_CURVE_WITH_KNOTS((1,2,2,2,2,1),(
    -2.094395102393,0.,2.094395102393,4.188790204786,6.28318530718,
8.377580409573),.UNSPECIFIED.) CURVE() GEOMETRIC_REPRESENTATION_ITEM() 
RATIONAL_B_SPLINE_CURVE((1.,0.5,1.,0.5,1.,0.5,1.)) REPRESENTATION_ITEM(
  '') );
#520 = CARTESIAN_POINT('',(-42.49999999798,44.7));
#521 = CARTESIAN_POINT('',(-42.49999999798,54.572689603143));
#522 = CARTESIAN_POINT('',(-33.94999999798,49.636344801571));
#523 = CARTESIAN_POINT('',(-25.39999999798,44.7));
#524 = CARTESIAN_POINT('',(-33.94999999798,39.763655198429));
#525 = CARTESIAN_POINT('',(-42.49999999798,34.827310396857));
#526 = CARTESIAN_POINT('',(-42.49999999798,44.7));
#527 = ( GEOMETRIC_REPRESENTATION_CONTEXT(2) 
PARAMETRIC_REPRESENTATION_CONTEXT() REPRESENTATION_CONTEXT('2D SPACE',''
  ) );
#528 = PCURVE('',#529,#534);
#529 = CYLINDRICAL_SURFACE('',#530,5.7);
#530 = AXIS2_PLACEMENT_3D('',#531,#532,#533);
#531 = CARTESIAN_POINT('',(5.299999999999,94.7,3.4));
#532 = DIRECTION('',(0.,0.,-1.));
#533 = DIRECTION('',(-1.,0.,0.));
#534 = DEFINITIONAL_REPRESENTATION('',(#535),#539);
#535 = LINE('',#536,#537);
#536 = CARTESIAN_POINT('',(0.,-1.6));
#537 = VECTOR('',#538,1.);
#538 = DIRECTION('',(1.,0.));
#539 = ( GEOMETRIC_REPRESENTATION_CONTEXT(2) 
PARAMETRIC_REPRESENTATION_CONTEXT() REPRESENTATION_CONTEXT('2D SPACE',''
  ) );
#540 = ORIENTED_EDGE('',*,*,#541,.F.);
#541 = EDGE_CURVE('',#542,#509,#544,.T.);
#542 = VERTEX_POINT('',#543);
#543 = CARTESIAN_POINT('',(78.899999992115,100.4,5.));
#544 = SURFACE_CURVE('',#545,(#549,#555),.PCURVE_S1.);
#545 = LINE('',#546,#547);
#546 = CARTESIAN_POINT('',(23.699999998991,100.4,5.));
#547 = VECTOR('',#548,1.);
#548 = DIRECTION('',(-1.,0.,0.));
#549 = PCURVE('',#72,#550);
#550 = DEFINITIONAL_REPRESENTATION('',(#551),#554);
#551 = B_SPLINE_CURVE_WITH_KNOTS('',1,(#552,#553),.UNSPECIFIED.,.F.,.F.,
  (2,2),(-55.19999999312,18.399999998992),.PIECEWISE_BEZIER_KNOTS.);
#552 = CARTESIAN_POINT('',(36.799999994131,50.4));
#553 = CARTESIAN_POINT('',(-36.79999999798,50.4));
#554 = ( GEOMETRIC_REPRESENTATION_CONTEXT(2) 
PARAMETRIC_REPRESENTATION_CONTEXT() REPRESENTATION_CONTEXT('2D SPACE',''
  ) );
#555 = PCURVE('',#556,#561);
#556 = PLANE('',#557);
#557 = AXIS2_PLACEMENT_3D('',#558,#559,#560);
#558 = CARTESIAN_POINT('',(5.299999999999,100.4,3.4));
#559 = DIRECTION('',(0.,1.,0.));
#560 = DIRECTION('',(1.,0.,0.));
#561 = DEFINITIONAL_REPRESENTATION('',(#562),#565);
#562 = B_SPLINE_CURVE_WITH_KNOTS('',1,(#563,#564),.UNSPECIFIED.,.F.,.F.,
  (2,2),(-55.19999999312,18.399999998992),.PIECEWISE_BEZIER_KNOTS.);
#563 = CARTESIAN_POINT('',(73.599999992115,-1.6));
#564 = CARTESIAN_POINT('',(-1.42108547152E-14,-1.6));
#565 = ( GEOMETRIC_REPRESENTATION_CONTEXT(2) 
PARAMETRIC_REPRESENTATION_CONTEXT() REPRESENTATION_CONTEXT('2D SPACE',''
  ) );
#566 = ORIENTED_EDGE('',*,*,#567,.T.);
#567 = EDGE_CURVE('',#542,#568,#570,.T.);
#568 = VERTEX_POINT('',#569);
#569 = CARTESIAN_POINT('',(84.599999996058,94.7,5.));
#570 = SURFACE_CURVE('',#571,(#576,#587),.PCURVE_S1.);
#571 = CIRCLE('',#572,5.7);
#572 = AXIS2_PLACEMENT_3D('',#573,#574,#575);
#573 = CARTESIAN_POINT('',(78.899999992115,94.7,5.));
#574 = DIRECTION('',(0.,0.,-1.));
#575 = DIRECTION('',(-1.,0.,0.));
#576 = PCURVE('',#72,#577);
#577 = DEFINITIONAL_REPRESENTATION('',(#578),#586);
#578 = ( BOUNDED_CURVE() B_SPLINE_CURVE(2,(#579,#580,#581,#582,#583,#584
,#585),.UNSPECIFIED.,.T.,.F.) B_SPLINE_CURVE_WITH_KNOTS((1,2,2,2,2,1),(
    -2.094395102393,0.,2.094395102393,4.188790204786,6.28318530718,
8.377580409573),.UNSPECIFIED.) CURVE() GEOMETRIC_REPRESENTATION_ITEM() 
RATIONAL_B_SPLINE_CURVE((1.,0.5,1.,0.5,1.,0.5,1.)) REPRESENTATION_ITEM(
  '') );
#579 = CARTESIAN_POINT('',(31.099999994131,44.7));
#580 = CARTESIAN_POINT('',(31.099999994131,54.572689603143));
#581 = CARTESIAN_POINT('',(39.649999994131,49.636344801571));
#582 = CARTESIAN_POINT('',(48.199999994131,44.7));
#583 = CARTESIAN_POINT('',(39.649999994131,39.763655198429));
#584 = CARTESIAN_POINT('',(31.099999994131,34.827310396857));
#585 = CARTESIAN_POINT('',(31.099999994131,44.7));
#586 = ( GEOMETRIC_REPRESENTATION_CONTEXT(2) 
PARAMETRIC_REPRESENTATION_CONTEXT() REPRESENTATION_CONTEXT('2D SPACE',''
  ) );
#587 = PCURVE('',#588,#593);
#588 = CYLINDRICAL_SURFACE('',#589,5.7);
#589 = AXIS2_PLACEMENT_3D('',#590,#591,#592);
#590 = CARTESIAN_POINT('',(78.899999992115,94.7,3.4));
#591 = DIRECTION('',(0.,0.,-1.));
#592 = DIRECTION('',(-1.,0.,0.));
#593 = DEFINITIONAL_REPRESENTATION('',(#594),#598);
#594 = LINE('',#595,#596);
#595 = CARTESIAN_POINT('',(0.,-1.6));
#596 = VECTOR('',#597,1.);
#597 = DIRECTION('',(1.,0.));
#598 = ( GEOMETRIC_REPRESENTATION_CONTEXT(2) 
PARAMETRIC_REPRESENTATION_CONTEXT() REPRESENTATION_CONTEXT('2D SPACE',''
  ) );
#599 = ORIENTED_EDGE('',*,*,#600,.T.);
#600 = EDGE_CURVE('',#568,#601,#603,.T.);
#601 = VERTEX_POINT('',#602);
#602 = CARTESIAN_POINT('',(84.599999996058,5.3,5.));
#603 = SURFACE_CURVE('',#604,(#608,#614),.PCURVE_S1.);
#604 = LINE('',#605,#606);
#605 = CARTESIAN_POINT('',(84.600000000001,27.65,5.));
#606 = VECTOR('',#607,1.);
#607 = DIRECTION('',(0.,-1.,0.));
#608 = PCURVE('',#72,#609);
#609 = DEFINITIONAL_REPRESENTATION('',(#610),#613);
#610 = B_SPLINE_CURVE_WITH_KNOTS('',1,(#611,#612),.UNSPECIFIED.,.F.,.F.,
  (2,2),(-67.05,22.35),.PIECEWISE_BEZIER_KNOTS.);
#611 = CARTESIAN_POINT('',(42.500000002017,44.7));
#612 = CARTESIAN_POINT('',(42.500000002017,-44.7));
#613 = ( GEOMETRIC_REPRESENTATION_CONTEXT(2) 
PARAMETRIC_REPRESENTATION_CONTEXT() REPRESENTATION_CONTEXT('2D SPACE',''
  ) );
#614 = PCURVE('',#615,#620);
#615 = PLANE('',#616);
#616 = AXIS2_PLACEMENT_3D('',#617,#618,#619);
#617 = CARTESIAN_POINT('',(84.600000000001,5.3,3.4));
#618 = DIRECTION('',(-1.,0.,0.));
#619 = DIRECTION('',(0.,1.,0.));
#620 = DEFINITIONAL_REPRESENTATION('',(#621),#624);
#621 = B_SPLINE_CURVE_WITH_KNOTS('',1,(#622,#623),.UNSPECIFIED.,.F.,.F.,
  (2,2),(-67.05,22.35),.PIECEWISE_BEZIER_KNOTS.);
#622 = CARTESIAN_POINT('',(89.4,-1.6));
#623 = CARTESIAN_POINT('',(0.,-1.6));
#624 = ( GEOMETRIC_REPRESENTATION_CONTEXT(2) 
PARAMETRIC_REPRESENTATION_CONTEXT() REPRESENTATION_CONTEXT('2D SPACE',''
  ) );
#625 = ORIENTED_EDGE('',*,*,#626,.T.);
#626 = EDGE_CURVE('',#601,#627,#629,.T.);
#627 = VERTEX_POINT('',#628);
#628 = CARTESIAN_POINT('',(78.899999992115,-0.4,5.));
#629 = SURFACE_CURVE('',#630,(#635,#646),.PCURVE_S1.);
#630 = CIRCLE('',#631,5.7);
#631 = AXIS2_PLACEMENT_3D('',#632,#633,#634);
#632 = CARTESIAN_POINT('',(78.899999992115,5.3,5.));
#633 = DIRECTION('',(0.,0.,-1.));
#634 = DIRECTION('',(-1.,0.,0.));
#635 = PCURVE('',#72,#636);
#636 = DEFINITIONAL_REPRESENTATION('',(#637),#645);
#637 = ( BOUNDED_CURVE() B_SPLINE_CURVE(2,(#638,#639,#640,#641,#642,#643
,#644),.UNSPECIFIED.,.T.,.F.) B_SPLINE_CURVE_WITH_KNOTS((1,2,2,2,2,1),(
    -2.094395102393,0.,2.094395102393,4.188790204786,6.28318530718,
8.377580409573),.UNSPECIFIED.) CURVE() GEOMETRIC_REPRESENTATION_ITEM() 
RATIONAL_B_SPLINE_CURVE((1.,0.5,1.,0.5,1.,0.5,1.)) REPRESENTATION_ITEM(
  '') );
#638 = CARTESIAN_POINT('',(31.099999994131,-44.7));
#639 = CARTESIAN_POINT('',(31.099999994131,-34.82731039685));
#640 = CARTESIAN_POINT('',(39.649999994131,-39.76365519842));
#641 = CARTESIAN_POINT('',(48.199999994131,-44.7));
#642 = CARTESIAN_POINT('',(39.649999994131,-49.63634480157));
#643 = CARTESIAN_POINT('',(31.099999994131,-54.57268960314));
#644 = CARTESIAN_POINT('',(31.099999994131,-44.7));
#645 = ( GEOMETRIC_REPRESENTATION_CONTEXT(2) 
PARAMETRIC_REPRESENTATION_CONTEXT() REPRESENTATION_CONTEXT('2D SPACE',''
  ) );
#646 = PCURVE('',#647,#652);
#647 = CYLINDRICAL_SURFACE('',#648,5.7);
#648 = AXIS2_PLACEMENT_3D('',#649,#650,#651);
#649 = CARTESIAN_POINT('',(78.899999992115,5.3,3.4));
#650 = DIRECTION('',(0.,0.,-1.));
#651 = DIRECTION('',(-1.,0.,0.));
#652 = DEFINITIONAL_REPRESENTATION('',(#653),#657);
#653 = LINE('',#654,#655);
#654 = CARTESIAN_POINT('',(0.,-1.6));
#655 = VECTOR('',#656,1.);
#656 = DIRECTION('',(1.,0.));
#657 = ( GEOMETRIC_REPRESENTATION_CONTEXT(2) 
PARAMETRIC_REPRESENTATION_CONTEXT() REPRESENTATION_CONTEXT('2D SPACE',''
  ) );
#658 = ORIENTED_EDGE('',*,*,#659,.T.);
#659 = EDGE_CURVE('',#627,#660,#662,.T.);
#660 = VERTEX_POINT('',#661);
#661 = CARTESIAN_POINT('',(5.299999999999,-0.4,5.));
#662 = SURFACE_CURVE('',#663,(#667,#673),.PCURVE_S1.);
#663 = LINE('',#664,#665);
#664 = CARTESIAN_POINT('',(23.699999998991,-0.4,5.));
#665 = VECTOR('',#666,1.);
#666 = DIRECTION('',(-1.,0.,0.));
#667 = PCURVE('',#72,#668);
#668 = DEFINITIONAL_REPRESENTATION('',(#669),#672);
#669 = B_SPLINE_CURVE_WITH_KNOTS('',1,(#670,#671),.UNSPECIFIED.,.F.,.F.,
  (2,2),(-55.19999999312,18.399999998992),.PIECEWISE_BEZIER_KNOTS.);
#670 = CARTESIAN_POINT('',(36.799999994131,-50.4));
#671 = CARTESIAN_POINT('',(-36.79999999798,-50.4));
#672 = ( GEOMETRIC_REPRESENTATION_CONTEXT(2) 
PARAMETRIC_REPRESENTATION_CONTEXT() REPRESENTATION_CONTEXT('2D SPACE',''
  ) );
#673 = PCURVE('',#674,#679);
#674 = PLANE('',#675);
#675 = AXIS2_PLACEMENT_3D('',#676,#677,#678);
#676 = CARTESIAN_POINT('',(5.299999999999,-0.4,3.4));
#677 = DIRECTION('',(0.,1.,0.));
#678 = DIRECTION('',(1.,0.,0.));
#679 = DEFINITIONAL_REPRESENTATION('',(#680),#683);
#680 = B_SPLINE_CURVE_WITH_KNOTS('',1,(#681,#682),.UNSPECIFIED.,.F.,.F.,
  (2,2),(-55.19999999312,18.399999998992),.PIECEWISE_BEZIER_KNOTS.);
#681 = CARTESIAN_POINT('',(73.599999992115,-1.6));
#682 = CARTESIAN_POINT('',(-1.42108547152E-14,-1.6));
#683 = ( GEOMETRIC_REPRESENTATION_CONTEXT(2) 
PARAMETRIC_REPRESENTATION_CONTEXT() REPRESENTATION_CONTEXT('2D SPACE',''
  ) );
#684 = ORIENTED_EDGE('',*,*,#685,.T.);
#685 = EDGE_CURVE('',#660,#483,#686,.T.);
#686 = SURFACE_CURVE('',#687,(#692,#703),.PCURVE_S1.);
#687 = CIRCLE('',#688,5.7);
#688 = AXIS2_PLACEMENT_3D('',#689,#690,#691);
#689 = CARTESIAN_POINT('',(5.299999999999,5.3,5.));
#690 = DIRECTION('',(0.,0.,-1.));
#691 = DIRECTION('',(-1.,0.,0.));
#692 = PCURVE('',#72,#693);
#693 = DEFINITIONAL_REPRESENTATION('',(#694),#702);
#694 = ( BOUNDED_CURVE() B_SPLINE_CURVE(2,(#695,#696,#697,#698,#699,#700
,#701),.UNSPECIFIED.,.T.,.F.) B_SPLINE_CURVE_WITH_KNOTS((1,2,2,2,2,1),(
    -2.094395102393,0.,2.094395102393,4.188790204786,6.28318530718,
8.377580409573),.UNSPECIFIED.) CURVE() GEOMETRIC_REPRESENTATION_ITEM() 
RATIONAL_B_SPLINE_CURVE((1.,0.5,1.,0.5,1.,0.5,1.)) REPRESENTATION_ITEM(
  '') );
#695 = CARTESIAN_POINT('',(-42.49999999798,-44.7));
#696 = CARTESIAN_POINT('',(-42.49999999798,-34.82731039685));
#697 = CARTESIAN_POINT('',(-33.94999999798,-39.76365519842));
#698 = CARTESIAN_POINT('',(-25.39999999798,-44.7));
#699 = CARTESIAN_POINT('',(-33.94999999798,-49.63634480157));
#700 = CARTESIAN_POINT('',(-42.49999999798,-54.57268960314));
#701 = CARTESIAN_POINT('',(-42.49999999798,-44.7));
#702 = ( GEOMETRIC_REPRESENTATION_CONTEXT(2) 
PARAMETRIC_REPRESENTATION_CONTEXT() REPRESENTATION_CONTEXT('2D SPACE',''
  ) );
#703 = PCURVE('',#704,#709);
#704 = CYLINDRICAL_SURFACE('',#705,5.7);
#705 = AXIS2_PLACEMENT_3D('',#706,#707,#708);
#706 = CARTESIAN_POINT('',(5.299999999999,5.3,3.4));
#707 = DIRECTION('',(0.,0.,-1.));
#708 = DIRECTION('',(-1.,0.,0.));
#709 = DEFINITIONAL_REPRESENTATION('',(#710),#714);
#710 = LINE('',#711,#712);
#711 = CARTESIAN_POINT('',(0.,-1.6));
#712 = VECTOR('',#713,1.);
#713 = DIRECTION('',(1.,0.));
#714 = ( GEOMETRIC_REPRESENTATION_CONTEXT(2) 
PARAMETRIC_REPRESENTATION_CONTEXT() REPRESENTATION_CONTEXT('2D SPACE',''
  ) );
#715 = ADVANCED_FACE('',(#716),#100,.T.);
#716 = FACE_BOUND('',#717,.T.);
#717 = EDGE_LOOP('',(#718,#719,#720,#743));
#718 = ORIENTED_EDGE('',*,*,#84,.T.);
#719 = ORIENTED_EDGE('',*,*,#452,.T.);
#720 = ORIENTED_EDGE('',*,*,#721,.F.);
#721 = EDGE_CURVE('',#722,#425,#724,.T.);
#722 = VERTEX_POINT('',#723);
#723 = CARTESIAN_POINT('',(0.299999999999,107.7,-7.1));
#724 = SURFACE_CURVE('',#725,(#729,#736),.PCURVE_S1.);
#725 = LINE('',#726,#727);
#726 = CARTESIAN_POINT('',(0.299999999999,107.7,-7.5));
#727 = VECTOR('',#728,1.);
#728 = DIRECTION('',(0.,0.,1.));
#729 = PCURVE('',#100,#730);
#730 = DEFINITIONAL_REPRESENTATION('',(#731),#735);
#731 = LINE('',#732,#733);
#732 = CARTESIAN_POINT('',(1.570796326795,0.));
#733 = VECTOR('',#734,1.);
#734 = DIRECTION('',(0.,-1.));
#735 = ( GEOMETRIC_REPRESENTATION_CONTEXT(2) 
PARAMETRIC_REPRESENTATION_CONTEXT() REPRESENTATION_CONTEXT('2D SPACE',''
  ) );
#736 = PCURVE('',#440,#737);
#737 = DEFINITIONAL_REPRESENTATION('',(#738),#742);
#738 = LINE('',#739,#740);
#739 = CARTESIAN_POINT('',(0.,0.));
#740 = VECTOR('',#741,1.);
#741 = DIRECTION('',(0.,-1.));
#742 = ( GEOMETRIC_REPRESENTATION_CONTEXT(2) 
PARAMETRIC_REPRESENTATION_CONTEXT() REPRESENTATION_CONTEXT('2D SPACE',''
  ) );
#743 = ORIENTED_EDGE('',*,*,#744,.F.);
#744 = EDGE_CURVE('',#85,#722,#745,.T.);
#745 = SURFACE_CURVE('',#746,(#751,#758),.PCURVE_S1.);
#746 = CIRCLE('',#747,8.);
#747 = AXIS2_PLACEMENT_3D('',#748,#749,#750);
#748 = CARTESIAN_POINT('',(0.299999999999,99.7,-7.1));
#749 = DIRECTION('',(-0.,0.,-1.));
#750 = DIRECTION('',(-1.,0.,0.));
#751 = PCURVE('',#100,#752);
#752 = DEFINITIONAL_REPRESENTATION('',(#753),#757);
#753 = LINE('',#754,#755);
#754 = CARTESIAN_POINT('',(0.,-0.4));
#755 = VECTOR('',#756,1.);
#756 = DIRECTION('',(1.,0.));
#757 = ( GEOMETRIC_REPRESENTATION_CONTEXT(2) 
PARAMETRIC_REPRESENTATION_CONTEXT() REPRESENTATION_CONTEXT('2D SPACE',''
  ) );
#758 = PCURVE('',#265,#759);
#759 = DEFINITIONAL_REPRESENTATION('',(#760),#764);
#760 = LINE('',#761,#762);
#761 = CARTESIAN_POINT('',(-0.,-0.));
#762 = VECTOR('',#763,1.);
#763 = DIRECTION('',(-1.,-0.));
#764 = ( GEOMETRIC_REPRESENTATION_CONTEXT(2) 
PARAMETRIC_REPRESENTATION_CONTEXT() REPRESENTATION_CONTEXT('2D SPACE',''
  ) );
#765 = ADVANCED_FACE('',(#766,#819),#159,.F.);
#766 = FACE_BOUND('',#767,.F.);
#767 = EDGE_LOOP('',(#768,#769,#770,#793));
#768 = ORIENTED_EDGE('',*,*,#141,.T.);
#769 = ORIENTED_EDGE('',*,*,#307,.T.);
#770 = ORIENTED_EDGE('',*,*,#771,.F.);
#771 = EDGE_CURVE('',#772,#308,#774,.T.);
#772 = VERTEX_POINT('',#773);
#773 = CARTESIAN_POINT('',(83.899999992269,-7.7,-7.1));
#774 = SURFACE_CURVE('',#775,(#779,#786),.PCURVE_S1.);
#775 = LINE('',#776,#777);
#776 = CARTESIAN_POINT('',(83.899999992269,-7.7,-7.5));
#777 = VECTOR('',#778,1.);
#778 = DIRECTION('',(0.,0.,1.));
#779 = PCURVE('',#159,#780);
#780 = DEFINITIONAL_REPRESENTATION('',(#781),#785);
#781 = LINE('',#782,#783);
#782 = CARTESIAN_POINT('',(83.59999999227,0.));
#783 = VECTOR('',#784,1.);
#784 = DIRECTION('',(0.,-1.));
#785 = ( GEOMETRIC_REPRESENTATION_CONTEXT(2) 
PARAMETRIC_REPRESENTATION_CONTEXT() REPRESENTATION_CONTEXT('2D SPACE',''
  ) );
#786 = PCURVE('',#351,#787);
#787 = DEFINITIONAL_REPRESENTATION('',(#788),#792);
#788 = LINE('',#789,#790);
#789 = CARTESIAN_POINT('',(4.712388980385,0.));
#790 = VECTOR('',#791,1.);
#791 = DIRECTION('',(0.,-1.));
#792 = ( GEOMETRIC_REPRESENTATION_CONTEXT(2) 
PARAMETRIC_REPRESENTATION_CONTEXT() REPRESENTATION_CONTEXT('2D SPACE',''
  ) );
#793 = ORIENTED_EDGE('',*,*,#794,.T.);
#794 = EDGE_CURVE('',#772,#142,#795,.T.);
#795 = SURFACE_CURVE('',#796,(#800,#807),.PCURVE_S1.);
#796 = LINE('',#797,#798);
#797 = CARTESIAN_POINT('',(83.899999992269,-7.7,-7.1));
#798 = VECTOR('',#799,1.);
#799 = DIRECTION('',(-1.,-0.,-0.));
#800 = PCURVE('',#159,#801);
#801 = DEFINITIONAL_REPRESENTATION('',(#802),#806);
#802 = LINE('',#803,#804);
#803 = CARTESIAN_POINT('',(83.59999999227,-0.4));
#804 = VECTOR('',#805,1.);
#805 = DIRECTION('',(-1.,0.));
#806 = ( GEOMETRIC_REPRESENTATION_CONTEXT(2) 
PARAMETRIC_REPRESENTATION_CONTEXT() REPRESENTATION_CONTEXT('2D SPACE',''
  ) );
#807 = PCURVE('',#808,#813);
#808 = PLANE('',#809);
#809 = AXIS2_PLACEMENT_3D('',#810,#811,#812);
#810 = CARTESIAN_POINT('',(83.899999992269,-7.5,-7.3));
#811 = DIRECTION('',(4.580684592099E-19,-0.707106781187,-0.707106781187)
  );
#812 = DIRECTION('',(-1.,-3.23903313755E-19,-3.23903313755E-19));
#813 = DEFINITIONAL_REPRESENTATION('',(#814),#818);
#814 = LINE('',#815,#816);
#815 = CARTESIAN_POINT('',(0.,-0.282842712475));
#816 = VECTOR('',#817,1.);
#817 = DIRECTION('',(1.,0.));
#818 = ( GEOMETRIC_REPRESENTATION_CONTEXT(2) 
PARAMETRIC_REPRESENTATION_CONTEXT() REPRESENTATION_CONTEXT('2D SPACE',''
  ) );
#819 = FACE_BOUND('',#820,.F.);
#820 = EDGE_LOOP('',(#821,#851,#879,#905));
#821 = ORIENTED_EDGE('',*,*,#822,.F.);
#822 = EDGE_CURVE('',#823,#825,#827,.T.);
#823 = VERTEX_POINT('',#824);
#824 = CARTESIAN_POINT('',(34.6,-7.7,1.3));
#825 = VERTEX_POINT('',#826);
#826 = CARTESIAN_POINT('',(49.6,-7.7,1.3));
#827 = SURFACE_CURVE('',#828,(#832,#839),.PCURVE_S1.);
#828 = LINE('',#829,#830);
#829 = CARTESIAN_POINT('',(42.1,-7.7,1.3));
#830 = VECTOR('',#831,1.);
#831 = DIRECTION('',(1.,0.,0.));
#832 = PCURVE('',#159,#833);
#833 = DEFINITIONAL_REPRESENTATION('',(#834),#838);
#834 = LINE('',#835,#836);
#835 = CARTESIAN_POINT('',(41.800000000001,-8.8));
#836 = VECTOR('',#837,1.);
#837 = DIRECTION('',(1.,0.));
#838 = ( GEOMETRIC_REPRESENTATION_CONTEXT(2) 
PARAMETRIC_REPRESENTATION_CONTEXT() REPRESENTATION_CONTEXT('2D SPACE',''
  ) );
#839 = PCURVE('',#840,#845);
#840 = B_SPLINE_SURFACE_WITH_KNOTS('',1,1,(
    (#841,#842)
    ,(#843,#844
    )),.UNSPECIFIED.,.F.,.F.,.F.,(2,2),(2,2),(-7.5,7.5),(0.,1.),
  .PIECEWISE_BEZIER_KNOTS.);
#841 = CARTESIAN_POINT('',(34.6,-7.7,1.3));
#842 = CARTESIAN_POINT('',(35.6,-6.7,0.3));
#843 = CARTESIAN_POINT('',(49.6,-7.7,1.3));
#844 = CARTESIAN_POINT('',(48.6,-6.7,0.3));
#845 = DEFINITIONAL_REPRESENTATION('',(#846),#850);
#846 = LINE('',#847,#848);
#847 = CARTESIAN_POINT('',(0.,0.));
#848 = VECTOR('',#849,1.);
#849 = DIRECTION('',(1.,0.));
#850 = ( GEOMETRIC_REPRESENTATION_CONTEXT(2) 
PARAMETRIC_REPRESENTATION_CONTEXT() REPRESENTATION_CONTEXT('2D SPACE',''
  ) );
#851 = ORIENTED_EDGE('',*,*,#852,.T.);
#852 = EDGE_CURVE('',#823,#853,#855,.T.);
#853 = VERTEX_POINT('',#854);
#854 = CARTESIAN_POINT('',(34.6,-7.7,-6.7));
#855 = SURFACE_CURVE('',#856,(#860,#867),.PCURVE_S1.);
#856 = LINE('',#857,#858);
#857 = CARTESIAN_POINT('',(34.6,-7.7,-2.7));
#858 = VECTOR('',#859,1.);
#859 = DIRECTION('',(0.,0.,-1.));
#860 = PCURVE('',#159,#861);
#861 = DEFINITIONAL_REPRESENTATION('',(#862),#866);
#862 = LINE('',#863,#864);
#863 = CARTESIAN_POINT('',(34.300000000001,-4.8));
#864 = VECTOR('',#865,1.);
#865 = DIRECTION('',(0.,1.));
#866 = ( GEOMETRIC_REPRESENTATION_CONTEXT(2) 
PARAMETRIC_REPRESENTATION_CONTEXT() REPRESENTATION_CONTEXT('2D SPACE',''
  ) );
#867 = PCURVE('',#868,#873);
#868 = B_SPLINE_SURFACE_WITH_KNOTS('',1,1,(
    (#869,#870)
    ,(#871,#872
  )),.UNSPECIFIED.,.F.,.F.,.F.,(2,2),(2,2),(-4.,4.),(0.,1.),
  .PIECEWISE_BEZIER_KNOTS.);
#869 = CARTESIAN_POINT('',(34.6,-7.7,-6.7));
#870 = CARTESIAN_POINT('',(35.6,-6.7,-6.7));
#871 = CARTESIAN_POINT('',(34.6,-7.7,1.3));
#872 = CARTESIAN_POINT('',(35.6,-6.7,0.3));
#873 = DEFINITIONAL_REPRESENTATION('',(#874),#878);
#874 = LINE('',#875,#876);
#875 = CARTESIAN_POINT('',(0.,0.));
#876 = VECTOR('',#877,1.);
#877 = DIRECTION('',(-1.,0.));
#878 = ( GEOMETRIC_REPRESENTATION_CONTEXT(2) 
PARAMETRIC_REPRESENTATION_CONTEXT() REPRESENTATION_CONTEXT('2D SPACE',''
  ) );
#879 = ORIENTED_EDGE('',*,*,#880,.F.);
#880 = EDGE_CURVE('',#881,#853,#883,.T.);
#881 = VERTEX_POINT('',#882);
#882 = CARTESIAN_POINT('',(49.6,-7.7,-6.7));
#883 = SURFACE_CURVE('',#884,(#888,#894),.PCURVE_S1.);
#884 = LINE('',#885,#886);
#885 = CARTESIAN_POINT('',(21.2,-7.7,-6.7));
#886 = VECTOR('',#887,1.);
#887 = DIRECTION('',(-1.,0.,1.151129223828E-17));
#888 = PCURVE('',#159,#889);
#889 = DEFINITIONAL_REPRESENTATION('',(#890),#893);
#890 = B_SPLINE_CURVE_WITH_KNOTS('',1,(#891,#892),.UNSPECIFIED.,.F.,.F.,
  (2,2),(-28.4,-13.4),.PIECEWISE_BEZIER_KNOTS.);
#891 = CARTESIAN_POINT('',(49.300000000001,-0.8));
#892 = CARTESIAN_POINT('',(34.300000000001,-0.8));
#893 = ( GEOMETRIC_REPRESENTATION_CONTEXT(2) 
PARAMETRIC_REPRESENTATION_CONTEXT() REPRESENTATION_CONTEXT('2D SPACE',''
  ) );
#894 = PCURVE('',#895,#900);
#895 = PLANE('',#896);
#896 = AXIS2_PLACEMENT_3D('',#897,#898,#899);
#897 = CARTESIAN_POINT('',(42.1,-7.2,-6.7));
#898 = DIRECTION('',(-1.151129223828E-17,1.091176126867E-28,-1.));
#899 = DIRECTION('',(-1.,8.452259168839E-18,1.151129223828E-17));
#900 = DEFINITIONAL_REPRESENTATION('',(#901),#904);
#901 = B_SPLINE_CURVE_WITH_KNOTS('',1,(#902,#903),.UNSPECIFIED.,.F.,.F.,
  (2,2),(-28.4,-13.4),.PIECEWISE_BEZIER_KNOTS.);
#902 = CARTESIAN_POINT('',(-7.5,-0.5));
#903 = CARTESIAN_POINT('',(7.5,-0.5));
#904 = ( GEOMETRIC_REPRESENTATION_CONTEXT(2) 
PARAMETRIC_REPRESENTATION_CONTEXT() REPRESENTATION_CONTEXT('2D SPACE',''
  ) );
#905 = ORIENTED_EDGE('',*,*,#906,.F.);
#906 = EDGE_CURVE('',#825,#881,#907,.T.);
#907 = SURFACE_CURVE('',#908,(#912,#919),.PCURVE_S1.);
#908 = LINE('',#909,#910);
#909 = CARTESIAN_POINT('',(49.6,-7.7,-2.7));
#910 = VECTOR('',#911,1.);
#911 = DIRECTION('',(0.,0.,-1.));
#912 = PCURVE('',#159,#913);
#913 = DEFINITIONAL_REPRESENTATION('',(#914),#918);
#914 = LINE('',#915,#916);
#915 = CARTESIAN_POINT('',(49.300000000001,-4.8));
#916 = VECTOR('',#917,1.);
#917 = DIRECTION('',(0.,1.));
#918 = ( GEOMETRIC_REPRESENTATION_CONTEXT(2) 
PARAMETRIC_REPRESENTATION_CONTEXT() REPRESENTATION_CONTEXT('2D SPACE',''
  ) );
#919 = PCURVE('',#920,#925);
#920 = B_SPLINE_SURFACE_WITH_KNOTS('',1,1,(
    (#921,#922)
    ,(#923,#924
  )),.UNSPECIFIED.,.F.,.F.,.F.,(2,2),(2,2),(-4.,4.),(0.,1.),
  .PIECEWISE_BEZIER_KNOTS.);
#921 = CARTESIAN_POINT('',(49.6,-7.7,1.3));
#922 = CARTESIAN_POINT('',(48.6,-6.7,0.3));
#923 = CARTESIAN_POINT('',(49.6,-7.7,-6.7));
#924 = CARTESIAN_POINT('',(48.6,-6.7,-6.7));
#925 = DEFINITIONAL_REPRESENTATION('',(#926),#930);
#926 = LINE('',#927,#928);
#927 = CARTESIAN_POINT('',(0.,0.));
#928 = VECTOR('',#929,1.);
#929 = DIRECTION('',(1.,0.));
#930 = ( GEOMETRIC_REPRESENTATION_CONTEXT(2) 
PARAMETRIC_REPRESENTATION_CONTEXT() REPRESENTATION_CONTEXT('2D SPACE',''
  ) );
#931 = ADVANCED_FACE('',(#932),#213,.T.);
#932 = FACE_BOUND('',#933,.T.);
#933 = EDGE_LOOP('',(#934,#955,#956,#957));
#934 = ORIENTED_EDGE('',*,*,#935,.F.);
#935 = EDGE_CURVE('',#142,#936,#938,.T.);
#936 = VERTEX_POINT('',#937);
#937 = CARTESIAN_POINT('',(0.299999999999,-7.3,-7.5));
#938 = SURFACE_CURVE('',#939,(#943,#949),.PCURVE_S1.);
#939 = LINE('',#940,#941);
#940 = CARTESIAN_POINT('',(0.299999999999,-7.5,-7.3));
#941 = VECTOR('',#942,1.);
#942 = DIRECTION('',(-5.649532362112E-36,0.707106781187,-0.707106781187)
  );
#943 = PCURVE('',#213,#944);
#944 = DEFINITIONAL_REPRESENTATION('',(#945),#948);
#945 = B_SPLINE_CURVE_WITH_KNOTS('',1,(#946,#947),.UNSPECIFIED.,.F.,.F.,
  (2,2),(-0.282842712475,0.282842712475),.PIECEWISE_BEZIER_KNOTS.);
#946 = CARTESIAN_POINT('',(0.,0.));
#947 = CARTESIAN_POINT('',(0.,-0.4));
#948 = ( GEOMETRIC_REPRESENTATION_CONTEXT(2) 
PARAMETRIC_REPRESENTATION_CONTEXT() REPRESENTATION_CONTEXT('2D SPACE',''
  ) );
#949 = PCURVE('',#808,#950);
#950 = DEFINITIONAL_REPRESENTATION('',(#951),#954);
#951 = B_SPLINE_CURVE_WITH_KNOTS('',1,(#952,#953),.UNSPECIFIED.,.F.,.F.,
  (2,2),(-0.282842712475,0.282842712475),.PIECEWISE_BEZIER_KNOTS.);
#952 = CARTESIAN_POINT('',(83.59999999227,-0.282842712475));
#953 = CARTESIAN_POINT('',(83.59999999227,0.282842712475));
#954 = ( GEOMETRIC_REPRESENTATION_CONTEXT(2) 
PARAMETRIC_REPRESENTATION_CONTEXT() REPRESENTATION_CONTEXT('2D SPACE',''
  ) );
#955 = ORIENTED_EDGE('',*,*,#198,.T.);
#956 = ORIENTED_EDGE('',*,*,#228,.T.);
#957 = ORIENTED_EDGE('',*,*,#958,.F.);
#958 = EDGE_CURVE('',#936,#229,#959,.T.);
#959 = SURFACE_CURVE('',#960,(#965,#972),.PCURVE_S1.);
#960 = CIRCLE('',#961,7.6);
#961 = AXIS2_PLACEMENT_3D('',#962,#963,#964);
#962 = CARTESIAN_POINT('',(0.299999999999,0.3,-7.5));
#963 = DIRECTION('',(-0.,-0.,-1.));
#964 = DIRECTION('',(0.,-1.,0.));
#965 = PCURVE('',#213,#966);
#966 = DEFINITIONAL_REPRESENTATION('',(#967),#971);
#967 = LINE('',#968,#969);
#968 = CARTESIAN_POINT('',(-0.,-0.4));
#969 = VECTOR('',#970,1.);
#970 = DIRECTION('',(-1.,-0.));
#971 = ( GEOMETRIC_REPRESENTATION_CONTEXT(2) 
PARAMETRIC_REPRESENTATION_CONTEXT() REPRESENTATION_CONTEXT('2D SPACE',''
  ) );
#972 = PCURVE('',#290,#973);
#973 = DEFINITIONAL_REPRESENTATION('',(#974),#982);
#974 = ( BOUNDED_CURVE() B_SPLINE_CURVE(2,(#975,#976,#977,#978,#979,#980
,#981),.UNSPECIFIED.,.T.,.F.) B_SPLINE_CURVE_WITH_KNOTS((1,2,2,2,2,1),(
    -2.094395102393,0.,2.094395102393,4.188790204786,6.28318530718,
8.377580409573),.UNSPECIFIED.) CURVE() GEOMETRIC_REPRESENTATION_ITEM() 
RATIONAL_B_SPLINE_CURVE((1.,0.5,1.,0.5,1.,0.5,1.)) REPRESENTATION_ITEM(
  '') );
#975 = CARTESIAN_POINT('',(-41.79999999798,-57.3));
#976 = CARTESIAN_POINT('',(-54.9635861355,-57.3));
#977 = CARTESIAN_POINT('',(-48.38179306674,-45.9));
#978 = CARTESIAN_POINT('',(-41.79999999798,-34.5));
#979 = CARTESIAN_POINT('',(-35.21820692922,-45.9));
#980 = CARTESIAN_POINT('',(-28.63641386046,-57.3));
#981 = CARTESIAN_POINT('',(-41.79999999798,-57.3));
#982 = ( GEOMETRIC_REPRESENTATION_CONTEXT(2) 
PARAMETRIC_REPRESENTATION_CONTEXT() REPRESENTATION_CONTEXT('2D SPACE',''
  ) );
#983 = ADVANCED_FACE('',(#984,#1222),#290,.F.);
#984 = FACE_BOUND('',#985,.F.);
#985 = EDGE_LOOP('',(#986,#1021,#1049,#1078,#1106,#1135,#1163,#1196));
#986 = ORIENTED_EDGE('',*,*,#987,.T.);
#987 = EDGE_CURVE('',#988,#990,#992,.T.);
#988 = VERTEX_POINT('',#989);
#989 = CARTESIAN_POINT('',(-0.699999999999,93.925131582591,-7.5));
#990 = VERTEX_POINT('',#991);
#991 = CARTESIAN_POINT('',(6.074868417408,100.7,-7.5));
#992 = SURFACE_CURVE('',#993,(#998,#1009),.PCURVE_S1.);
#993 = CIRCLE('',#994,5.);
#994 = AXIS2_PLACEMENT_3D('',#995,#996,#997);
#995 = CARTESIAN_POINT('',(3.7,96.3,-7.5));
#996 = DIRECTION('',(0.,0.,-1.));
#997 = DIRECTION('',(1.,0.,0.));
#998 = PCURVE('',#290,#999);
#999 = DEFINITIONAL_REPRESENTATION('',(#1000),#1008);
#1000 = ( BOUNDED_CURVE() B_SPLINE_CURVE(2,(#1001,#1002,#1003,#1004,
#1005,#1006,#1007),.UNSPECIFIED.,.T.,.F.) B_SPLINE_CURVE_WITH_KNOTS((1,2
    ,2,2,2,1),(-2.094395102393,0.,2.094395102393,4.188790204786,
6.28318530718,8.377580409573),.UNSPECIFIED.) CURVE() 
GEOMETRIC_REPRESENTATION_ITEM() RATIONAL_B_SPLINE_CURVE((1.,0.5,1.,0.5,
1.,0.5,1.)) REPRESENTATION_ITEM('') );
#1001 = CARTESIAN_POINT('',(-33.39999999798,46.3));
#1002 = CARTESIAN_POINT('',(-33.39999999798,37.639745962156));
#1003 = CARTESIAN_POINT('',(-40.89999999798,41.969872981078));
#1004 = CARTESIAN_POINT('',(-48.39999999798,46.3));
#1005 = CARTESIAN_POINT('',(-40.89999999798,50.630127018922));
#1006 = CARTESIAN_POINT('',(-33.39999999798,54.960254037844));
#1007 = CARTESIAN_POINT('',(-33.39999999798,46.3));
#1008 = ( GEOMETRIC_REPRESENTATION_CONTEXT(2) 
PARAMETRIC_REPRESENTATION_CONTEXT() REPRESENTATION_CONTEXT('2D SPACE',''
  ) );
#1009 = PCURVE('',#1010,#1015);
#1010 = CYLINDRICAL_SURFACE('',#1011,5.);
#1011 = AXIS2_PLACEMENT_3D('',#1012,#1013,#1014);
#1012 = CARTESIAN_POINT('',(3.7,96.3,-8.5));
#1013 = DIRECTION('',(-0.,-0.,-1.));
#1014 = DIRECTION('',(1.,0.,0.));
#1015 = DEFINITIONAL_REPRESENTATION('',(#1016),#1020);
#1016 = LINE('',#1017,#1018);
#1017 = CARTESIAN_POINT('',(-6.28318530718,-1.));
#1018 = VECTOR('',#1019,1.);
#1019 = DIRECTION('',(1.,-0.));
#1020 = ( GEOMETRIC_REPRESENTATION_CONTEXT(2) 
PARAMETRIC_REPRESENTATION_CONTEXT() REPRESENTATION_CONTEXT('2D SPACE',''
  ) );
#1021 = ORIENTED_EDGE('',*,*,#1022,.F.);
#1022 = EDGE_CURVE('',#1023,#990,#1025,.T.);
#1023 = VERTEX_POINT('',#1024);
#1024 = CARTESIAN_POINT('',(78.125131582592,100.7,-7.5));
#1025 = SURFACE_CURVE('',#1026,(#1030,#1037),.PCURVE_S1.);
#1026 = LINE('',#1027,#1028);
#1027 = CARTESIAN_POINT('',(77.5,100.7,-7.5));
#1028 = VECTOR('',#1029,1.);
#1029 = DIRECTION('',(-1.,0.,0.));
#1030 = PCURVE('',#290,#1031);
#1031 = DEFINITIONAL_REPRESENTATION('',(#1032),#1036);
#1032 = LINE('',#1033,#1034);
#1033 = CARTESIAN_POINT('',(35.400000002016,50.7));
#1034 = VECTOR('',#1035,1.);
#1035 = DIRECTION('',(-1.,0.));
#1036 = ( GEOMETRIC_REPRESENTATION_CONTEXT(2) 
PARAMETRIC_REPRESENTATION_CONTEXT() REPRESENTATION_CONTEXT('2D SPACE',''
  ) );
#1037 = PCURVE('',#1038,#1043);
#1038 = PLANE('',#1039);
#1039 = AXIS2_PLACEMENT_3D('',#1040,#1041,#1042);
#1040 = CARTESIAN_POINT('',(77.5,100.5,-7.3));
#1041 = DIRECTION('',(4.119781047821E-18,-0.707106781187,-0.707106781187
    ));
#1042 = DIRECTION('',(1.,2.913125115918E-18,2.913125115918E-18));
#1043 = DEFINITIONAL_REPRESENTATION('',(#1044),#1048);
#1044 = LINE('',#1045,#1046);
#1045 = CARTESIAN_POINT('',(-0.,-0.282842712475));
#1046 = VECTOR('',#1047,1.);
#1047 = DIRECTION('',(-1.,0.));
#1048 = ( GEOMETRIC_REPRESENTATION_CONTEXT(2) 
PARAMETRIC_REPRESENTATION_CONTEXT() REPRESENTATION_CONTEXT('2D SPACE',''
  ) );
#1049 = ORIENTED_EDGE('',*,*,#1050,.F.);
#1050 = EDGE_CURVE('',#1051,#1023,#1053,.T.);
#1051 = VERTEX_POINT('',#1052);
#1052 = CARTESIAN_POINT('',(84.900000000001,93.925131582594,-7.5));
#1053 = SURFACE_CURVE('',#1054,(#1059,#1066),.PCURVE_S1.);
#1054 = CIRCLE('',#1055,5.);
#1055 = AXIS2_PLACEMENT_3D('',#1056,#1057,#1058);
#1056 = CARTESIAN_POINT('',(80.5,96.3,-7.5));
#1057 = DIRECTION('',(-0.,0.,1.));
#1058 = DIRECTION('',(0.8,-0.6,0.));
#1059 = PCURVE('',#290,#1060);
#1060 = DEFINITIONAL_REPRESENTATION('',(#1061),#1065);
#1061 = CIRCLE('',#1062,5.);
#1062 = AXIS2_PLACEMENT_2D('',#1063,#1064);
#1063 = CARTESIAN_POINT('',(38.400000002017,46.3));
#1064 = DIRECTION('',(0.8,-0.6));
#1065 = ( GEOMETRIC_REPRESENTATION_CONTEXT(2) 
PARAMETRIC_REPRESENTATION_CONTEXT() REPRESENTATION_CONTEXT('2D SPACE',''
  ) );
#1066 = PCURVE('',#1067,#1072);
#1067 = CYLINDRICAL_SURFACE('',#1068,5.);
#1068 = AXIS2_PLACEMENT_3D('',#1069,#1070,#1071);
#1069 = CARTESIAN_POINT('',(80.5,96.3,-8.5));
#1070 = DIRECTION('',(-0.,-0.,-1.));
#1071 = DIRECTION('',(1.,0.,0.));
#1072 = DEFINITIONAL_REPRESENTATION('',(#1073),#1077);
#1073 = LINE('',#1074,#1075);
#1074 = CARTESIAN_POINT('',(-5.639684198387,-1.));
#1075 = VECTOR('',#1076,1.);
#1076 = DIRECTION('',(-1.,-0.));
#1077 = ( GEOMETRIC_REPRESENTATION_CONTEXT(2) 
PARAMETRIC_REPRESENTATION_CONTEXT() REPRESENTATION_CONTEXT('2D SPACE',''
  ) );
#1078 = ORIENTED_EDGE('',*,*,#1079,.T.);
#1079 = EDGE_CURVE('',#1051,#1080,#1082,.T.);
#1080 = VERTEX_POINT('',#1081);
#1081 = CARTESIAN_POINT('',(84.900000000001,6.074868417406,-7.5));
#1082 = SURFACE_CURVE('',#1083,(#1087,#1094),.PCURVE_S1.);
#1083 = LINE('',#1084,#1085);
#1084 = CARTESIAN_POINT('',(84.900000000001,93.300000000001,-7.5));
#1085 = VECTOR('',#1086,1.);
#1086 = DIRECTION('',(0.,-1.,0.));
#1087 = PCURVE('',#290,#1088);
#1088 = DEFINITIONAL_REPRESENTATION('',(#1089),#1093);
#1089 = LINE('',#1090,#1091);
#1090 = CARTESIAN_POINT('',(42.800000002017,43.300000000001));
#1091 = VECTOR('',#1092,1.);
#1092 = DIRECTION('',(0.,-1.));
#1093 = ( GEOMETRIC_REPRESENTATION_CONTEXT(2) 
PARAMETRIC_REPRESENTATION_CONTEXT() REPRESENTATION_CONTEXT('2D SPACE',''
  ) );
#1094 = PCURVE('',#1095,#1100);
#1095 = PLANE('',#1096);
#1096 = AXIS2_PLACEMENT_3D('',#1097,#1098,#1099);
#1097 = CARTESIAN_POINT('',(84.700000000001,93.300000000001,-7.3));
#1098 = DIRECTION('',(0.707106781187,-4.727776962496E-18,0.707106781187)
  );
#1099 = DIRECTION('',(3.343043150119E-18,1.,3.343043150119E-18));
#1100 = DEFINITIONAL_REPRESENTATION('',(#1101),#1105);
#1101 = LINE('',#1102,#1103);
#1102 = CARTESIAN_POINT('',(-0.,-0.282842712475));
#1103 = VECTOR('',#1104,1.);
#1104 = DIRECTION('',(-1.,0.));
#1105 = ( GEOMETRIC_REPRESENTATION_CONTEXT(2) 
PARAMETRIC_REPRESENTATION_CONTEXT() REPRESENTATION_CONTEXT('2D SPACE',''
  ) );
#1106 = ORIENTED_EDGE('',*,*,#1107,.F.);
#1107 = EDGE_CURVE('',#1108,#1080,#1110,.T.);
#1108 = VERTEX_POINT('',#1109);
#1109 = CARTESIAN_POINT('',(78.125131582592,-0.7,-7.5));
#1110 = SURFACE_CURVE('',#1111,(#1116,#1123),.PCURVE_S1.);
#1111 = CIRCLE('',#1112,5.);
#1112 = AXIS2_PLACEMENT_3D('',#1113,#1114,#1115);
#1113 = CARTESIAN_POINT('',(80.5,3.7,-7.5));
#1114 = DIRECTION('',(0.,0.,1.));
#1115 = DIRECTION('',(-0.6,-0.8,0.));
#1116 = PCURVE('',#290,#1117);
#1117 = DEFINITIONAL_REPRESENTATION('',(#1118),#1122);
#1118 = CIRCLE('',#1119,5.);
#1119 = AXIS2_PLACEMENT_2D('',#1120,#1121);
#1120 = CARTESIAN_POINT('',(38.400000002017,-46.3));
#1121 = DIRECTION('',(-0.6,-0.8));
#1122 = ( GEOMETRIC_REPRESENTATION_CONTEXT(2) 
PARAMETRIC_REPRESENTATION_CONTEXT() REPRESENTATION_CONTEXT('2D SPACE',''
  ) );
#1123 = PCURVE('',#1124,#1129);
#1124 = CYLINDRICAL_SURFACE('',#1125,5.);
#1125 = AXIS2_PLACEMENT_3D('',#1126,#1127,#1128);
#1126 = CARTESIAN_POINT('',(80.5,3.7,-8.5));
#1127 = DIRECTION('',(-0.,-0.,-1.));
#1128 = DIRECTION('',(1.,0.,0.));
#1129 = DEFINITIONAL_REPRESENTATION('',(#1130),#1134);
#1130 = LINE('',#1131,#1132);
#1131 = CARTESIAN_POINT('',(-4.068887871591,-1.));
#1132 = VECTOR('',#1133,1.);
#1133 = DIRECTION('',(-1.,-0.));
#1134 = ( GEOMETRIC_REPRESENTATION_CONTEXT(2) 
PARAMETRIC_REPRESENTATION_CONTEXT() REPRESENTATION_CONTEXT('2D SPACE',''
  ) );
#1135 = ORIENTED_EDGE('',*,*,#1136,.T.);
#1136 = EDGE_CURVE('',#1108,#1137,#1139,.T.);
#1137 = VERTEX_POINT('',#1138);
#1138 = CARTESIAN_POINT('',(6.074868417408,-0.7,-7.5));
#1139 = SURFACE_CURVE('',#1140,(#1144,#1151),.PCURVE_S1.);
#1140 = LINE('',#1141,#1142);
#1141 = CARTESIAN_POINT('',(77.5,-0.7,-7.5));
#1142 = VECTOR('',#1143,1.);
#1143 = DIRECTION('',(-1.,0.,0.));
#1144 = PCURVE('',#290,#1145);
#1145 = DEFINITIONAL_REPRESENTATION('',(#1146),#1150);
#1146 = LINE('',#1147,#1148);
#1147 = CARTESIAN_POINT('',(35.400000002017,-50.7));
#1148 = VECTOR('',#1149,1.);
#1149 = DIRECTION('',(-1.,0.));
#1150 = ( GEOMETRIC_REPRESENTATION_CONTEXT(2) 
PARAMETRIC_REPRESENTATION_CONTEXT() REPRESENTATION_CONTEXT('2D SPACE',''
  ) );
#1151 = PCURVE('',#1152,#1157);
#1152 = PLANE('',#1153);
#1153 = AXIS2_PLACEMENT_3D('',#1154,#1155,#1156);
#1154 = CARTESIAN_POINT('',(77.5,-0.5,-7.3));
#1155 = DIRECTION('',(-9.709052582848E-19,-0.707106781187,0.707106781187
    ));
#1156 = DIRECTION('',(1.,-6.865336920228E-19,6.865336920228E-19));
#1157 = DEFINITIONAL_REPRESENTATION('',(#1158),#1162);
#1158 = LINE('',#1159,#1160);
#1159 = CARTESIAN_POINT('',(-0.,-0.282842712475));
#1160 = VECTOR('',#1161,1.);
#1161 = DIRECTION('',(-1.,0.));
#1162 = ( GEOMETRIC_REPRESENTATION_CONTEXT(2) 
PARAMETRIC_REPRESENTATION_CONTEXT() REPRESENTATION_CONTEXT('2D SPACE',''
  ) );
#1163 = ORIENTED_EDGE('',*,*,#1164,.T.);
#1164 = EDGE_CURVE('',#1137,#1165,#1167,.T.);
#1165 = VERTEX_POINT('',#1166);
#1166 = CARTESIAN_POINT('',(-0.699999999999,6.074868417409,-7.5));
#1167 = SURFACE_CURVE('',#1168,(#1173,#1184),.PCURVE_S1.);
#1168 = CIRCLE('',#1169,5.);
#1169 = AXIS2_PLACEMENT_3D('',#1170,#1171,#1172);
#1170 = CARTESIAN_POINT('',(3.7,3.7,-7.5));
#1171 = DIRECTION('',(0.,0.,-1.));
#1172 = DIRECTION('',(1.,0.,0.));
#1173 = PCURVE('',#290,#1174);
#1174 = DEFINITIONAL_REPRESENTATION('',(#1175),#1183);
#1175 = ( BOUNDED_CURVE() B_SPLINE_CURVE(2,(#1176,#1177,#1178,#1179,
#1180,#1181,#1182),.UNSPECIFIED.,.T.,.F.) B_SPLINE_CURVE_WITH_KNOTS((1,2
    ,2,2,2,1),(-2.094395102393,0.,2.094395102393,4.188790204786,
6.28318530718,8.377580409573),.UNSPECIFIED.) CURVE() 
GEOMETRIC_REPRESENTATION_ITEM() RATIONAL_B_SPLINE_CURVE((1.,0.5,1.,0.5,
1.,0.5,1.)) REPRESENTATION_ITEM('') );
#1176 = CARTESIAN_POINT('',(-33.39999999798,-46.3));
#1177 = CARTESIAN_POINT('',(-33.39999999798,-54.96025403784));
#1178 = CARTESIAN_POINT('',(-40.89999999798,-50.63012701892));
#1179 = CARTESIAN_POINT('',(-48.39999999798,-46.3));
#1180 = CARTESIAN_POINT('',(-40.89999999798,-41.96987298107));
#1181 = CARTESIAN_POINT('',(-33.39999999798,-37.63974596215));
#1182 = CARTESIAN_POINT('',(-33.39999999798,-46.3));
#1183 = ( GEOMETRIC_REPRESENTATION_CONTEXT(2) 
PARAMETRIC_REPRESENTATION_CONTEXT() REPRESENTATION_CONTEXT('2D SPACE',''
  ) );
#1184 = PCURVE('',#1185,#1190);
#1185 = CYLINDRICAL_SURFACE('',#1186,5.);
#1186 = AXIS2_PLACEMENT_3D('',#1187,#1188,#1189);
#1187 = CARTESIAN_POINT('',(3.7,3.7,-8.5));
#1188 = DIRECTION('',(-0.,-0.,-1.));
#1189 = DIRECTION('',(1.,0.,0.));
#1190 = DEFINITIONAL_REPRESENTATION('',(#1191),#1195);
#1191 = LINE('',#1192,#1193);
#1192 = CARTESIAN_POINT('',(-6.28318530718,-1.));
#1193 = VECTOR('',#1194,1.);
#1194 = DIRECTION('',(1.,-0.));
#1195 = ( GEOMETRIC_REPRESENTATION_CONTEXT(2) 
PARAMETRIC_REPRESENTATION_CONTEXT() REPRESENTATION_CONTEXT('2D SPACE',''
  ) );
#1196 = ORIENTED_EDGE('',*,*,#1197,.F.);
#1197 = EDGE_CURVE('',#988,#1165,#1198,.T.);
#1198 = SURFACE_CURVE('',#1199,(#1203,#1210),.PCURVE_S1.);
#1199 = LINE('',#1200,#1201);
#1200 = CARTESIAN_POINT('',(-0.699999999999,93.299999999999,-7.5));
#1201 = VECTOR('',#1202,1.);
#1202 = DIRECTION('',(0.,-1.,0.));
#1203 = PCURVE('',#290,#1204);
#1204 = DEFINITIONAL_REPRESENTATION('',(#1205),#1209);
#1205 = LINE('',#1206,#1207);
#1206 = CARTESIAN_POINT('',(-42.79999999798,43.299999999999));
#1207 = VECTOR('',#1208,1.);
#1208 = DIRECTION('',(0.,-1.));
#1209 = ( GEOMETRIC_REPRESENTATION_CONTEXT(2) 
PARAMETRIC_REPRESENTATION_CONTEXT() REPRESENTATION_CONTEXT('2D SPACE',''
  ) );
#1210 = PCURVE('',#1211,#1216);
#1211 = PLANE('',#1212);
#1212 = AXIS2_PLACEMENT_3D('',#1213,#1214,#1215);
#1213 = CARTESIAN_POINT('',(-0.499999999999,93.299999999999,-7.3));
#1214 = DIRECTION('',(0.707106781187,1.102531706024E-18,-0.707106781187)
  );
#1215 = DIRECTION('',(-7.79607645803E-19,1.,7.79607645803E-19));
#1216 = DEFINITIONAL_REPRESENTATION('',(#1217),#1221);
#1217 = LINE('',#1218,#1219);
#1218 = CARTESIAN_POINT('',(-0.,-0.282842712475));
#1219 = VECTOR('',#1220,1.);
#1220 = DIRECTION('',(-1.,0.));
#1221 = ( GEOMETRIC_REPRESENTATION_CONTEXT(2) 
PARAMETRIC_REPRESENTATION_CONTEXT() REPRESENTATION_CONTEXT('2D SPACE',''
  ) );
#1222 = FACE_BOUND('',#1223,.F.);
#1223 = EDGE_LOOP('',(#1224,#1225,#1226,#1249,#1282,#1310,#1343,#1371));
#1224 = ORIENTED_EDGE('',*,*,#276,.F.);
#1225 = ORIENTED_EDGE('',*,*,#958,.F.);
#1226 = ORIENTED_EDGE('',*,*,#1227,.F.);
#1227 = EDGE_CURVE('',#1228,#936,#1230,.T.);
#1228 = VERTEX_POINT('',#1229);
#1229 = CARTESIAN_POINT('',(83.899999992269,-7.3,-7.5));
#1230 = SURFACE_CURVE('',#1231,(#1235,#1242),.PCURVE_S1.);
#1231 = LINE('',#1232,#1233);
#1232 = CARTESIAN_POINT('',(83.899999992269,-7.3,-7.5));
#1233 = VECTOR('',#1234,1.);
#1234 = DIRECTION('',(-1.,-0.,-0.));
#1235 = PCURVE('',#290,#1236);
#1236 = DEFINITIONAL_REPRESENTATION('',(#1237),#1241);
#1237 = LINE('',#1238,#1239);
#1238 = CARTESIAN_POINT('',(41.799999994286,-57.3));
#1239 = VECTOR('',#1240,1.);
#1240 = DIRECTION('',(-1.,0.));
#1241 = ( GEOMETRIC_REPRESENTATION_CONTEXT(2) 
PARAMETRIC_REPRESENTATION_CONTEXT() REPRESENTATION_CONTEXT('2D SPACE',''
  ) );
#1242 = PCURVE('',#808,#1243);
#1243 = DEFINITIONAL_REPRESENTATION('',(#1244),#1248);
#1244 = LINE('',#1245,#1246);
#1245 = CARTESIAN_POINT('',(0.,0.282842712475));
#1246 = VECTOR('',#1247,1.);
#1247 = DIRECTION('',(1.,0.));
#1248 = ( GEOMETRIC_REPRESENTATION_CONTEXT(2) 
PARAMETRIC_REPRESENTATION_CONTEXT() REPRESENTATION_CONTEXT('2D SPACE',''
  ) );
#1249 = ORIENTED_EDGE('',*,*,#1250,.F.);
#1250 = EDGE_CURVE('',#1251,#1228,#1253,.T.);
#1251 = VERTEX_POINT('',#1252);
#1252 = CARTESIAN_POINT('',(91.500000000001,0.3,-7.5));
#1253 = SURFACE_CURVE('',#1254,(#1259,#1270),.PCURVE_S1.);
#1254 = CIRCLE('',#1255,7.6);
#1255 = AXIS2_PLACEMENT_3D('',#1256,#1257,#1258);
#1256 = CARTESIAN_POINT('',(83.899999992269,0.3,-7.5));
#1257 = DIRECTION('',(0.,-0.,-1.));
#1258 = DIRECTION('',(1.,0.,-0.));
#1259 = PCURVE('',#290,#1260);
#1260 = DEFINITIONAL_REPRESENTATION('',(#1261),#1269);
#1261 = ( BOUNDED_CURVE() B_SPLINE_CURVE(2,(#1262,#1263,#1264,#1265,
#1266,#1267,#1268),.UNSPECIFIED.,.T.,.F.) B_SPLINE_CURVE_WITH_KNOTS((1,2
    ,2,2,2,1),(-2.094395102393,0.,2.094395102393,4.188790204786,
6.28318530718,8.377580409573),.UNSPECIFIED.) CURVE() 
GEOMETRIC_REPRESENTATION_ITEM() RATIONAL_B_SPLINE_CURVE((1.,0.5,1.,0.5,
1.,0.5,1.)) REPRESENTATION_ITEM('') );
#1262 = CARTESIAN_POINT('',(49.399999994286,-49.7));
#1263 = CARTESIAN_POINT('',(49.399999994286,-62.86358613752));
#1264 = CARTESIAN_POINT('',(37.999999994286,-56.28179306876));
#1265 = CARTESIAN_POINT('',(26.599999994286,-49.7));
#1266 = CARTESIAN_POINT('',(37.999999994286,-43.11820693123));
#1267 = CARTESIAN_POINT('',(49.399999994286,-36.53641386247));
#1268 = CARTESIAN_POINT('',(49.399999994286,-49.7));
#1269 = ( GEOMETRIC_REPRESENTATION_CONTEXT(2) 
PARAMETRIC_REPRESENTATION_CONTEXT() REPRESENTATION_CONTEXT('2D SPACE',''
  ) );
#1270 = PCURVE('',#1271,#1276);
#1271 = CONICAL_SURFACE('',#1272,8.,0.785398163397);
#1272 = AXIS2_PLACEMENT_3D('',#1273,#1274,#1275);
#1273 = CARTESIAN_POINT('',(83.899999992269,0.3,-7.1));
#1274 = DIRECTION('',(0.,0.,1.));
#1275 = DIRECTION('',(1.,0.,-0.));
#1276 = DEFINITIONAL_REPRESENTATION('',(#1277),#1281);
#1277 = LINE('',#1278,#1279);
#1278 = CARTESIAN_POINT('',(-0.,-0.4));
#1279 = VECTOR('',#1280,1.);
#1280 = DIRECTION('',(-1.,-0.));
#1281 = ( GEOMETRIC_REPRESENTATION_CONTEXT(2) 
PARAMETRIC_REPRESENTATION_CONTEXT() REPRESENTATION_CONTEXT('2D SPACE',''
  ) );
#1282 = ORIENTED_EDGE('',*,*,#1283,.F.);
#1283 = EDGE_CURVE('',#1284,#1251,#1286,.T.);
#1284 = VERTEX_POINT('',#1285);
#1285 = CARTESIAN_POINT('',(91.499999992269,99.7,-7.5));
#1286 = SURFACE_CURVE('',#1287,(#1291,#1298),.PCURVE_S1.);
#1287 = LINE('',#1288,#1289);
#1288 = CARTESIAN_POINT('',(91.500000000001,99.7,-7.5));
#1289 = VECTOR('',#1290,1.);
#1290 = DIRECTION('',(-0.,-1.,-0.));
#1291 = PCURVE('',#290,#1292);
#1292 = DEFINITIONAL_REPRESENTATION('',(#1293),#1297);
#1293 = LINE('',#1294,#1295);
#1294 = CARTESIAN_POINT('',(49.400000002017,49.7));
#1295 = VECTOR('',#1296,1.);
#1296 = DIRECTION('',(0.,-1.));
#1297 = ( GEOMETRIC_REPRESENTATION_CONTEXT(2) 
PARAMETRIC_REPRESENTATION_CONTEXT() REPRESENTATION_CONTEXT('2D SPACE',''
  ) );
#1298 = PCURVE('',#1299,#1304);
#1299 = PLANE('',#1300);
#1300 = AXIS2_PLACEMENT_3D('',#1301,#1302,#1303);
#1301 = CARTESIAN_POINT('',(91.700000000001,99.7,-7.3));
#1302 = DIRECTION('',(0.707106781187,4.727776962496E-18,-0.707106781187)
  );
#1303 = DIRECTION('',(3.343043150119E-18,-1.,-3.343043150119E-18));
#1304 = DEFINITIONAL_REPRESENTATION('',(#1305),#1309);
#1305 = LINE('',#1306,#1307);
#1306 = CARTESIAN_POINT('',(0.,0.282842712475));
#1307 = VECTOR('',#1308,1.);
#1308 = DIRECTION('',(1.,0.));
#1309 = ( GEOMETRIC_REPRESENTATION_CONTEXT(2) 
PARAMETRIC_REPRESENTATION_CONTEXT() REPRESENTATION_CONTEXT('2D SPACE',''
  ) );
#1310 = ORIENTED_EDGE('',*,*,#1311,.F.);
#1311 = EDGE_CURVE('',#1312,#1284,#1314,.T.);
#1312 = VERTEX_POINT('',#1313);
#1313 = CARTESIAN_POINT('',(83.899999992269,107.3,-7.5));
#1314 = SURFACE_CURVE('',#1315,(#1320,#1331),.PCURVE_S1.);
#1315 = CIRCLE('',#1316,7.6);
#1316 = AXIS2_PLACEMENT_3D('',#1317,#1318,#1319);
#1317 = CARTESIAN_POINT('',(83.899999992269,99.7,-7.5));
#1318 = DIRECTION('',(0.,-0.,-1.));
#1319 = DIRECTION('',(0.,1.,-0.));
#1320 = PCURVE('',#290,#1321);
#1321 = DEFINITIONAL_REPRESENTATION('',(#1322),#1330);
#1322 = ( BOUNDED_CURVE() B_SPLINE_CURVE(2,(#1323,#1324,#1325,#1326,
#1327,#1328,#1329),.UNSPECIFIED.,.T.,.F.) B_SPLINE_CURVE_WITH_KNOTS((1,2
    ,2,2,2,1),(-2.094395102393,0.,2.094395102393,4.188790204786,
6.28318530718,8.377580409573),.UNSPECIFIED.) CURVE() 
GEOMETRIC_REPRESENTATION_ITEM() RATIONAL_B_SPLINE_CURVE((1.,0.5,1.,0.5,
1.,0.5,1.)) REPRESENTATION_ITEM('') );
#1323 = CARTESIAN_POINT('',(41.799999994286,57.3));
#1324 = CARTESIAN_POINT('',(54.96358613181,57.3));
#1325 = CARTESIAN_POINT('',(48.381793063048,45.9));
#1326 = CARTESIAN_POINT('',(41.799999994286,34.5));
#1327 = CARTESIAN_POINT('',(35.218206925524,45.9));
#1328 = CARTESIAN_POINT('',(28.636413856763,57.3));
#1329 = CARTESIAN_POINT('',(41.799999994286,57.3));
#1330 = ( GEOMETRIC_REPRESENTATION_CONTEXT(2) 
PARAMETRIC_REPRESENTATION_CONTEXT() REPRESENTATION_CONTEXT('2D SPACE',''
  ) );
#1331 = PCURVE('',#1332,#1337);
#1332 = CONICAL_SURFACE('',#1333,8.,0.785398163397);
#1333 = AXIS2_PLACEMENT_3D('',#1334,#1335,#1336);
#1334 = CARTESIAN_POINT('',(83.899999992269,99.7,-7.1));
#1335 = DIRECTION('',(0.,0.,1.));
#1336 = DIRECTION('',(0.,1.,0.));
#1337 = DEFINITIONAL_REPRESENTATION('',(#1338),#1342);
#1338 = LINE('',#1339,#1340);
#1339 = CARTESIAN_POINT('',(-0.,-0.4));
#1340 = VECTOR('',#1341,1.);
#1341 = DIRECTION('',(-1.,-0.));
#1342 = ( GEOMETRIC_REPRESENTATION_CONTEXT(2) 
PARAMETRIC_REPRESENTATION_CONTEXT() REPRESENTATION_CONTEXT('2D SPACE',''
  ) );
#1343 = ORIENTED_EDGE('',*,*,#1344,.F.);
#1344 = EDGE_CURVE('',#1345,#1312,#1347,.T.);
#1345 = VERTEX_POINT('',#1346);
#1346 = CARTESIAN_POINT('',(0.299999999999,107.3,-7.5));
#1347 = SURFACE_CURVE('',#1348,(#1352,#1359),.PCURVE_S1.);
#1348 = LINE('',#1349,#1350);
#1349 = CARTESIAN_POINT('',(0.299999999999,107.3,-7.5));
#1350 = VECTOR('',#1351,1.);
#1351 = DIRECTION('',(1.,0.,0.));
#1352 = PCURVE('',#290,#1353);
#1353 = DEFINITIONAL_REPRESENTATION('',(#1354),#1358);
#1354 = LINE('',#1355,#1356);
#1355 = CARTESIAN_POINT('',(-41.79999999798,57.3));
#1356 = VECTOR('',#1357,1.);
#1357 = DIRECTION('',(1.,0.));
#1358 = ( GEOMETRIC_REPRESENTATION_CONTEXT(2) 
PARAMETRIC_REPRESENTATION_CONTEXT() REPRESENTATION_CONTEXT('2D SPACE',''
  ) );
#1359 = PCURVE('',#1360,#1365);
#1360 = PLANE('',#1361);
#1361 = AXIS2_PLACEMENT_3D('',#1362,#1363,#1364);
#1362 = CARTESIAN_POINT('',(0.299999999999,107.5,-7.3));
#1363 = DIRECTION('',(-4.119781047821E-18,-0.707106781187,0.707106781187
    ));
#1364 = DIRECTION('',(-1.,2.913125115918E-18,-2.913125115918E-18));
#1365 = DEFINITIONAL_REPRESENTATION('',(#1366),#1370);
#1366 = LINE('',#1367,#1368);
#1367 = CARTESIAN_POINT('',(-0.,0.282842712475));
#1368 = VECTOR('',#1369,1.);
#1369 = DIRECTION('',(-1.,0.));
#1370 = ( GEOMETRIC_REPRESENTATION_CONTEXT(2) 
PARAMETRIC_REPRESENTATION_CONTEXT() REPRESENTATION_CONTEXT('2D SPACE',''
  ) );
#1371 = ORIENTED_EDGE('',*,*,#1372,.F.);
#1372 = EDGE_CURVE('',#251,#1345,#1373,.T.);
#1373 = SURFACE_CURVE('',#1374,(#1379,#1390),.PCURVE_S1.);
#1374 = CIRCLE('',#1375,7.6);
#1375 = AXIS2_PLACEMENT_3D('',#1376,#1377,#1378);
#1376 = CARTESIAN_POINT('',(0.299999999999,99.7,-7.5));
#1377 = DIRECTION('',(-0.,0.,-1.));
#1378 = DIRECTION('',(-1.,0.,0.));
#1379 = PCURVE('',#290,#1380);
#1380 = DEFINITIONAL_REPRESENTATION('',(#1381),#1389);
#1381 = ( BOUNDED_CURVE() B_SPLINE_CURVE(2,(#1382,#1383,#1384,#1385,
#1386,#1387,#1388),.UNSPECIFIED.,.T.,.F.) B_SPLINE_CURVE_WITH_KNOTS((1,2
    ,2,2,2,1),(-2.094395102393,0.,2.094395102393,4.188790204786,
6.28318530718,8.377580409573),.UNSPECIFIED.) CURVE() 
GEOMETRIC_REPRESENTATION_ITEM() RATIONAL_B_SPLINE_CURVE((1.,0.5,1.,0.5,
1.,0.5,1.)) REPRESENTATION_ITEM('') );
#1382 = CARTESIAN_POINT('',(-49.39999999798,49.7));
#1383 = CARTESIAN_POINT('',(-49.39999999798,62.863586137523));
#1384 = CARTESIAN_POINT('',(-37.99999999798,56.281793068762));
#1385 = CARTESIAN_POINT('',(-26.59999999798,49.7));
#1386 = CARTESIAN_POINT('',(-37.99999999798,43.118206931238));
#1387 = CARTESIAN_POINT('',(-49.39999999798,36.536413862477));
#1388 = CARTESIAN_POINT('',(-49.39999999798,49.7));
#1389 = ( GEOMETRIC_REPRESENTATION_CONTEXT(2) 
PARAMETRIC_REPRESENTATION_CONTEXT() REPRESENTATION_CONTEXT('2D SPACE',''
  ) );
#1390 = PCURVE('',#265,#1391);
#1391 = DEFINITIONAL_REPRESENTATION('',(#1392),#1396);
#1392 = LINE('',#1393,#1394);
#1393 = CARTESIAN_POINT('',(-0.,-0.4));
#1394 = VECTOR('',#1395,1.);
#1395 = DIRECTION('',(-1.,-0.));
#1396 = ( GEOMETRIC_REPRESENTATION_CONTEXT(2) 
PARAMETRIC_REPRESENTATION_CONTEXT() REPRESENTATION_CONTEXT('2D SPACE',''
  ) );
#1397 = ADVANCED_FACE('',(#1398),#265,.T.);
#1398 = FACE_BOUND('',#1399,.T.);
#1399 = EDGE_LOOP('',(#1400,#1401,#1402,#1421));
#1400 = ORIENTED_EDGE('',*,*,#250,.F.);
#1401 = ORIENTED_EDGE('',*,*,#744,.T.);
#1402 = ORIENTED_EDGE('',*,*,#1403,.T.);
#1403 = EDGE_CURVE('',#722,#1345,#1404,.T.);
#1404 = SURFACE_CURVE('',#1405,(#1409,#1415),.PCURVE_S1.);
#1405 = LINE('',#1406,#1407);
#1406 = CARTESIAN_POINT('',(0.299999999999,107.7,-7.1));
#1407 = VECTOR('',#1408,1.);
#1408 = DIRECTION('',(4.329780281177E-17,-0.707106781187,-0.707106781187
    ));
#1409 = PCURVE('',#265,#1410);
#1410 = DEFINITIONAL_REPRESENTATION('',(#1411),#1414);
#1411 = B_SPLINE_CURVE_WITH_KNOTS('',1,(#1412,#1413),.UNSPECIFIED.,.F.,
  .F.,(2,2),(0.,0.565685424949),.PIECEWISE_BEZIER_KNOTS.);
#1412 = CARTESIAN_POINT('',(-1.570796326795,0.));
#1413 = CARTESIAN_POINT('',(-1.570796326795,-0.4));
#1414 = ( GEOMETRIC_REPRESENTATION_CONTEXT(2) 
PARAMETRIC_REPRESENTATION_CONTEXT() REPRESENTATION_CONTEXT('2D SPACE',''
  ) );
#1415 = PCURVE('',#1360,#1416);
#1416 = DEFINITIONAL_REPRESENTATION('',(#1417),#1420);
#1417 = B_SPLINE_CURVE_WITH_KNOTS('',1,(#1418,#1419),.UNSPECIFIED.,.F.,
  .F.,(2,2),(0.,0.565685424949),.PIECEWISE_BEZIER_KNOTS.);
#1418 = CARTESIAN_POINT('',(0.,-0.282842712475));
#1419 = CARTESIAN_POINT('',(0.,0.282842712475));
#1420 = ( GEOMETRIC_REPRESENTATION_CONTEXT(2) 
PARAMETRIC_REPRESENTATION_CONTEXT() REPRESENTATION_CONTEXT('2D SPACE',''
  ) );
#1421 = ORIENTED_EDGE('',*,*,#1372,.F.);
#1422 = ADVANCED_FACE('',(#1423),#440,.T.);
#1423 = FACE_BOUND('',#1424,.T.);
#1424 = EDGE_LOOP('',(#1425,#1426,#1427,#1450));
#1425 = ORIENTED_EDGE('',*,*,#721,.T.);
#1426 = ORIENTED_EDGE('',*,*,#424,.T.);
#1427 = ORIENTED_EDGE('',*,*,#1428,.F.);
#1428 = EDGE_CURVE('',#1429,#392,#1431,.T.);
#1429 = VERTEX_POINT('',#1430);
#1430 = CARTESIAN_POINT('',(83.899999992269,107.7,-7.1));
#1431 = SURFACE_CURVE('',#1432,(#1436,#1443),.PCURVE_S1.);
#1432 = LINE('',#1433,#1434);
#1433 = CARTESIAN_POINT('',(83.899999992269,107.7,-7.5));
#1434 = VECTOR('',#1435,1.);
#1435 = DIRECTION('',(0.,0.,1.));
#1436 = PCURVE('',#440,#1437);
#1437 = DEFINITIONAL_REPRESENTATION('',(#1438),#1442);
#1438 = LINE('',#1439,#1440);
#1439 = CARTESIAN_POINT('',(83.59999999227,0.));
#1440 = VECTOR('',#1441,1.);
#1441 = DIRECTION('',(0.,-1.));
#1442 = ( GEOMETRIC_REPRESENTATION_CONTEXT(2) 
PARAMETRIC_REPRESENTATION_CONTEXT() REPRESENTATION_CONTEXT('2D SPACE',''
  ) );
#1443 = PCURVE('',#412,#1444);
#1444 = DEFINITIONAL_REPRESENTATION('',(#1445),#1449);
#1445 = LINE('',#1446,#1447);
#1446 = CARTESIAN_POINT('',(1.570796326795,0.));
#1447 = VECTOR('',#1448,1.);
#1448 = DIRECTION('',(0.,-1.));
#1449 = ( GEOMETRIC_REPRESENTATION_CONTEXT(2) 
PARAMETRIC_REPRESENTATION_CONTEXT() REPRESENTATION_CONTEXT('2D SPACE',''
  ) );
#1450 = ORIENTED_EDGE('',*,*,#1451,.F.);
#1451 = EDGE_CURVE('',#722,#1429,#1452,.T.);
#1452 = SURFACE_CURVE('',#1453,(#1457,#1464),.PCURVE_S1.);
#1453 = LINE('',#1454,#1455);
#1454 = CARTESIAN_POINT('',(0.299999999999,107.7,-7.1));
#1455 = VECTOR('',#1456,1.);
#1456 = DIRECTION('',(1.,0.,0.));
#1457 = PCURVE('',#440,#1458);
#1458 = DEFINITIONAL_REPRESENTATION('',(#1459),#1463);
#1459 = LINE('',#1460,#1461);
#1460 = CARTESIAN_POINT('',(0.,-0.4));
#1461 = VECTOR('',#1462,1.);
#1462 = DIRECTION('',(1.,0.));
#1463 = ( GEOMETRIC_REPRESENTATION_CONTEXT(2) 
PARAMETRIC_REPRESENTATION_CONTEXT() REPRESENTATION_CONTEXT('2D SPACE',''
  ) );
#1464 = PCURVE('',#1360,#1465);
#1465 = DEFINITIONAL_REPRESENTATION('',(#1466),#1470);
#1466 = LINE('',#1467,#1468);
#1467 = CARTESIAN_POINT('',(-0.,-0.282842712475));
#1468 = VECTOR('',#1469,1.);
#1469 = DIRECTION('',(-1.,0.));
#1470 = ( GEOMETRIC_REPRESENTATION_CONTEXT(2) 
PARAMETRIC_REPRESENTATION_CONTEXT() REPRESENTATION_CONTEXT('2D SPACE',''
  ) );
#1471 = ADVANCED_FACE('',(#1472),#351,.T.);
#1472 = FACE_BOUND('',#1473,.T.);
#1473 = EDGE_LOOP('',(#1474,#1497,#1498,#1499));
#1474 = ORIENTED_EDGE('',*,*,#1475,.T.);
#1475 = EDGE_CURVE('',#1476,#331,#1478,.T.);
#1476 = VERTEX_POINT('',#1477);
#1477 = CARTESIAN_POINT('',(91.900000000001,0.3,-7.1));
#1478 = SURFACE_CURVE('',#1479,(#1483,#1490),.PCURVE_S1.);
#1479 = LINE('',#1480,#1481);
#1480 = CARTESIAN_POINT('',(91.899999996135,0.3,-7.5));
#1481 = VECTOR('',#1482,1.);
#1482 = DIRECTION('',(0.,0.,1.));
#1483 = PCURVE('',#351,#1484);
#1484 = DEFINITIONAL_REPRESENTATION('',(#1485),#1489);
#1485 = LINE('',#1486,#1487);
#1486 = CARTESIAN_POINT('',(3.14159265359,0.));
#1487 = VECTOR('',#1488,1.);
#1488 = DIRECTION('',(0.,-1.));
#1489 = ( GEOMETRIC_REPRESENTATION_CONTEXT(2) 
PARAMETRIC_REPRESENTATION_CONTEXT() REPRESENTATION_CONTEXT('2D SPACE',''
  ) );
#1490 = PCURVE('',#379,#1491);
#1491 = DEFINITIONAL_REPRESENTATION('',(#1492),#1496);
#1492 = LINE('',#1493,#1494);
#1493 = CARTESIAN_POINT('',(0.,0.));
#1494 = VECTOR('',#1495,1.);
#1495 = DIRECTION('',(0.,-1.));
#1496 = ( GEOMETRIC_REPRESENTATION_CONTEXT(2) 
PARAMETRIC_REPRESENTATION_CONTEXT() REPRESENTATION_CONTEXT('2D SPACE',''
  ) );
#1497 = ORIENTED_EDGE('',*,*,#330,.T.);
#1498 = ORIENTED_EDGE('',*,*,#771,.F.);
#1499 = ORIENTED_EDGE('',*,*,#1500,.F.);
#1500 = EDGE_CURVE('',#1476,#772,#1501,.T.);
#1501 = SURFACE_CURVE('',#1502,(#1507,#1514),.PCURVE_S1.);
#1502 = CIRCLE('',#1503,8.);
#1503 = AXIS2_PLACEMENT_3D('',#1504,#1505,#1506);
#1504 = CARTESIAN_POINT('',(83.899999992269,0.3,-7.1));
#1505 = DIRECTION('',(0.,-0.,-1.));
#1506 = DIRECTION('',(1.,0.,-0.));
#1507 = PCURVE('',#351,#1508);
#1508 = DEFINITIONAL_REPRESENTATION('',(#1509),#1513);
#1509 = LINE('',#1510,#1511);
#1510 = CARTESIAN_POINT('',(3.14159265359,-0.4));
#1511 = VECTOR('',#1512,1.);
#1512 = DIRECTION('',(1.,0.));
#1513 = ( GEOMETRIC_REPRESENTATION_CONTEXT(2) 
PARAMETRIC_REPRESENTATION_CONTEXT() REPRESENTATION_CONTEXT('2D SPACE',''
  ) );
#1514 = PCURVE('',#1271,#1515);
#1515 = DEFINITIONAL_REPRESENTATION('',(#1516),#1520);
#1516 = LINE('',#1517,#1518);
#1517 = CARTESIAN_POINT('',(-0.,-0.));
#1518 = VECTOR('',#1519,1.);
#1519 = DIRECTION('',(-1.,-0.));
#1520 = ( GEOMETRIC_REPRESENTATION_CONTEXT(2) 
PARAMETRIC_REPRESENTATION_CONTEXT() REPRESENTATION_CONTEXT('2D SPACE',''
  ) );
#1521 = ADVANCED_FACE('',(#1522),#412,.T.);
#1522 = FACE_BOUND('',#1523,.T.);
#1523 = EDGE_LOOP('',(#1524,#1525,#1526,#1549));
#1524 = ORIENTED_EDGE('',*,*,#1428,.T.);
#1525 = ORIENTED_EDGE('',*,*,#391,.T.);
#1526 = ORIENTED_EDGE('',*,*,#1527,.F.);
#1527 = EDGE_CURVE('',#1528,#364,#1530,.T.);
#1528 = VERTEX_POINT('',#1529);
#1529 = CARTESIAN_POINT('',(91.899999992269,99.7,-7.1));
#1530 = SURFACE_CURVE('',#1531,(#1535,#1542),.PCURVE_S1.);
#1531 = LINE('',#1532,#1533);
#1532 = CARTESIAN_POINT('',(91.899999996135,99.7,-7.5));
#1533 = VECTOR('',#1534,1.);
#1534 = DIRECTION('',(0.,0.,1.));
#1535 = PCURVE('',#412,#1536);
#1536 = DEFINITIONAL_REPRESENTATION('',(#1537),#1541);
#1537 = LINE('',#1538,#1539);
#1538 = CARTESIAN_POINT('',(3.14159265359,0.));
#1539 = VECTOR('',#1540,1.);
#1540 = DIRECTION('',(0.,-1.));
#1541 = ( GEOMETRIC_REPRESENTATION_CONTEXT(2) 
PARAMETRIC_REPRESENTATION_CONTEXT() REPRESENTATION_CONTEXT('2D SPACE',''
  ) );
#1542 = PCURVE('',#379,#1543);
#1543 = DEFINITIONAL_REPRESENTATION('',(#1544),#1548);
#1544 = LINE('',#1545,#1546);
#1545 = CARTESIAN_POINT('',(99.4,0.));
#1546 = VECTOR('',#1547,1.);
#1547 = DIRECTION('',(0.,-1.));
#1548 = ( GEOMETRIC_REPRESENTATION_CONTEXT(2) 
PARAMETRIC_REPRESENTATION_CONTEXT() REPRESENTATION_CONTEXT('2D SPACE',''
  ) );
#1549 = ORIENTED_EDGE('',*,*,#1550,.F.);
#1550 = EDGE_CURVE('',#1429,#1528,#1551,.T.);
#1551 = SURFACE_CURVE('',#1552,(#1557,#1564),.PCURVE_S1.);
#1552 = CIRCLE('',#1553,8.);
#1553 = AXIS2_PLACEMENT_3D('',#1554,#1555,#1556);
#1554 = CARTESIAN_POINT('',(83.899999992269,99.7,-7.1));
#1555 = DIRECTION('',(0.,-0.,-1.));
#1556 = DIRECTION('',(0.,1.,-0.));
#1557 = PCURVE('',#412,#1558);
#1558 = DEFINITIONAL_REPRESENTATION('',(#1559),#1563);
#1559 = LINE('',#1560,#1561);
#1560 = CARTESIAN_POINT('',(1.570796326795,-0.4));
#1561 = VECTOR('',#1562,1.);
#1562 = DIRECTION('',(1.,0.));
#1563 = ( GEOMETRIC_REPRESENTATION_CONTEXT(2) 
PARAMETRIC_REPRESENTATION_CONTEXT() REPRESENTATION_CONTEXT('2D SPACE',''
  ) );
#1564 = PCURVE('',#1332,#1565);
#1565 = DEFINITIONAL_REPRESENTATION('',(#1566),#1570);
#1566 = LINE('',#1567,#1568);
#1567 = CARTESIAN_POINT('',(-0.,-0.));
#1568 = VECTOR('',#1569,1.);
#1569 = DIRECTION('',(-1.,-0.));
#1570 = ( GEOMETRIC_REPRESENTATION_CONTEXT(2) 
PARAMETRIC_REPRESENTATION_CONTEXT() REPRESENTATION_CONTEXT('2D SPACE',''
  ) );
#1571 = ADVANCED_FACE('',(#1572),#379,.F.);
#1572 = FACE_BOUND('',#1573,.F.);
#1573 = EDGE_LOOP('',(#1574,#1575,#1576,#1577));
#1574 = ORIENTED_EDGE('',*,*,#1475,.T.);
#1575 = ORIENTED_EDGE('',*,*,#363,.T.);
#1576 = ORIENTED_EDGE('',*,*,#1527,.F.);
#1577 = ORIENTED_EDGE('',*,*,#1578,.T.);
#1578 = EDGE_CURVE('',#1528,#1476,#1579,.T.);
#1579 = SURFACE_CURVE('',#1580,(#1584,#1591),.PCURVE_S1.);
#1580 = LINE('',#1581,#1582);
#1581 = CARTESIAN_POINT('',(91.900000000001,99.7,-7.1));
#1582 = VECTOR('',#1583,1.);
#1583 = DIRECTION('',(-0.,-1.,-0.));
#1584 = PCURVE('',#379,#1585);
#1585 = DEFINITIONAL_REPRESENTATION('',(#1586),#1590);
#1586 = LINE('',#1587,#1588);
#1587 = CARTESIAN_POINT('',(99.4,-0.4));
#1588 = VECTOR('',#1589,1.);
#1589 = DIRECTION('',(-1.,0.));
#1590 = ( GEOMETRIC_REPRESENTATION_CONTEXT(2) 
PARAMETRIC_REPRESENTATION_CONTEXT() REPRESENTATION_CONTEXT('2D SPACE',''
  ) );
#1591 = PCURVE('',#1299,#1592);
#1592 = DEFINITIONAL_REPRESENTATION('',(#1593),#1597);
#1593 = LINE('',#1594,#1595);
#1594 = CARTESIAN_POINT('',(0.,-0.282842712475));
#1595 = VECTOR('',#1596,1.);
#1596 = DIRECTION('',(1.,0.));
#1597 = ( GEOMETRIC_REPRESENTATION_CONTEXT(2) 
PARAMETRIC_REPRESENTATION_CONTEXT() REPRESENTATION_CONTEXT('2D SPACE',''
  ) );
#1598 = ADVANCED_FACE('',(#1599),#497,.F.);
#1599 = FACE_BOUND('',#1600,.F.);
#1600 = EDGE_LOOP('',(#1601,#1631,#1652,#1653));
#1601 = ORIENTED_EDGE('',*,*,#1602,.F.);
#1602 = EDGE_CURVE('',#1603,#1605,#1607,.T.);
#1603 = VERTEX_POINT('',#1604);
#1604 = CARTESIAN_POINT('',(-0.4,5.3,3.4));
#1605 = VERTEX_POINT('',#1606);
#1606 = CARTESIAN_POINT('',(-0.4,94.7,3.4));
#1607 = SURFACE_CURVE('',#1608,(#1612,#1619),.PCURVE_S1.);
#1608 = LINE('',#1609,#1610);
#1609 = CARTESIAN_POINT('',(-0.399999999999,50.,3.4));
#1610 = VECTOR('',#1611,1.);
#1611 = DIRECTION('',(0.,1.,0.));
#1612 = PCURVE('',#497,#1613);
#1613 = DEFINITIONAL_REPRESENTATION('',(#1614),#1618);
#1614 = LINE('',#1615,#1616);
#1615 = CARTESIAN_POINT('',(44.7,0.));
#1616 = VECTOR('',#1617,1.);
#1617 = DIRECTION('',(1.,0.));
#1618 = ( GEOMETRIC_REPRESENTATION_CONTEXT(2) 
PARAMETRIC_REPRESENTATION_CONTEXT() REPRESENTATION_CONTEXT('2D SPACE',''
  ) );
#1619 = PCURVE('',#1620,#1625);
#1620 = PLANE('',#1621);
#1621 = AXIS2_PLACEMENT_3D('',#1622,#1623,#1624);
#1622 = CARTESIAN_POINT('',(42.099999998008,50.,3.4));
#1623 = DIRECTION('',(0.,0.,1.));
#1624 = DIRECTION('',(1.,0.,-0.));
#1625 = DEFINITIONAL_REPRESENTATION('',(#1626),#1630);
#1626 = LINE('',#1627,#1628);
#1627 = CARTESIAN_POINT('',(-42.499999998,0.));
#1628 = VECTOR('',#1629,1.);
#1629 = DIRECTION('',(0.,1.));
#1630 = ( GEOMETRIC_REPRESENTATION_CONTEXT(2) 
PARAMETRIC_REPRESENTATION_CONTEXT() REPRESENTATION_CONTEXT('2D SPACE',''
  ) );
#1631 = ORIENTED_EDGE('',*,*,#1632,.T.);
#1632 = EDGE_CURVE('',#1603,#483,#1633,.T.);
#1633 = SURFACE_CURVE('',#1634,(#1638,#1645),.PCURVE_S1.);
#1634 = LINE('',#1635,#1636);
#1635 = CARTESIAN_POINT('',(-0.4,5.3,3.4));
#1636 = VECTOR('',#1637,1.);
#1637 = DIRECTION('',(0.,0.,1.));
#1638 = PCURVE('',#497,#1639);
#1639 = DEFINITIONAL_REPRESENTATION('',(#1640),#1644);
#1640 = LINE('',#1641,#1642);
#1641 = CARTESIAN_POINT('',(0.,0.));
#1642 = VECTOR('',#1643,1.);
#1643 = DIRECTION('',(0.,-1.));
#1644 = ( GEOMETRIC_REPRESENTATION_CONTEXT(2) 
PARAMETRIC_REPRESENTATION_CONTEXT() REPRESENTATION_CONTEXT('2D SPACE',''
  ) );
#1645 = PCURVE('',#704,#1646);
#1646 = DEFINITIONAL_REPRESENTATION('',(#1647),#1651);
#1647 = LINE('',#1648,#1649);
#1648 = CARTESIAN_POINT('',(6.28318530718,0.));
#1649 = VECTOR('',#1650,1.);
#1650 = DIRECTION('',(0.,-1.));
#1651 = ( GEOMETRIC_REPRESENTATION_CONTEXT(2) 
PARAMETRIC_REPRESENTATION_CONTEXT() REPRESENTATION_CONTEXT('2D SPACE',''
  ) );
#1652 = ORIENTED_EDGE('',*,*,#480,.F.);
#1653 = ORIENTED_EDGE('',*,*,#1654,.F.);
#1654 = EDGE_CURVE('',#1605,#481,#1655,.T.);
#1655 = SURFACE_CURVE('',#1656,(#1660,#1667),.PCURVE_S1.);
#1656 = LINE('',#1657,#1658);
#1657 = CARTESIAN_POINT('',(-0.4,94.7,3.4));
#1658 = VECTOR('',#1659,1.);
#1659 = DIRECTION('',(0.,0.,1.));
#1660 = PCURVE('',#497,#1661);
#1661 = DEFINITIONAL_REPRESENTATION('',(#1662),#1666);
#1662 = LINE('',#1663,#1664);
#1663 = CARTESIAN_POINT('',(89.4,0.));
#1664 = VECTOR('',#1665,1.);
#1665 = DIRECTION('',(0.,-1.));
#1666 = ( GEOMETRIC_REPRESENTATION_CONTEXT(2) 
PARAMETRIC_REPRESENTATION_CONTEXT() REPRESENTATION_CONTEXT('2D SPACE',''
  ) );
#1667 = PCURVE('',#529,#1668);
#1668 = DEFINITIONAL_REPRESENTATION('',(#1669),#1673);
#1669 = LINE('',#1670,#1671);
#1670 = CARTESIAN_POINT('',(0.,0.));
#1671 = VECTOR('',#1672,1.);
#1672 = DIRECTION('',(0.,-1.));
#1673 = ( GEOMETRIC_REPRESENTATION_CONTEXT(2) 
PARAMETRIC_REPRESENTATION_CONTEXT() REPRESENTATION_CONTEXT('2D SPACE',''
  ) );
#1674 = ADVANCED_FACE('',(#1675),#704,.F.);
#1675 = FACE_BOUND('',#1676,.F.);
#1676 = EDGE_LOOP('',(#1677,#1705,#1726,#1727));
#1677 = ORIENTED_EDGE('',*,*,#1678,.F.);
#1678 = EDGE_CURVE('',#1679,#1603,#1681,.T.);
#1679 = VERTEX_POINT('',#1680);
#1680 = CARTESIAN_POINT('',(5.299999999999,-0.4,3.4));
#1681 = SURFACE_CURVE('',#1682,(#1687,#1694),.PCURVE_S1.);
#1682 = CIRCLE('',#1683,5.7);
#1683 = AXIS2_PLACEMENT_3D('',#1684,#1685,#1686);
#1684 = CARTESIAN_POINT('',(5.299999999999,5.3,3.4));
#1685 = DIRECTION('',(0.,-0.,-1.));
#1686 = DIRECTION('',(0.,-1.,0.));
#1687 = PCURVE('',#704,#1688);
#1688 = DEFINITIONAL_REPRESENTATION('',(#1689),#1693);
#1689 = LINE('',#1690,#1691);
#1690 = CARTESIAN_POINT('',(4.712388980385,0.));
#1691 = VECTOR('',#1692,1.);
#1692 = DIRECTION('',(1.,0.));
#1693 = ( GEOMETRIC_REPRESENTATION_CONTEXT(2) 
PARAMETRIC_REPRESENTATION_CONTEXT() REPRESENTATION_CONTEXT('2D SPACE',''
  ) );
#1694 = PCURVE('',#1620,#1695);
#1695 = DEFINITIONAL_REPRESENTATION('',(#1696),#1704);
#1696 = ( BOUNDED_CURVE() B_SPLINE_CURVE(2,(#1697,#1698,#1699,#1700,
#1701,#1702,#1703),.UNSPECIFIED.,.T.,.F.) B_SPLINE_CURVE_WITH_KNOTS((1,2
    ,2,2,2,1),(-2.094395102393,0.,2.094395102393,4.188790204786,
6.28318530718,8.377580409573),.UNSPECIFIED.) CURVE() 
GEOMETRIC_REPRESENTATION_ITEM() RATIONAL_B_SPLINE_CURVE((1.,0.5,1.,0.5,
1.,0.5,1.)) REPRESENTATION_ITEM('') );
#1697 = CARTESIAN_POINT('',(-36.799999998,-50.4));
#1698 = CARTESIAN_POINT('',(-46.67268960115,-50.4));
#1699 = CARTESIAN_POINT('',(-41.73634479958,-41.85));
#1700 = CARTESIAN_POINT('',(-36.799999998,-33.3));
#1701 = CARTESIAN_POINT('',(-31.86365519643,-41.85));
#1702 = CARTESIAN_POINT('',(-26.92731039486,-50.4));
#1703 = CARTESIAN_POINT('',(-36.799999998,-50.4));
#1704 = ( GEOMETRIC_REPRESENTATION_CONTEXT(2) 
PARAMETRIC_REPRESENTATION_CONTEXT() REPRESENTATION_CONTEXT('2D SPACE',''
  ) );
#1705 = ORIENTED_EDGE('',*,*,#1706,.T.);
#1706 = EDGE_CURVE('',#1679,#660,#1707,.T.);
#1707 = SURFACE_CURVE('',#1708,(#1712,#1719),.PCURVE_S1.);
#1708 = LINE('',#1709,#1710);
#1709 = CARTESIAN_POINT('',(5.299999999999,-0.4,3.4));
#1710 = VECTOR('',#1711,1.);
#1711 = DIRECTION('',(0.,0.,1.));
#1712 = PCURVE('',#704,#1713);
#1713 = DEFINITIONAL_REPRESENTATION('',(#1714),#1718);
#1714 = LINE('',#1715,#1716);
#1715 = CARTESIAN_POINT('',(4.712388980385,0.));
#1716 = VECTOR('',#1717,1.);
#1717 = DIRECTION('',(0.,-1.));
#1718 = ( GEOMETRIC_REPRESENTATION_CONTEXT(2) 
PARAMETRIC_REPRESENTATION_CONTEXT() REPRESENTATION_CONTEXT('2D SPACE',''
  ) );
#1719 = PCURVE('',#674,#1720);
#1720 = DEFINITIONAL_REPRESENTATION('',(#1721),#1725);
#1721 = LINE('',#1722,#1723);
#1722 = CARTESIAN_POINT('',(-1.42108547152E-14,0.));
#1723 = VECTOR('',#1724,1.);
#1724 = DIRECTION('',(0.,-1.));
#1725 = ( GEOMETRIC_REPRESENTATION_CONTEXT(2) 
PARAMETRIC_REPRESENTATION_CONTEXT() REPRESENTATION_CONTEXT('2D SPACE',''
  ) );
#1726 = ORIENTED_EDGE('',*,*,#685,.T.);
#1727 = ORIENTED_EDGE('',*,*,#1632,.F.);
#1728 = ADVANCED_FACE('',(#1729),#674,.T.);
#1729 = FACE_BOUND('',#1730,.T.);
#1730 = EDGE_LOOP('',(#1731,#1754,#1755,#1756));
#1731 = ORIENTED_EDGE('',*,*,#1732,.F.);
#1732 = EDGE_CURVE('',#1679,#1733,#1735,.T.);
#1733 = VERTEX_POINT('',#1734);
#1734 = CARTESIAN_POINT('',(78.899999992115,-0.4,3.4));
#1735 = SURFACE_CURVE('',#1736,(#1740,#1747),.PCURVE_S1.);
#1736 = LINE('',#1737,#1738);
#1737 = CARTESIAN_POINT('',(42.100000000001,-0.4,3.4));
#1738 = VECTOR('',#1739,1.);
#1739 = DIRECTION('',(1.,0.,0.));
#1740 = PCURVE('',#674,#1741);
#1741 = DEFINITIONAL_REPRESENTATION('',(#1742),#1746);
#1742 = LINE('',#1743,#1744);
#1743 = CARTESIAN_POINT('',(36.800000000002,0.));
#1744 = VECTOR('',#1745,1.);
#1745 = DIRECTION('',(1.,0.));
#1746 = ( GEOMETRIC_REPRESENTATION_CONTEXT(2) 
PARAMETRIC_REPRESENTATION_CONTEXT() REPRESENTATION_CONTEXT('2D SPACE',''
  ) );
#1747 = PCURVE('',#1620,#1748);
#1748 = DEFINITIONAL_REPRESENTATION('',(#1749),#1753);
#1749 = LINE('',#1750,#1751);
#1750 = CARTESIAN_POINT('',(1.992709997012E-09,-50.4));
#1751 = VECTOR('',#1752,1.);
#1752 = DIRECTION('',(1.,0.));
#1753 = ( GEOMETRIC_REPRESENTATION_CONTEXT(2) 
PARAMETRIC_REPRESENTATION_CONTEXT() REPRESENTATION_CONTEXT('2D SPACE',''
  ) );
#1754 = ORIENTED_EDGE('',*,*,#1706,.T.);
#1755 = ORIENTED_EDGE('',*,*,#659,.F.);
#1756 = ORIENTED_EDGE('',*,*,#1757,.F.);
#1757 = EDGE_CURVE('',#1733,#627,#1758,.T.);
#1758 = SURFACE_CURVE('',#1759,(#1763,#1770),.PCURVE_S1.);
#1759 = LINE('',#1760,#1761);
#1760 = CARTESIAN_POINT('',(78.899999992115,-0.4,3.4));
#1761 = VECTOR('',#1762,1.);
#1762 = DIRECTION('',(0.,0.,1.));
#1763 = PCURVE('',#674,#1764);
#1764 = DEFINITIONAL_REPRESENTATION('',(#1765),#1769);
#1765 = LINE('',#1766,#1767);
#1766 = CARTESIAN_POINT('',(73.599999992115,0.));
#1767 = VECTOR('',#1768,1.);
#1768 = DIRECTION('',(0.,-1.));
#1769 = ( GEOMETRIC_REPRESENTATION_CONTEXT(2) 
PARAMETRIC_REPRESENTATION_CONTEXT() REPRESENTATION_CONTEXT('2D SPACE',''
  ) );
#1770 = PCURVE('',#647,#1771);
#1771 = DEFINITIONAL_REPRESENTATION('',(#1772),#1776);
#1772 = LINE('',#1773,#1774);
#1773 = CARTESIAN_POINT('',(4.712388980385,0.));
#1774 = VECTOR('',#1775,1.);
#1775 = DIRECTION('',(0.,-1.));
#1776 = ( GEOMETRIC_REPRESENTATION_CONTEXT(2) 
PARAMETRIC_REPRESENTATION_CONTEXT() REPRESENTATION_CONTEXT('2D SPACE',''
  ) );
#1777 = ADVANCED_FACE('',(#1778),#647,.F.);
#1778 = FACE_BOUND('',#1779,.F.);
#1779 = EDGE_LOOP('',(#1780,#1808,#1829,#1830));
#1780 = ORIENTED_EDGE('',*,*,#1781,.F.);
#1781 = EDGE_CURVE('',#1782,#1733,#1784,.T.);
#1782 = VERTEX_POINT('',#1783);
#1783 = CARTESIAN_POINT('',(84.599999996058,5.3,3.4));
#1784 = SURFACE_CURVE('',#1785,(#1790,#1797),.PCURVE_S1.);
#1785 = CIRCLE('',#1786,5.7);
#1786 = AXIS2_PLACEMENT_3D('',#1787,#1788,#1789);
#1787 = CARTESIAN_POINT('',(78.899999992115,5.3,3.4));
#1788 = DIRECTION('',(0.,0.,-1.));
#1789 = DIRECTION('',(1.,0.,0.));
#1790 = PCURVE('',#647,#1791);
#1791 = DEFINITIONAL_REPRESENTATION('',(#1792),#1796);
#1792 = LINE('',#1793,#1794);
#1793 = CARTESIAN_POINT('',(3.14159265359,0.));
#1794 = VECTOR('',#1795,1.);
#1795 = DIRECTION('',(1.,0.));
#1796 = ( GEOMETRIC_REPRESENTATION_CONTEXT(2) 
PARAMETRIC_REPRESENTATION_CONTEXT() REPRESENTATION_CONTEXT('2D SPACE',''
  ) );
#1797 = PCURVE('',#1620,#1798);
#1798 = DEFINITIONAL_REPRESENTATION('',(#1799),#1807);
#1799 = ( BOUNDED_CURVE() B_SPLINE_CURVE(2,(#1800,#1801,#1802,#1803,
#1804,#1805,#1806),.UNSPECIFIED.,.T.,.F.) B_SPLINE_CURVE_WITH_KNOTS((1,2
    ,2,2,2,1),(-2.094395102393,0.,2.094395102393,4.188790204786,
6.28318530718,8.377580409573),.UNSPECIFIED.) CURVE() 
GEOMETRIC_REPRESENTATION_ITEM() RATIONAL_B_SPLINE_CURVE((1.,0.5,1.,0.5,
1.,0.5,1.)) REPRESENTATION_ITEM('') );
#1800 = CARTESIAN_POINT('',(42.499999994107,-44.7));
#1801 = CARTESIAN_POINT('',(42.499999994107,-54.57268960314));
#1802 = CARTESIAN_POINT('',(33.949999994107,-49.63634480157));
#1803 = CARTESIAN_POINT('',(25.399999994107,-44.7));
#1804 = CARTESIAN_POINT('',(33.949999994107,-39.76365519842));
#1805 = CARTESIAN_POINT('',(42.499999994107,-34.82731039685));
#1806 = CARTESIAN_POINT('',(42.499999994107,-44.7));
#1807 = ( GEOMETRIC_REPRESENTATION_CONTEXT(2) 
PARAMETRIC_REPRESENTATION_CONTEXT() REPRESENTATION_CONTEXT('2D SPACE',''
  ) );
#1808 = ORIENTED_EDGE('',*,*,#1809,.T.);
#1809 = EDGE_CURVE('',#1782,#601,#1810,.T.);
#1810 = SURFACE_CURVE('',#1811,(#1815,#1822),.PCURVE_S1.);
#1811 = LINE('',#1812,#1813);
#1812 = CARTESIAN_POINT('',(84.599999996058,5.3,3.4));
#1813 = VECTOR('',#1814,1.);
#1814 = DIRECTION('',(0.,0.,1.));
#1815 = PCURVE('',#647,#1816);
#1816 = DEFINITIONAL_REPRESENTATION('',(#1817),#1821);
#1817 = LINE('',#1818,#1819);
#1818 = CARTESIAN_POINT('',(3.14159265359,0.));
#1819 = VECTOR('',#1820,1.);
#1820 = DIRECTION('',(0.,-1.));
#1821 = ( GEOMETRIC_REPRESENTATION_CONTEXT(2) 
PARAMETRIC_REPRESENTATION_CONTEXT() REPRESENTATION_CONTEXT('2D SPACE',''
  ) );
#1822 = PCURVE('',#615,#1823);
#1823 = DEFINITIONAL_REPRESENTATION('',(#1824),#1828);
#1824 = LINE('',#1825,#1826);
#1825 = CARTESIAN_POINT('',(0.,0.));
#1826 = VECTOR('',#1827,1.);
#1827 = DIRECTION('',(0.,-1.));
#1828 = ( GEOMETRIC_REPRESENTATION_CONTEXT(2) 
PARAMETRIC_REPRESENTATION_CONTEXT() REPRESENTATION_CONTEXT('2D SPACE',''
  ) );
#1829 = ORIENTED_EDGE('',*,*,#626,.T.);
#1830 = ORIENTED_EDGE('',*,*,#1757,.F.);
#1831 = ADVANCED_FACE('',(#1832),#615,.T.);
#1832 = FACE_BOUND('',#1833,.T.);
#1833 = EDGE_LOOP('',(#1834,#1857,#1858,#1859));
#1834 = ORIENTED_EDGE('',*,*,#1835,.F.);
#1835 = EDGE_CURVE('',#1782,#1836,#1838,.T.);
#1836 = VERTEX_POINT('',#1837);
#1837 = CARTESIAN_POINT('',(84.599999996058,94.7,3.4));
#1838 = SURFACE_CURVE('',#1839,(#1843,#1850),.PCURVE_S1.);
#1839 = LINE('',#1840,#1841);
#1840 = CARTESIAN_POINT('',(84.600000000001,50.,3.4));
#1841 = VECTOR('',#1842,1.);
#1842 = DIRECTION('',(0.,1.,0.));
#1843 = PCURVE('',#615,#1844);
#1844 = DEFINITIONAL_REPRESENTATION('',(#1845),#1849);
#1845 = LINE('',#1846,#1847);
#1846 = CARTESIAN_POINT('',(44.7,0.));
#1847 = VECTOR('',#1848,1.);
#1848 = DIRECTION('',(1.,0.));
#1849 = ( GEOMETRIC_REPRESENTATION_CONTEXT(2) 
PARAMETRIC_REPRESENTATION_CONTEXT() REPRESENTATION_CONTEXT('2D SPACE',''
  ) );
#1850 = PCURVE('',#1620,#1851);
#1851 = DEFINITIONAL_REPRESENTATION('',(#1852),#1856);
#1852 = LINE('',#1853,#1854);
#1853 = CARTESIAN_POINT('',(42.500000001993,0.));
#1854 = VECTOR('',#1855,1.);
#1855 = DIRECTION('',(0.,1.));
#1856 = ( GEOMETRIC_REPRESENTATION_CONTEXT(2) 
PARAMETRIC_REPRESENTATION_CONTEXT() REPRESENTATION_CONTEXT('2D SPACE',''
  ) );
#1857 = ORIENTED_EDGE('',*,*,#1809,.T.);
#1858 = ORIENTED_EDGE('',*,*,#600,.F.);
#1859 = ORIENTED_EDGE('',*,*,#1860,.F.);
#1860 = EDGE_CURVE('',#1836,#568,#1861,.T.);
#1861 = SURFACE_CURVE('',#1862,(#1866,#1873),.PCURVE_S1.);
#1862 = LINE('',#1863,#1864);
#1863 = CARTESIAN_POINT('',(84.599999996058,94.7,3.4));
#1864 = VECTOR('',#1865,1.);
#1865 = DIRECTION('',(0.,0.,1.));
#1866 = PCURVE('',#615,#1867);
#1867 = DEFINITIONAL_REPRESENTATION('',(#1868),#1872);
#1868 = LINE('',#1869,#1870);
#1869 = CARTESIAN_POINT('',(89.4,0.));
#1870 = VECTOR('',#1871,1.);
#1871 = DIRECTION('',(0.,-1.));
#1872 = ( GEOMETRIC_REPRESENTATION_CONTEXT(2) 
PARAMETRIC_REPRESENTATION_CONTEXT() REPRESENTATION_CONTEXT('2D SPACE',''
  ) );
#1873 = PCURVE('',#588,#1874);
#1874 = DEFINITIONAL_REPRESENTATION('',(#1875),#1879);
#1875 = LINE('',#1876,#1877);
#1876 = CARTESIAN_POINT('',(3.14159265359,0.));
#1877 = VECTOR('',#1878,1.);
#1878 = DIRECTION('',(0.,-1.));
#1879 = ( GEOMETRIC_REPRESENTATION_CONTEXT(2) 
PARAMETRIC_REPRESENTATION_CONTEXT() REPRESENTATION_CONTEXT('2D SPACE',''
  ) );
#1880 = ADVANCED_FACE('',(#1881),#588,.F.);
#1881 = FACE_BOUND('',#1882,.F.);
#1882 = EDGE_LOOP('',(#1883,#1911,#1932,#1933));
#1883 = ORIENTED_EDGE('',*,*,#1884,.F.);
#1884 = EDGE_CURVE('',#1885,#1836,#1887,.T.);
#1885 = VERTEX_POINT('',#1886);
#1886 = CARTESIAN_POINT('',(78.899999992115,100.4,3.4));
#1887 = SURFACE_CURVE('',#1888,(#1893,#1900),.PCURVE_S1.);
#1888 = CIRCLE('',#1889,5.7);
#1889 = AXIS2_PLACEMENT_3D('',#1890,#1891,#1892);
#1890 = CARTESIAN_POINT('',(78.899999992115,94.7,3.4));
#1891 = DIRECTION('',(0.,0.,-1.));
#1892 = DIRECTION('',(0.,1.,0.));
#1893 = PCURVE('',#588,#1894);
#1894 = DEFINITIONAL_REPRESENTATION('',(#1895),#1899);
#1895 = LINE('',#1896,#1897);
#1896 = CARTESIAN_POINT('',(1.570796326795,0.));
#1897 = VECTOR('',#1898,1.);
#1898 = DIRECTION('',(1.,0.));
#1899 = ( GEOMETRIC_REPRESENTATION_CONTEXT(2) 
PARAMETRIC_REPRESENTATION_CONTEXT() REPRESENTATION_CONTEXT('2D SPACE',''
  ) );
#1900 = PCURVE('',#1620,#1901);
#1901 = DEFINITIONAL_REPRESENTATION('',(#1902),#1910);
#1902 = ( BOUNDED_CURVE() B_SPLINE_CURVE(2,(#1903,#1904,#1905,#1906,
#1907,#1908,#1909),.UNSPECIFIED.,.T.,.F.) B_SPLINE_CURVE_WITH_KNOTS((1,2
    ,2,2,2,1),(-2.094395102393,0.,2.094395102393,4.188790204786,
6.28318530718,8.377580409573),.UNSPECIFIED.) CURVE() 
GEOMETRIC_REPRESENTATION_ITEM() RATIONAL_B_SPLINE_CURVE((1.,0.5,1.,0.5,
1.,0.5,1.)) REPRESENTATION_ITEM('') );
#1903 = CARTESIAN_POINT('',(36.799999994107,50.4));
#1904 = CARTESIAN_POINT('',(46.672689597249,50.4));
#1905 = CARTESIAN_POINT('',(41.736344795678,41.85));
#1906 = CARTESIAN_POINT('',(36.799999994107,33.3));
#1907 = CARTESIAN_POINT('',(31.863655192535,41.85));
#1908 = CARTESIAN_POINT('',(26.927310390964,50.4));
#1909 = CARTESIAN_POINT('',(36.799999994107,50.4));
#1910 = ( GEOMETRIC_REPRESENTATION_CONTEXT(2) 
PARAMETRIC_REPRESENTATION_CONTEXT() REPRESENTATION_CONTEXT('2D SPACE',''
  ) );
#1911 = ORIENTED_EDGE('',*,*,#1912,.T.);
#1912 = EDGE_CURVE('',#1885,#542,#1913,.T.);
#1913 = SURFACE_CURVE('',#1914,(#1918,#1925),.PCURVE_S1.);
#1914 = LINE('',#1915,#1916);
#1915 = CARTESIAN_POINT('',(78.899999992115,100.4,3.4));
#1916 = VECTOR('',#1917,1.);
#1917 = DIRECTION('',(0.,0.,1.));
#1918 = PCURVE('',#588,#1919);
#1919 = DEFINITIONAL_REPRESENTATION('',(#1920),#1924);
#1920 = LINE('',#1921,#1922);
#1921 = CARTESIAN_POINT('',(1.570796326795,0.));
#1922 = VECTOR('',#1923,1.);
#1923 = DIRECTION('',(0.,-1.));
#1924 = ( GEOMETRIC_REPRESENTATION_CONTEXT(2) 
PARAMETRIC_REPRESENTATION_CONTEXT() REPRESENTATION_CONTEXT('2D SPACE',''
  ) );
#1925 = PCURVE('',#556,#1926);
#1926 = DEFINITIONAL_REPRESENTATION('',(#1927),#1931);
#1927 = LINE('',#1928,#1929);
#1928 = CARTESIAN_POINT('',(73.599999992115,0.));
#1929 = VECTOR('',#1930,1.);
#1930 = DIRECTION('',(0.,-1.));
#1931 = ( GEOMETRIC_REPRESENTATION_CONTEXT(2) 
PARAMETRIC_REPRESENTATION_CONTEXT() REPRESENTATION_CONTEXT('2D SPACE',''
  ) );
#1932 = ORIENTED_EDGE('',*,*,#567,.T.);
#1933 = ORIENTED_EDGE('',*,*,#1860,.F.);
#1934 = ADVANCED_FACE('',(#1935),#556,.F.);
#1935 = FACE_BOUND('',#1936,.F.);
#1936 = EDGE_LOOP('',(#1937,#1960,#1981,#1982));
#1937 = ORIENTED_EDGE('',*,*,#1938,.F.);
#1938 = EDGE_CURVE('',#1939,#1885,#1941,.T.);
#1939 = VERTEX_POINT('',#1940);
#1940 = CARTESIAN_POINT('',(5.299999999999,100.4,3.4));
#1941 = SURFACE_CURVE('',#1942,(#1946,#1953),.PCURVE_S1.);
#1942 = LINE('',#1943,#1944);
#1943 = CARTESIAN_POINT('',(42.100000000001,100.4,3.4));
#1944 = VECTOR('',#1945,1.);
#1945 = DIRECTION('',(1.,0.,0.));
#1946 = PCURVE('',#556,#1947);
#1947 = DEFINITIONAL_REPRESENTATION('',(#1948),#1952);
#1948 = LINE('',#1949,#1950);
#1949 = CARTESIAN_POINT('',(36.800000000002,0.));
#1950 = VECTOR('',#1951,1.);
#1951 = DIRECTION('',(1.,0.));
#1952 = ( GEOMETRIC_REPRESENTATION_CONTEXT(2) 
PARAMETRIC_REPRESENTATION_CONTEXT() REPRESENTATION_CONTEXT('2D SPACE',''
  ) );
#1953 = PCURVE('',#1620,#1954);
#1954 = DEFINITIONAL_REPRESENTATION('',(#1955),#1959);
#1955 = LINE('',#1956,#1957);
#1956 = CARTESIAN_POINT('',(1.992709997012E-09,50.4));
#1957 = VECTOR('',#1958,1.);
#1958 = DIRECTION('',(1.,0.));
#1959 = ( GEOMETRIC_REPRESENTATION_CONTEXT(2) 
PARAMETRIC_REPRESENTATION_CONTEXT() REPRESENTATION_CONTEXT('2D SPACE',''
  ) );
#1960 = ORIENTED_EDGE('',*,*,#1961,.T.);
#1961 = EDGE_CURVE('',#1939,#509,#1962,.T.);
#1962 = SURFACE_CURVE('',#1963,(#1967,#1974),.PCURVE_S1.);
#1963 = LINE('',#1964,#1965);
#1964 = CARTESIAN_POINT('',(5.299999999999,100.4,3.4));
#1965 = VECTOR('',#1966,1.);
#1966 = DIRECTION('',(0.,0.,1.));
#1967 = PCURVE('',#556,#1968);
#1968 = DEFINITIONAL_REPRESENTATION('',(#1969),#1973);
#1969 = LINE('',#1970,#1971);
#1970 = CARTESIAN_POINT('',(-1.42108547152E-14,0.));
#1971 = VECTOR('',#1972,1.);
#1972 = DIRECTION('',(0.,-1.));
#1973 = ( GEOMETRIC_REPRESENTATION_CONTEXT(2) 
PARAMETRIC_REPRESENTATION_CONTEXT() REPRESENTATION_CONTEXT('2D SPACE',''
  ) );
#1974 = PCURVE('',#529,#1975);
#1975 = DEFINITIONAL_REPRESENTATION('',(#1976),#1980);
#1976 = LINE('',#1977,#1978);
#1977 = CARTESIAN_POINT('',(1.570796326795,0.));
#1978 = VECTOR('',#1979,1.);
#1979 = DIRECTION('',(0.,-1.));
#1980 = ( GEOMETRIC_REPRESENTATION_CONTEXT(2) 
PARAMETRIC_REPRESENTATION_CONTEXT() REPRESENTATION_CONTEXT('2D SPACE',''
  ) );
#1981 = ORIENTED_EDGE('',*,*,#541,.F.);
#1982 = ORIENTED_EDGE('',*,*,#1912,.F.);
#1983 = ADVANCED_FACE('',(#1984),#529,.F.);
#1984 = FACE_BOUND('',#1985,.F.);
#1985 = EDGE_LOOP('',(#1986,#2012,#2013,#2014));
#1986 = ORIENTED_EDGE('',*,*,#1987,.F.);
#1987 = EDGE_CURVE('',#1605,#1939,#1988,.T.);
#1988 = SURFACE_CURVE('',#1989,(#1994,#2001),.PCURVE_S1.);
#1989 = CIRCLE('',#1990,5.7);
#1990 = AXIS2_PLACEMENT_3D('',#1991,#1992,#1993);
#1991 = CARTESIAN_POINT('',(5.299999999999,94.7,3.4));
#1992 = DIRECTION('',(0.,0.,-1.));
#1993 = DIRECTION('',(-1.,0.,0.));
#1994 = PCURVE('',#529,#1995);
#1995 = DEFINITIONAL_REPRESENTATION('',(#1996),#2000);
#1996 = LINE('',#1997,#1998);
#1997 = CARTESIAN_POINT('',(0.,0.));
#1998 = VECTOR('',#1999,1.);
#1999 = DIRECTION('',(1.,0.));
#2000 = ( GEOMETRIC_REPRESENTATION_CONTEXT(2) 
PARAMETRIC_REPRESENTATION_CONTEXT() REPRESENTATION_CONTEXT('2D SPACE',''
  ) );
#2001 = PCURVE('',#1620,#2002);
#2002 = DEFINITIONAL_REPRESENTATION('',(#2003),#2011);
#2003 = ( BOUNDED_CURVE() B_SPLINE_CURVE(2,(#2004,#2005,#2006,#2007,
#2008,#2009,#2010),.UNSPECIFIED.,.T.,.F.) B_SPLINE_CURVE_WITH_KNOTS((1,2
    ,2,2,2,1),(-2.094395102393,0.,2.094395102393,4.188790204786,
6.28318530718,8.377580409573),.UNSPECIFIED.) CURVE() 
GEOMETRIC_REPRESENTATION_ITEM() RATIONAL_B_SPLINE_CURVE((1.,0.5,1.,0.5,
1.,0.5,1.)) REPRESENTATION_ITEM('') );
#2004 = CARTESIAN_POINT('',(-42.499999998,44.7));
#2005 = CARTESIAN_POINT('',(-42.499999998,54.572689603143));
#2006 = CARTESIAN_POINT('',(-33.949999998,49.636344801571));
#2007 = CARTESIAN_POINT('',(-25.399999998,44.7));
#2008 = CARTESIAN_POINT('',(-33.949999998,39.763655198429));
#2009 = CARTESIAN_POINT('',(-42.499999998,34.827310396857));
#2010 = CARTESIAN_POINT('',(-42.499999998,44.7));
#2011 = ( GEOMETRIC_REPRESENTATION_CONTEXT(2) 
PARAMETRIC_REPRESENTATION_CONTEXT() REPRESENTATION_CONTEXT('2D SPACE',''
  ) );
#2012 = ORIENTED_EDGE('',*,*,#1654,.T.);
#2013 = ORIENTED_EDGE('',*,*,#508,.T.);
#2014 = ORIENTED_EDGE('',*,*,#1961,.F.);
#2015 = ADVANCED_FACE('',(#2016),#808,.T.);
#2016 = FACE_BOUND('',#2017,.T.);
#2017 = EDGE_LOOP('',(#2018,#2037,#2038,#2039));
#2018 = ORIENTED_EDGE('',*,*,#2019,.F.);
#2019 = EDGE_CURVE('',#772,#1228,#2020,.T.);
#2020 = SURFACE_CURVE('',#2021,(#2025,#2031),.PCURVE_S1.);
#2021 = LINE('',#2022,#2023);
#2022 = CARTESIAN_POINT('',(83.899999992269,-7.7,-7.1));
#2023 = VECTOR('',#2024,1.);
#2024 = DIRECTION('',(-4.329780281177E-17,0.707106781187,-0.707106781187
    ));
#2025 = PCURVE('',#808,#2026);
#2026 = DEFINITIONAL_REPRESENTATION('',(#2027),#2030);
#2027 = B_SPLINE_CURVE_WITH_KNOTS('',1,(#2028,#2029),.UNSPECIFIED.,.F.,
  .F.,(2,2),(0.,0.565685424949),.PIECEWISE_BEZIER_KNOTS.);
#2028 = CARTESIAN_POINT('',(0.,-0.282842712475));
#2029 = CARTESIAN_POINT('',(0.,0.282842712475));
#2030 = ( GEOMETRIC_REPRESENTATION_CONTEXT(2) 
PARAMETRIC_REPRESENTATION_CONTEXT() REPRESENTATION_CONTEXT('2D SPACE',''
  ) );
#2031 = PCURVE('',#1271,#2032);
#2032 = DEFINITIONAL_REPRESENTATION('',(#2033),#2036);
#2033 = B_SPLINE_CURVE_WITH_KNOTS('',1,(#2034,#2035),.UNSPECIFIED.,.F.,
  .F.,(2,2),(0.,0.565685424949),.PIECEWISE_BEZIER_KNOTS.);
#2034 = CARTESIAN_POINT('',(-1.570796326795,0.));
#2035 = CARTESIAN_POINT('',(-1.570796326795,-0.4));
#2036 = ( GEOMETRIC_REPRESENTATION_CONTEXT(2) 
PARAMETRIC_REPRESENTATION_CONTEXT() REPRESENTATION_CONTEXT('2D SPACE',''
  ) );
#2037 = ORIENTED_EDGE('',*,*,#794,.T.);
#2038 = ORIENTED_EDGE('',*,*,#935,.T.);
#2039 = ORIENTED_EDGE('',*,*,#1227,.F.);
#2040 = ADVANCED_FACE('',(#2041),#840,.F.);
#2041 = FACE_BOUND('',#2042,.F.);
#2042 = EDGE_LOOP('',(#2043,#2044,#2066,#2093));
#2043 = ORIENTED_EDGE('',*,*,#822,.T.);
#2044 = ORIENTED_EDGE('',*,*,#2045,.T.);
#2045 = EDGE_CURVE('',#825,#2046,#2048,.T.);
#2046 = VERTEX_POINT('',#2047);
#2047 = CARTESIAN_POINT('',(48.6,-6.7,0.3));
#2048 = SURFACE_CURVE('',#2049,(#2052,#2059),.PCURVE_S1.);
#2049 = B_SPLINE_CURVE_WITH_KNOTS('',1,(#2050,#2051),.UNSPECIFIED.,.F.,
  .F.,(2,2),(0.,1.),.PIECEWISE_BEZIER_KNOTS.);
#2050 = CARTESIAN_POINT('',(49.6,-7.7,1.3));
#2051 = CARTESIAN_POINT('',(48.6,-6.7,0.3));
#2052 = PCURVE('',#840,#2053);
#2053 = DEFINITIONAL_REPRESENTATION('',(#2054),#2058);
#2054 = LINE('',#2055,#2056);
#2055 = CARTESIAN_POINT('',(7.5,0.));
#2056 = VECTOR('',#2057,1.);
#2057 = DIRECTION('',(0.,1.));
#2058 = ( GEOMETRIC_REPRESENTATION_CONTEXT(2) 
PARAMETRIC_REPRESENTATION_CONTEXT() REPRESENTATION_CONTEXT('2D SPACE',''
  ) );
#2059 = PCURVE('',#920,#2060);
#2060 = DEFINITIONAL_REPRESENTATION('',(#2061),#2065);
#2061 = LINE('',#2062,#2063);
#2062 = CARTESIAN_POINT('',(-4.,0.));
#2063 = VECTOR('',#2064,1.);
#2064 = DIRECTION('',(0.,1.));
#2065 = ( GEOMETRIC_REPRESENTATION_CONTEXT(2) 
PARAMETRIC_REPRESENTATION_CONTEXT() REPRESENTATION_CONTEXT('2D SPACE',''
  ) );
#2066 = ORIENTED_EDGE('',*,*,#2067,.F.);
#2067 = EDGE_CURVE('',#2068,#2046,#2070,.T.);
#2068 = VERTEX_POINT('',#2069);
#2069 = CARTESIAN_POINT('',(35.6,-6.7,0.3));
#2070 = SURFACE_CURVE('',#2071,(#2075,#2081),.PCURVE_S1.);
#2071 = LINE('',#2072,#2073);
#2072 = CARTESIAN_POINT('',(42.1,-6.7,0.3));
#2073 = VECTOR('',#2074,1.);
#2074 = DIRECTION('',(1.,0.,0.));
#2075 = PCURVE('',#840,#2076);
#2076 = DEFINITIONAL_REPRESENTATION('',(#2077),#2080);
#2077 = B_SPLINE_CURVE_WITH_KNOTS('',1,(#2078,#2079),.UNSPECIFIED.,.F.,
  .F.,(2,2),(-6.5,6.5),.PIECEWISE_BEZIER_KNOTS.);
#2078 = CARTESIAN_POINT('',(-7.5,1.));
#2079 = CARTESIAN_POINT('',(7.5,1.));
#2080 = ( GEOMETRIC_REPRESENTATION_CONTEXT(2) 
PARAMETRIC_REPRESENTATION_CONTEXT() REPRESENTATION_CONTEXT('2D SPACE',''
  ) );
#2081 = PCURVE('',#2082,#2087);
#2082 = PLANE('',#2083);
#2083 = AXIS2_PLACEMENT_3D('',#2084,#2085,#2086);
#2084 = CARTESIAN_POINT('',(35.6,-6.7,0.3));
#2085 = DIRECTION('',(0.,0.,1.));
#2086 = DIRECTION('',(1.,0.,-0.));
#2087 = DEFINITIONAL_REPRESENTATION('',(#2088),#2092);
#2088 = LINE('',#2089,#2090);
#2089 = CARTESIAN_POINT('',(6.5,0.));
#2090 = VECTOR('',#2091,1.);
#2091 = DIRECTION('',(1.,0.));
#2092 = ( GEOMETRIC_REPRESENTATION_CONTEXT(2) 
PARAMETRIC_REPRESENTATION_CONTEXT() REPRESENTATION_CONTEXT('2D SPACE',''
  ) );
#2093 = ORIENTED_EDGE('',*,*,#2094,.F.);
#2094 = EDGE_CURVE('',#823,#2068,#2095,.T.);
#2095 = SURFACE_CURVE('',#2096,(#2099,#2106),.PCURVE_S1.);
#2096 = B_SPLINE_CURVE_WITH_KNOTS('',1,(#2097,#2098),.UNSPECIFIED.,.F.,
  .F.,(2,2),(0.,1.),.PIECEWISE_BEZIER_KNOTS.);
#2097 = CARTESIAN_POINT('',(34.6,-7.7,1.3));
#2098 = CARTESIAN_POINT('',(35.6,-6.7,0.3));
#2099 = PCURVE('',#840,#2100);
#2100 = DEFINITIONAL_REPRESENTATION('',(#2101),#2105);
#2101 = LINE('',#2102,#2103);
#2102 = CARTESIAN_POINT('',(-7.5,0.));
#2103 = VECTOR('',#2104,1.);
#2104 = DIRECTION('',(0.,1.));
#2105 = ( GEOMETRIC_REPRESENTATION_CONTEXT(2) 
PARAMETRIC_REPRESENTATION_CONTEXT() REPRESENTATION_CONTEXT('2D SPACE',''
  ) );
#2106 = PCURVE('',#868,#2107);
#2107 = DEFINITIONAL_REPRESENTATION('',(#2108),#2112);
#2108 = LINE('',#2109,#2110);
#2109 = CARTESIAN_POINT('',(4.,0.));
#2110 = VECTOR('',#2111,1.);
#2111 = DIRECTION('',(0.,1.));
#2112 = ( GEOMETRIC_REPRESENTATION_CONTEXT(2) 
PARAMETRIC_REPRESENTATION_CONTEXT() REPRESENTATION_CONTEXT('2D SPACE',''
  ) );
#2113 = ADVANCED_FACE('',(#2114),#920,.F.);
#2114 = FACE_BOUND('',#2115,.F.);
#2115 = EDGE_LOOP('',(#2116,#2117,#2138,#2163));
#2116 = ORIENTED_EDGE('',*,*,#906,.T.);
#2117 = ORIENTED_EDGE('',*,*,#2118,.T.);
#2118 = EDGE_CURVE('',#881,#2119,#2121,.T.);
#2119 = VERTEX_POINT('',#2120);
#2120 = CARTESIAN_POINT('',(48.6,-6.7,-6.7));
#2121 = SURFACE_CURVE('',#2122,(#2125,#2132),.PCURVE_S1.);
#2122 = B_SPLINE_CURVE_WITH_KNOTS('',1,(#2123,#2124),.UNSPECIFIED.,.F.,
  .F.,(2,2),(0.,1.),.PIECEWISE_BEZIER_KNOTS.);
#2123 = CARTESIAN_POINT('',(49.6,-7.7,-6.7));
#2124 = CARTESIAN_POINT('',(48.6,-6.7,-6.7));
#2125 = PCURVE('',#920,#2126);
#2126 = DEFINITIONAL_REPRESENTATION('',(#2127),#2131);
#2127 = LINE('',#2128,#2129);
#2128 = CARTESIAN_POINT('',(4.,0.));
#2129 = VECTOR('',#2130,1.);
#2130 = DIRECTION('',(0.,1.));
#2131 = ( GEOMETRIC_REPRESENTATION_CONTEXT(2) 
PARAMETRIC_REPRESENTATION_CONTEXT() REPRESENTATION_CONTEXT('2D SPACE',''
  ) );
#2132 = PCURVE('',#895,#2133);
#2133 = DEFINITIONAL_REPRESENTATION('',(#2134),#2137);
#2134 = B_SPLINE_CURVE_WITH_KNOTS('',1,(#2135,#2136),.UNSPECIFIED.,.F.,
  .F.,(2,2),(0.,1.),.PIECEWISE_BEZIER_KNOTS.);
#2135 = CARTESIAN_POINT('',(-7.5,-0.5));
#2136 = CARTESIAN_POINT('',(-6.5,0.5));
#2137 = ( GEOMETRIC_REPRESENTATION_CONTEXT(2) 
PARAMETRIC_REPRESENTATION_CONTEXT() REPRESENTATION_CONTEXT('2D SPACE',''
  ) );
#2138 = ORIENTED_EDGE('',*,*,#2139,.F.);
#2139 = EDGE_CURVE('',#2046,#2119,#2140,.T.);
#2140 = SURFACE_CURVE('',#2141,(#2145,#2151),.PCURVE_S1.);
#2141 = LINE('',#2142,#2143);
#2142 = CARTESIAN_POINT('',(48.6,-6.7,-3.2));
#2143 = VECTOR('',#2144,1.);
#2144 = DIRECTION('',(0.,0.,-1.));
#2145 = PCURVE('',#920,#2146);
#2146 = DEFINITIONAL_REPRESENTATION('',(#2147),#2150);
#2147 = B_SPLINE_CURVE_WITH_KNOTS('',1,(#2148,#2149),.UNSPECIFIED.,.F.,
  .F.,(2,2),(-3.5,3.5),.PIECEWISE_BEZIER_KNOTS.);
#2148 = CARTESIAN_POINT('',(-4.,1.));
#2149 = CARTESIAN_POINT('',(4.,1.));
#2150 = ( GEOMETRIC_REPRESENTATION_CONTEXT(2) 
PARAMETRIC_REPRESENTATION_CONTEXT() REPRESENTATION_CONTEXT('2D SPACE',''
  ) );
#2151 = PCURVE('',#2152,#2157);
#2152 = PLANE('',#2153);
#2153 = AXIS2_PLACEMENT_3D('',#2154,#2155,#2156);
#2154 = CARTESIAN_POINT('',(48.6,-6.7,-6.7));
#2155 = DIRECTION('',(1.,0.,-0.));
#2156 = DIRECTION('',(0.,0.,1.));
#2157 = DEFINITIONAL_REPRESENTATION('',(#2158),#2162);
#2158 = LINE('',#2159,#2160);
#2159 = CARTESIAN_POINT('',(3.5,0.));
#2160 = VECTOR('',#2161,1.);
#2161 = DIRECTION('',(-1.,0.));
#2162 = ( GEOMETRIC_REPRESENTATION_CONTEXT(2) 
PARAMETRIC_REPRESENTATION_CONTEXT() REPRESENTATION_CONTEXT('2D SPACE',''
  ) );
#2163 = ORIENTED_EDGE('',*,*,#2045,.F.);
#2164 = ADVANCED_FACE('',(#2165),#895,.F.);
#2165 = FACE_BOUND('',#2166,.F.);
#2166 = EDGE_LOOP('',(#2167,#2168,#2189,#2217,#2245,#2266));
#2167 = ORIENTED_EDGE('',*,*,#880,.T.);
#2168 = ORIENTED_EDGE('',*,*,#2169,.T.);
#2169 = EDGE_CURVE('',#853,#2170,#2172,.T.);
#2170 = VERTEX_POINT('',#2171);
#2171 = CARTESIAN_POINT('',(35.6,-6.7,-6.7));
#2172 = SURFACE_CURVE('',#2173,(#2176,#2182),.PCURVE_S1.);
#2173 = B_SPLINE_CURVE_WITH_KNOTS('',1,(#2174,#2175),.UNSPECIFIED.,.F.,
  .F.,(2,2),(0.,1.),.PIECEWISE_BEZIER_KNOTS.);
#2174 = CARTESIAN_POINT('',(34.6,-7.7,-6.7));
#2175 = CARTESIAN_POINT('',(35.6,-6.7,-6.7));
#2176 = PCURVE('',#895,#2177);
#2177 = DEFINITIONAL_REPRESENTATION('',(#2178),#2181);
#2178 = B_SPLINE_CURVE_WITH_KNOTS('',1,(#2179,#2180),.UNSPECIFIED.,.F.,
  .F.,(2,2),(0.,1.),.PIECEWISE_BEZIER_KNOTS.);
#2179 = CARTESIAN_POINT('',(7.5,-0.5));
#2180 = CARTESIAN_POINT('',(6.5,0.5));
#2181 = ( GEOMETRIC_REPRESENTATION_CONTEXT(2) 
PARAMETRIC_REPRESENTATION_CONTEXT() REPRESENTATION_CONTEXT('2D SPACE',''
  ) );
#2182 = PCURVE('',#868,#2183);
#2183 = DEFINITIONAL_REPRESENTATION('',(#2184),#2188);
#2184 = LINE('',#2185,#2186);
#2185 = CARTESIAN_POINT('',(-4.,0.));
#2186 = VECTOR('',#2187,1.);
#2187 = DIRECTION('',(0.,1.));
#2188 = ( GEOMETRIC_REPRESENTATION_CONTEXT(2) 
PARAMETRIC_REPRESENTATION_CONTEXT() REPRESENTATION_CONTEXT('2D SPACE',''
  ) );
#2189 = ORIENTED_EDGE('',*,*,#2190,.T.);
#2190 = EDGE_CURVE('',#2170,#2191,#2193,.T.);
#2191 = VERTEX_POINT('',#2192);
#2192 = CARTESIAN_POINT('',(35.6,-2.7,-6.7));
#2193 = SURFACE_CURVE('',#2194,(#2198,#2205),.PCURVE_S1.);
#2194 = LINE('',#2195,#2196);
#2195 = CARTESIAN_POINT('',(35.6,-6.7,-6.7));
#2196 = VECTOR('',#2197,1.);
#2197 = DIRECTION('',(-0.,1.,0.));
#2198 = PCURVE('',#895,#2199);
#2199 = DEFINITIONAL_REPRESENTATION('',(#2200),#2204);
#2200 = LINE('',#2201,#2202);
#2201 = CARTESIAN_POINT('',(6.5,0.5));
#2202 = VECTOR('',#2203,1.);
#2203 = DIRECTION('',(8.452259168839E-18,1.));
#2204 = ( GEOMETRIC_REPRESENTATION_CONTEXT(2) 
PARAMETRIC_REPRESENTATION_CONTEXT() REPRESENTATION_CONTEXT('2D SPACE',''
  ) );
#2205 = PCURVE('',#2206,#2211);
#2206 = PLANE('',#2207);
#2207 = AXIS2_PLACEMENT_3D('',#2208,#2209,#2210);
#2208 = CARTESIAN_POINT('',(35.6,-6.7,-6.7));
#2209 = DIRECTION('',(1.,0.,-0.));
#2210 = DIRECTION('',(0.,0.,1.));
#2211 = DEFINITIONAL_REPRESENTATION('',(#2212),#2216);
#2212 = LINE('',#2213,#2214);
#2213 = CARTESIAN_POINT('',(0.,0.));
#2214 = VECTOR('',#2215,1.);
#2215 = DIRECTION('',(0.,-1.));
#2216 = ( GEOMETRIC_REPRESENTATION_CONTEXT(2) 
PARAMETRIC_REPRESENTATION_CONTEXT() REPRESENTATION_CONTEXT('2D SPACE',''
  ) );
#2217 = ORIENTED_EDGE('',*,*,#2218,.T.);
#2218 = EDGE_CURVE('',#2191,#2219,#2221,.T.);
#2219 = VERTEX_POINT('',#2220);
#2220 = CARTESIAN_POINT('',(48.6,-2.7,-6.7));
#2221 = SURFACE_CURVE('',#2222,(#2226,#2233),.PCURVE_S1.);
#2222 = LINE('',#2223,#2224);
#2223 = CARTESIAN_POINT('',(35.6,-2.7,-6.7));
#2224 = VECTOR('',#2225,1.);
#2225 = DIRECTION('',(1.,0.,-0.));
#2226 = PCURVE('',#895,#2227);
#2227 = DEFINITIONAL_REPRESENTATION('',(#2228),#2232);
#2228 = LINE('',#2229,#2230);
#2229 = CARTESIAN_POINT('',(6.5,4.5));
#2230 = VECTOR('',#2231,1.);
#2231 = DIRECTION('',(-1.,8.452259168839E-18));
#2232 = ( GEOMETRIC_REPRESENTATION_CONTEXT(2) 
PARAMETRIC_REPRESENTATION_CONTEXT() REPRESENTATION_CONTEXT('2D SPACE',''
  ) );
#2233 = PCURVE('',#2234,#2239);
#2234 = PLANE('',#2235);
#2235 = AXIS2_PLACEMENT_3D('',#2236,#2237,#2238);
#2236 = CARTESIAN_POINT('',(35.6,-2.7,-6.7));
#2237 = DIRECTION('',(-0.,1.,0.));
#2238 = DIRECTION('',(0.,0.,1.));
#2239 = DEFINITIONAL_REPRESENTATION('',(#2240),#2244);
#2240 = LINE('',#2241,#2242);
#2241 = CARTESIAN_POINT('',(0.,0.));
#2242 = VECTOR('',#2243,1.);
#2243 = DIRECTION('',(0.,1.));
#2244 = ( GEOMETRIC_REPRESENTATION_CONTEXT(2) 
PARAMETRIC_REPRESENTATION_CONTEXT() REPRESENTATION_CONTEXT('2D SPACE',''
  ) );
#2245 = ORIENTED_EDGE('',*,*,#2246,.F.);
#2246 = EDGE_CURVE('',#2119,#2219,#2247,.T.);
#2247 = SURFACE_CURVE('',#2248,(#2252,#2259),.PCURVE_S1.);
#2248 = LINE('',#2249,#2250);
#2249 = CARTESIAN_POINT('',(48.6,-6.7,-6.7));
#2250 = VECTOR('',#2251,1.);
#2251 = DIRECTION('',(-0.,1.,0.));
#2252 = PCURVE('',#895,#2253);
#2253 = DEFINITIONAL_REPRESENTATION('',(#2254),#2258);
#2254 = LINE('',#2255,#2256);
#2255 = CARTESIAN_POINT('',(-6.5,0.5));
#2256 = VECTOR('',#2257,1.);
#2257 = DIRECTION('',(8.452259168839E-18,1.));
#2258 = ( GEOMETRIC_REPRESENTATION_CONTEXT(2) 
PARAMETRIC_REPRESENTATION_CONTEXT() REPRESENTATION_CONTEXT('2D SPACE',''
  ) );
#2259 = PCURVE('',#2152,#2260);
#2260 = DEFINITIONAL_REPRESENTATION('',(#2261),#2265);
#2261 = LINE('',#2262,#2263);
#2262 = CARTESIAN_POINT('',(0.,0.));
#2263 = VECTOR('',#2264,1.);
#2264 = DIRECTION('',(0.,-1.));
#2265 = ( GEOMETRIC_REPRESENTATION_CONTEXT(2) 
PARAMETRIC_REPRESENTATION_CONTEXT() REPRESENTATION_CONTEXT('2D SPACE',''
  ) );
#2266 = ORIENTED_EDGE('',*,*,#2118,.F.);
#2267 = ADVANCED_FACE('',(#2268),#868,.F.);
#2268 = FACE_BOUND('',#2269,.F.);
#2269 = EDGE_LOOP('',(#2270,#2271,#2272,#2292));
#2270 = ORIENTED_EDGE('',*,*,#852,.F.);
#2271 = ORIENTED_EDGE('',*,*,#2094,.T.);
#2272 = ORIENTED_EDGE('',*,*,#2273,.T.);
#2273 = EDGE_CURVE('',#2068,#2170,#2274,.T.);
#2274 = SURFACE_CURVE('',#2275,(#2279,#2285),.PCURVE_S1.);
#2275 = LINE('',#2276,#2277);
#2276 = CARTESIAN_POINT('',(35.6,-6.7,-3.2));
#2277 = VECTOR('',#2278,1.);
#2278 = DIRECTION('',(0.,0.,-1.));
#2279 = PCURVE('',#868,#2280);
#2280 = DEFINITIONAL_REPRESENTATION('',(#2281),#2284);
#2281 = B_SPLINE_CURVE_WITH_KNOTS('',1,(#2282,#2283),.UNSPECIFIED.,.F.,
  .F.,(2,2),(-3.5,3.5),.PIECEWISE_BEZIER_KNOTS.);
#2282 = CARTESIAN_POINT('',(4.,1.));
#2283 = CARTESIAN_POINT('',(-4.,1.));
#2284 = ( GEOMETRIC_REPRESENTATION_CONTEXT(2) 
PARAMETRIC_REPRESENTATION_CONTEXT() REPRESENTATION_CONTEXT('2D SPACE',''
  ) );
#2285 = PCURVE('',#2206,#2286);
#2286 = DEFINITIONAL_REPRESENTATION('',(#2287),#2291);
#2287 = LINE('',#2288,#2289);
#2288 = CARTESIAN_POINT('',(3.5,0.));
#2289 = VECTOR('',#2290,1.);
#2290 = DIRECTION('',(-1.,0.));
#2291 = ( GEOMETRIC_REPRESENTATION_CONTEXT(2) 
PARAMETRIC_REPRESENTATION_CONTEXT() REPRESENTATION_CONTEXT('2D SPACE',''
  ) );
#2292 = ORIENTED_EDGE('',*,*,#2169,.F.);
#2293 = ADVANCED_FACE('',(#2294),#1010,.F.);
#2294 = FACE_BOUND('',#2295,.T.);
#2295 = EDGE_LOOP('',(#2296,#2324,#2357,#2383,#2412,#2438,#2471,#2497,
    #2526,#2527));
#2296 = ORIENTED_EDGE('',*,*,#2297,.F.);
#2297 = EDGE_CURVE('',#2298,#2300,#2302,.T.);
#2298 = VERTEX_POINT('',#2299);
#2299 = CARTESIAN_POINT('',(6.7,100.3,0.3));
#2300 = VERTEX_POINT('',#2301);
#2301 = CARTESIAN_POINT('',(6.7,100.3,-7.1));
#2302 = SURFACE_CURVE('',#2303,(#2307,#2313),.PCURVE_S1.);
#2303 = LINE('',#2304,#2305);
#2304 = CARTESIAN_POINT('',(6.7,100.3,-8.5));
#2305 = VECTOR('',#2306,1.);
#2306 = DIRECTION('',(-0.,-0.,-1.));
#2307 = PCURVE('',#1010,#2308);
#2308 = DEFINITIONAL_REPRESENTATION('',(#2309),#2312);
#2309 = B_SPLINE_CURVE_WITH_KNOTS('',1,(#2310,#2311),.UNSPECIFIED.,.F.,
  .F.,(2,2),(-9.58,-0.22),.PIECEWISE_BEZIER_KNOTS.);
#2310 = CARTESIAN_POINT('',(-0.927295218002,-9.58));
#2311 = CARTESIAN_POINT('',(-0.927295218002,-0.22));
#2312 = ( GEOMETRIC_REPRESENTATION_CONTEXT(2) 
PARAMETRIC_REPRESENTATION_CONTEXT() REPRESENTATION_CONTEXT('2D SPACE',''
  ) );
#2313 = PCURVE('',#2314,#2319);
#2314 = PLANE('',#2315);
#2315 = AXIS2_PLACEMENT_3D('',#2316,#2317,#2318);
#2316 = CARTESIAN_POINT('',(5.299999999999,100.3,-8.5));
#2317 = DIRECTION('',(0.,1.,0.));
#2318 = DIRECTION('',(1.,0.,0.));
#2319 = DEFINITIONAL_REPRESENTATION('',(#2320),#2323);
#2320 = B_SPLINE_CURVE_WITH_KNOTS('',1,(#2321,#2322),.UNSPECIFIED.,.F.,
  .F.,(2,2),(-9.58,-0.22),.PIECEWISE_BEZIER_KNOTS.);
#2321 = CARTESIAN_POINT('',(1.400000000001,-9.58));
#2322 = CARTESIAN_POINT('',(1.400000000001,-0.22));
#2323 = ( GEOMETRIC_REPRESENTATION_CONTEXT(2) 
PARAMETRIC_REPRESENTATION_CONTEXT() REPRESENTATION_CONTEXT('2D SPACE',''
  ) );
#2324 = ORIENTED_EDGE('',*,*,#2325,.T.);
#2325 = EDGE_CURVE('',#2298,#2326,#2328,.T.);
#2326 = VERTEX_POINT('',#2327);
#2327 = CARTESIAN_POINT('',(7.842463035442,99.1,0.3));
#2328 = SURFACE_CURVE('',#2329,(#2334,#2341),.PCURVE_S1.);
#2329 = CIRCLE('',#2330,5.);
#2330 = AXIS2_PLACEMENT_3D('',#2331,#2332,#2333);
#2331 = CARTESIAN_POINT('',(3.7,96.3,0.3));
#2332 = DIRECTION('',(0.,0.,-1.));
#2333 = DIRECTION('',(1.,0.,0.));
#2334 = PCURVE('',#1010,#2335);
#2335 = DEFINITIONAL_REPRESENTATION('',(#2336),#2340);
#2336 = LINE('',#2337,#2338);
#2337 = CARTESIAN_POINT('',(-6.28318530718,-8.8));
#2338 = VECTOR('',#2339,1.);
#2339 = DIRECTION('',(1.,-0.));
#2340 = ( GEOMETRIC_REPRESENTATION_CONTEXT(2) 
PARAMETRIC_REPRESENTATION_CONTEXT() REPRESENTATION_CONTEXT('2D SPACE',''
  ) );
#2341 = PCURVE('',#2342,#2347);
#2342 = PLANE('',#2343);
#2343 = AXIS2_PLACEMENT_3D('',#2344,#2345,#2346);
#2344 = CARTESIAN_POINT('',(42.099999997988,50.,0.3));
#2345 = DIRECTION('',(0.,0.,1.));
#2346 = DIRECTION('',(1.,0.,-0.));
#2347 = DEFINITIONAL_REPRESENTATION('',(#2348),#2356);
#2348 = ( BOUNDED_CURVE() B_SPLINE_CURVE(2,(#2349,#2350,#2351,#2352,
#2353,#2354,#2355),.UNSPECIFIED.,.T.,.F.) B_SPLINE_CURVE_WITH_KNOTS((1,2
    ,2,2,2,1),(-2.094395102393,0.,2.094395102393,4.188790204786,
6.28318530718,8.377580409573),.UNSPECIFIED.) CURVE() 
GEOMETRIC_REPRESENTATION_ITEM() RATIONAL_B_SPLINE_CURVE((1.,0.5,1.,0.5,
1.,0.5,1.)) REPRESENTATION_ITEM('') );
#2349 = CARTESIAN_POINT('',(-33.39999999798,46.3));
#2350 = CARTESIAN_POINT('',(-33.39999999798,37.639745962156));
#2351 = CARTESIAN_POINT('',(-40.89999999798,41.969872981078));
#2352 = CARTESIAN_POINT('',(-48.39999999798,46.3));
#2353 = CARTESIAN_POINT('',(-40.89999999798,50.630127018922));
#2354 = CARTESIAN_POINT('',(-33.39999999798,54.960254037844));
#2355 = CARTESIAN_POINT('',(-33.39999999798,46.3));
#2356 = ( GEOMETRIC_REPRESENTATION_CONTEXT(2) 
PARAMETRIC_REPRESENTATION_CONTEXT() REPRESENTATION_CONTEXT('2D SPACE',''
  ) );
#2357 = ORIENTED_EDGE('',*,*,#2358,.F.);
#2358 = EDGE_CURVE('',#2359,#2326,#2361,.T.);
#2359 = VERTEX_POINT('',#2360);
#2360 = CARTESIAN_POINT('',(7.842463035442,99.1,1.5));
#2361 = SURFACE_CURVE('',#2362,(#2366,#2372),.PCURVE_S1.);
#2362 = LINE('',#2363,#2364);
#2363 = CARTESIAN_POINT('',(7.842463035442,99.1,-8.5));
#2364 = VECTOR('',#2365,1.);
#2365 = DIRECTION('',(-0.,-0.,-1.));
#2366 = PCURVE('',#1010,#2367);
#2367 = DEFINITIONAL_REPRESENTATION('',(#2368),#2371);
#2368 = B_SPLINE_CURVE_WITH_KNOTS('',1,(#2369,#2370),.UNSPECIFIED.,.F.,
  .F.,(2,2),(-10.0000006,-8.49),.PIECEWISE_BEZIER_KNOTS.);
#2369 = CARTESIAN_POINT('',(-0.594385800001,-10.0000006));
#2370 = CARTESIAN_POINT('',(-0.594385800001,-8.49));
#2371 = ( GEOMETRIC_REPRESENTATION_CONTEXT(2) 
PARAMETRIC_REPRESENTATION_CONTEXT() REPRESENTATION_CONTEXT('2D SPACE',''
  ) );
#2372 = PCURVE('',#2373,#2378);
#2373 = PLANE('',#2374);
#2374 = AXIS2_PLACEMENT_3D('',#2375,#2376,#2377);
#2375 = CARTESIAN_POINT('',(5.299999999999,99.1,-0.7));
#2376 = DIRECTION('',(0.,1.,0.));
#2377 = DIRECTION('',(1.,0.,0.));
#2378 = DEFINITIONAL_REPRESENTATION('',(#2379),#2382);
#2379 = B_SPLINE_CURVE_WITH_KNOTS('',1,(#2380,#2381),.UNSPECIFIED.,.F.,
  .F.,(2,2),(-10.0000006,-8.49),.PIECEWISE_BEZIER_KNOTS.);
#2380 = CARTESIAN_POINT('',(2.542463035443,-2.2000006));
#2381 = CARTESIAN_POINT('',(2.542463035443,-0.69));
#2382 = ( GEOMETRIC_REPRESENTATION_CONTEXT(2) 
PARAMETRIC_REPRESENTATION_CONTEXT() REPRESENTATION_CONTEXT('2D SPACE',''
  ) );
#2383 = ORIENTED_EDGE('',*,*,#2384,.T.);
#2384 = EDGE_CURVE('',#2359,#2385,#2387,.T.);
#2385 = VERTEX_POINT('',#2386);
#2386 = CARTESIAN_POINT('',(0.900000000001,92.157536964558,1.5));
#2387 = SURFACE_CURVE('',#2388,(#2393,#2400),.PCURVE_S1.);
#2388 = CIRCLE('',#2389,5.);
#2389 = AXIS2_PLACEMENT_3D('',#2390,#2391,#2392);
#2390 = CARTESIAN_POINT('',(3.7,96.3,1.5));
#2391 = DIRECTION('',(0.,0.,1.));
#2392 = DIRECTION('',(1.,0.,0.));
#2393 = PCURVE('',#1010,#2394);
#2394 = DEFINITIONAL_REPRESENTATION('',(#2395),#2399);
#2395 = LINE('',#2396,#2397);
#2396 = CARTESIAN_POINT('',(-0.,-10.));
#2397 = VECTOR('',#2398,1.);
#2398 = DIRECTION('',(-1.,0.));
#2399 = ( GEOMETRIC_REPRESENTATION_CONTEXT(2) 
PARAMETRIC_REPRESENTATION_CONTEXT() REPRESENTATION_CONTEXT('2D SPACE',''
  ) );
#2400 = PCURVE('',#2401,#2406);
#2401 = PLANE('',#2402);
#2402 = AXIS2_PLACEMENT_3D('',#2403,#2404,#2405);
#2403 = CARTESIAN_POINT('',(3.7,96.3,1.5));
#2404 = DIRECTION('',(0.,0.,1.));
#2405 = DIRECTION('',(1.,0.,0.));
#2406 = DEFINITIONAL_REPRESENTATION('',(#2407),#2411);
#2407 = CIRCLE('',#2408,5.);
#2408 = AXIS2_PLACEMENT_2D('',#2409,#2410);
#2409 = CARTESIAN_POINT('',(4.440892098501E-16,0.));
#2410 = DIRECTION('',(1.,0.));
#2411 = ( GEOMETRIC_REPRESENTATION_CONTEXT(2) 
PARAMETRIC_REPRESENTATION_CONTEXT() REPRESENTATION_CONTEXT('2D SPACE',''
  ) );
#2412 = ORIENTED_EDGE('',*,*,#2413,.T.);
#2413 = EDGE_CURVE('',#2385,#2414,#2416,.T.);
#2414 = VERTEX_POINT('',#2415);
#2415 = CARTESIAN_POINT('',(0.900000000001,92.157536964558,0.3));
#2416 = SURFACE_CURVE('',#2417,(#2421,#2427),.PCURVE_S1.);
#2417 = LINE('',#2418,#2419);
#2418 = CARTESIAN_POINT('',(0.900000000001,92.157536964558,-8.5));
#2419 = VECTOR('',#2420,1.);
#2420 = DIRECTION('',(-0.,-0.,-1.));
#2421 = PCURVE('',#1010,#2422);
#2422 = DEFINITIONAL_REPRESENTATION('',(#2423),#2426);
#2423 = B_SPLINE_CURVE_WITH_KNOTS('',1,(#2424,#2425),.UNSPECIFIED.,.F.,
  .F.,(2,2),(-10.0000006,-8.49),.PIECEWISE_BEZIER_KNOTS.);
#2424 = CARTESIAN_POINT('',(-4.118003180384,-10.0000006));
#2425 = CARTESIAN_POINT('',(-4.118003180384,-8.49));
#2426 = ( GEOMETRIC_REPRESENTATION_CONTEXT(2) 
PARAMETRIC_REPRESENTATION_CONTEXT() REPRESENTATION_CONTEXT('2D SPACE',''
  ) );
#2427 = PCURVE('',#2428,#2433);
#2428 = PLANE('',#2429);
#2429 = AXIS2_PLACEMENT_3D('',#2430,#2431,#2432);
#2430 = CARTESIAN_POINT('',(0.900000000001,5.3,-0.7));
#2431 = DIRECTION('',(-1.,0.,0.));
#2432 = DIRECTION('',(0.,1.,0.));
#2433 = DEFINITIONAL_REPRESENTATION('',(#2434),#2437);
#2434 = B_SPLINE_CURVE_WITH_KNOTS('',1,(#2435,#2436),.UNSPECIFIED.,.F.,
  .F.,(2,2),(-10.0000006,-8.49),.PIECEWISE_BEZIER_KNOTS.);
#2435 = CARTESIAN_POINT('',(86.857536964558,-2.2000006));
#2436 = CARTESIAN_POINT('',(86.857536964558,-0.69));
#2437 = ( GEOMETRIC_REPRESENTATION_CONTEXT(2) 
PARAMETRIC_REPRESENTATION_CONTEXT() REPRESENTATION_CONTEXT('2D SPACE',''
  ) );
#2438 = ORIENTED_EDGE('',*,*,#2439,.T.);
#2439 = EDGE_CURVE('',#2414,#2440,#2442,.T.);
#2440 = VERTEX_POINT('',#2441);
#2441 = CARTESIAN_POINT('',(-0.299999999999,93.299999999999,0.3));
#2442 = SURFACE_CURVE('',#2443,(#2448,#2455),.PCURVE_S1.);
#2443 = CIRCLE('',#2444,5.);
#2444 = AXIS2_PLACEMENT_3D('',#2445,#2446,#2447);
#2445 = CARTESIAN_POINT('',(3.7,96.3,0.3));
#2446 = DIRECTION('',(0.,0.,-1.));
#2447 = DIRECTION('',(1.,0.,0.));
#2448 = PCURVE('',#1010,#2449);
#2449 = DEFINITIONAL_REPRESENTATION('',(#2450),#2454);
#2450 = LINE('',#2451,#2452);
#2451 = CARTESIAN_POINT('',(-6.28318530718,-8.8));
#2452 = VECTOR('',#2453,1.);
#2453 = DIRECTION('',(1.,-0.));
#2454 = ( GEOMETRIC_REPRESENTATION_CONTEXT(2) 
PARAMETRIC_REPRESENTATION_CONTEXT() REPRESENTATION_CONTEXT('2D SPACE',''
  ) );
#2455 = PCURVE('',#2456,#2461);
#2456 = PLANE('',#2457);
#2457 = AXIS2_PLACEMENT_3D('',#2458,#2459,#2460);
#2458 = CARTESIAN_POINT('',(42.099999997988,50.,0.3));
#2459 = DIRECTION('',(0.,0.,1.));
#2460 = DIRECTION('',(1.,0.,-0.));
#2461 = DEFINITIONAL_REPRESENTATION('',(#2462),#2470);
#2462 = ( BOUNDED_CURVE() B_SPLINE_CURVE(2,(#2463,#2464,#2465,#2466,
#2467,#2468,#2469),.UNSPECIFIED.,.T.,.F.) B_SPLINE_CURVE_WITH_KNOTS((1,2
    ,2,2,2,1),(-2.094395102393,0.,2.094395102393,4.188790204786,
6.28318530718,8.377580409573),.UNSPECIFIED.) CURVE() 
GEOMETRIC_REPRESENTATION_ITEM() RATIONAL_B_SPLINE_CURVE((1.,0.5,1.,0.5,
1.,0.5,1.)) REPRESENTATION_ITEM('') );
#2463 = CARTESIAN_POINT('',(-33.39999999798,46.3));
#2464 = CARTESIAN_POINT('',(-33.39999999798,37.639745962156));
#2465 = CARTESIAN_POINT('',(-40.89999999798,41.969872981078));
#2466 = CARTESIAN_POINT('',(-48.39999999798,46.3));
#2467 = CARTESIAN_POINT('',(-40.89999999798,50.630127018922));
#2468 = CARTESIAN_POINT('',(-33.39999999798,54.960254037844));
#2469 = CARTESIAN_POINT('',(-33.39999999798,46.3));
#2470 = ( GEOMETRIC_REPRESENTATION_CONTEXT(2) 
PARAMETRIC_REPRESENTATION_CONTEXT() REPRESENTATION_CONTEXT('2D SPACE',''
  ) );
#2471 = ORIENTED_EDGE('',*,*,#2472,.T.);
#2472 = EDGE_CURVE('',#2440,#2473,#2475,.T.);
#2473 = VERTEX_POINT('',#2474);
#2474 = CARTESIAN_POINT('',(-0.299999999999,93.299999999999,-7.1));
#2475 = SURFACE_CURVE('',#2476,(#2480,#2486),.PCURVE_S1.);
#2476 = LINE('',#2477,#2478);
#2477 = CARTESIAN_POINT('',(-0.299999999999,93.299999999999,-8.5));
#2478 = VECTOR('',#2479,1.);
#2479 = DIRECTION('',(-0.,-0.,-1.));
#2480 = PCURVE('',#1010,#2481);
#2481 = DEFINITIONAL_REPRESENTATION('',(#2482),#2485);
#2482 = B_SPLINE_CURVE_WITH_KNOTS('',1,(#2483,#2484),.UNSPECIFIED.,.F.,
  .F.,(2,2),(-9.58,-0.22),.PIECEWISE_BEZIER_KNOTS.);
#2483 = CARTESIAN_POINT('',(-3.785093762383,-9.58));
#2484 = CARTESIAN_POINT('',(-3.785093762383,-0.22));
#2485 = ( GEOMETRIC_REPRESENTATION_CONTEXT(2) 
PARAMETRIC_REPRESENTATION_CONTEXT() REPRESENTATION_CONTEXT('2D SPACE',''
  ) );
#2486 = PCURVE('',#2487,#2492);
#2487 = PLANE('',#2488);
#2488 = AXIS2_PLACEMENT_3D('',#2489,#2490,#2491);
#2489 = CARTESIAN_POINT('',(-0.299999999999,5.3,-8.5));
#2490 = DIRECTION('',(-1.,0.,0.));
#2491 = DIRECTION('',(0.,1.,0.));
#2492 = DEFINITIONAL_REPRESENTATION('',(#2493),#2496);
#2493 = B_SPLINE_CURVE_WITH_KNOTS('',1,(#2494,#2495),.UNSPECIFIED.,.F.,
  .F.,(2,2),(-9.58,-0.22),.PIECEWISE_BEZIER_KNOTS.);
#2494 = CARTESIAN_POINT('',(87.999999999999,-9.58));
#2495 = CARTESIAN_POINT('',(87.999999999999,-0.22));
#2496 = ( GEOMETRIC_REPRESENTATION_CONTEXT(2) 
PARAMETRIC_REPRESENTATION_CONTEXT() REPRESENTATION_CONTEXT('2D SPACE',''
  ) );
#2497 = ORIENTED_EDGE('',*,*,#2498,.F.);
#2498 = EDGE_CURVE('',#988,#2473,#2499,.T.);
#2499 = SURFACE_CURVE('',#2500,(#2505,#2515),.PCURVE_S1.);
#2500 = ELLIPSE('',#2501,7.071067811865,5.);
#2501 = AXIS2_PLACEMENT_3D('',#2502,#2503,#2504);
#2502 = CARTESIAN_POINT('',(3.7,96.3,-3.100000000001));
#2503 = DIRECTION('',(-0.707106781187,-1.102531706024E-18,0.707106781187
    ));
#2504 = DIRECTION('',(-0.707106781187,-1.102531706024E-18,
    -0.707106781187));
#2505 = PCURVE('',#1010,#2506);
#2506 = DEFINITIONAL_REPRESENTATION('',(#2507),#2514);
#2507 = B_SPLINE_CURVE_WITH_KNOTS('',5,(#2508,#2509,#2510,#2511,#2512,
    #2513),.UNSPECIFIED.,.F.,.F.,(6,6),(0.494934126341,0.643501108794),
  .PIECEWISE_BEZIER_KNOTS.);
#2508 = CARTESIAN_POINT('',(-3.636526779931,-1.));
#2509 = CARTESIAN_POINT('',(-3.666240176421,-1.070565406899));
#2510 = CARTESIAN_POINT('',(-3.695953572912,-1.145986685035));
#2511 = CARTESIAN_POINT('',(-3.725666969402,-1.226134049343));
#2512 = CARTESIAN_POINT('',(-3.755380365893,-1.310859810529));
#2513 = CARTESIAN_POINT('',(-3.785093762383,-1.4));
#2514 = ( GEOMETRIC_REPRESENTATION_CONTEXT(2) 
PARAMETRIC_REPRESENTATION_CONTEXT() REPRESENTATION_CONTEXT('2D SPACE',''
  ) );
#2515 = PCURVE('',#1211,#2516);
#2516 = DEFINITIONAL_REPRESENTATION('',(#2517),#2525);
#2517 = ( BOUNDED_CURVE() B_SPLINE_CURVE(2,(#2518,#2519,#2520,#2521,
#2522,#2523,#2524),.UNSPECIFIED.,.T.,.F.) B_SPLINE_CURVE_WITH_KNOTS((1,2
    ,2,2,2,1),(-2.094395102393,0.,2.094395102393,4.188790204786,
6.28318530718,8.377580409573),.UNSPECIFIED.) CURVE() 
GEOMETRIC_REPRESENTATION_ITEM() RATIONAL_B_SPLINE_CURVE((1.,0.5,1.,0.5,
1.,0.5,1.)) REPRESENTATION_ITEM('') );
#2518 = CARTESIAN_POINT('',(3.000000000001,-1.1313708499));
#2519 = CARTESIAN_POINT('',(-5.660254037843,-1.1313708499));
#2520 = CARTESIAN_POINT('',(-1.330127018921,9.475230867899));
#2521 = CARTESIAN_POINT('',(3.000000000001,20.081832585697));
#2522 = CARTESIAN_POINT('',(7.330127018923,9.475230867899));
#2523 = CARTESIAN_POINT('',(11.660254037846,-1.1313708499));
#2524 = CARTESIAN_POINT('',(3.000000000001,-1.1313708499));
#2525 = ( GEOMETRIC_REPRESENTATION_CONTEXT(2) 
PARAMETRIC_REPRESENTATION_CONTEXT() REPRESENTATION_CONTEXT('2D SPACE',''
  ) );
#2526 = ORIENTED_EDGE('',*,*,#987,.T.);
#2527 = ORIENTED_EDGE('',*,*,#2528,.T.);
#2528 = EDGE_CURVE('',#990,#2300,#2529,.T.);
#2529 = SURFACE_CURVE('',#2530,(#2535,#2545),.PCURVE_S1.);
#2530 = ELLIPSE('',#2531,7.071067811865,5.);
#2531 = AXIS2_PLACEMENT_3D('',#2532,#2533,#2534);
#2532 = CARTESIAN_POINT('',(3.7,96.3,-3.1));
#2533 = DIRECTION('',(4.119781047821E-18,-0.707106781187,-0.707106781187
    ));
#2534 = DIRECTION('',(-4.119781047821E-18,0.707106781187,-0.707106781187
    ));
#2535 = PCURVE('',#1010,#2536);
#2536 = DEFINITIONAL_REPRESENTATION('',(#2537),#2544);
#2537 = B_SPLINE_CURVE_WITH_KNOTS('',5,(#2538,#2539,#2540,#2541,#2542,
    #2543),.UNSPECIFIED.,.F.,.F.,(6,6),(0.494934126341,0.643501108793),
  .PIECEWISE_BEZIER_KNOTS.);
#2538 = CARTESIAN_POINT('',(-1.075862200454,-1.));
#2539 = CARTESIAN_POINT('',(-1.046148803964,-1.070565406899));
#2540 = CARTESIAN_POINT('',(-1.016435407473,-1.145986685035));
#2541 = CARTESIAN_POINT('',(-0.986722010983,-1.226134049343));
#2542 = CARTESIAN_POINT('',(-0.957008614492,-1.310859810529));
#2543 = CARTESIAN_POINT('',(-0.927295218002,-1.4));
#2544 = ( GEOMETRIC_REPRESENTATION_CONTEXT(2) 
PARAMETRIC_REPRESENTATION_CONTEXT() REPRESENTATION_CONTEXT('2D SPACE',''
  ) );
#2545 = PCURVE('',#1038,#2546);
#2546 = DEFINITIONAL_REPRESENTATION('',(#2547),#2551);
#2547 = ELLIPSE('',#2548,7.071067811865,5.);
#2548 = AXIS2_PLACEMENT_2D('',#2549,#2550);
#2549 = CARTESIAN_POINT('',(-73.8,5.939696961967));
#2550 = DIRECTION('',(-4.119781047821E-18,-1.));
#2551 = ( GEOMETRIC_REPRESENTATION_CONTEXT(2) 
PARAMETRIC_REPRESENTATION_CONTEXT() REPRESENTATION_CONTEXT('2D SPACE',''
  ) );
#2552 = ADVANCED_FACE('',(#2553),#1211,.T.);
#2553 = FACE_BOUND('',#2554,.F.);
#2554 = EDGE_LOOP('',(#2555,#2556,#2557,#2584));
#2555 = ORIENTED_EDGE('',*,*,#2498,.F.);
#2556 = ORIENTED_EDGE('',*,*,#1197,.T.);
#2557 = ORIENTED_EDGE('',*,*,#2558,.T.);
#2558 = EDGE_CURVE('',#1165,#2559,#2561,.T.);
#2559 = VERTEX_POINT('',#2560);
#2560 = CARTESIAN_POINT('',(-0.299999999999,6.700000000001,-7.1));
#2561 = SURFACE_CURVE('',#2562,(#2567,#2574),.PCURVE_S1.);
#2562 = ELLIPSE('',#2563,7.071067811865,5.);
#2563 = AXIS2_PLACEMENT_3D('',#2564,#2565,#2566);
#2564 = CARTESIAN_POINT('',(3.7,3.7,-3.100000000001));
#2565 = DIRECTION('',(0.707106781187,1.102531706024E-18,-0.707106781187)
  );
#2566 = DIRECTION('',(-0.707106781187,-1.102531706024E-18,
    -0.707106781187));
#2567 = PCURVE('',#1211,#2568);
#2568 = DEFINITIONAL_REPRESENTATION('',(#2569),#2573);
#2569 = ELLIPSE('',#2570,7.071067811865,5.);
#2570 = AXIS2_PLACEMENT_2D('',#2571,#2572);
#2571 = CARTESIAN_POINT('',(-89.59999999999,5.939696961966));
#2572 = DIRECTION('',(-1.102531706024E-18,-1.));
#2573 = ( GEOMETRIC_REPRESENTATION_CONTEXT(2) 
PARAMETRIC_REPRESENTATION_CONTEXT() REPRESENTATION_CONTEXT('2D SPACE',''
  ) );
#2574 = PCURVE('',#1185,#2575);
#2575 = DEFINITIONAL_REPRESENTATION('',(#2576),#2583);
#2576 = B_SPLINE_CURVE_WITH_KNOTS('',5,(#2577,#2578,#2579,#2580,#2581,
    #2582),.UNSPECIFIED.,.F.,.F.,(6,6),(0.494934126341,0.643501108794),
  .PIECEWISE_BEZIER_KNOTS.);
#2577 = CARTESIAN_POINT('',(-2.646658527249,-1.));
#2578 = CARTESIAN_POINT('',(-2.616945130758,-1.070565406899));
#2579 = CARTESIAN_POINT('',(-2.587231734268,-1.145986685035));
#2580 = CARTESIAN_POINT('',(-2.557518337777,-1.226134049343));
#2581 = CARTESIAN_POINT('',(-2.527804941287,-1.310859810529));
#2582 = CARTESIAN_POINT('',(-2.498091544796,-1.4));
#2583 = ( GEOMETRIC_REPRESENTATION_CONTEXT(2) 
PARAMETRIC_REPRESENTATION_CONTEXT() REPRESENTATION_CONTEXT('2D SPACE',''
  ) );
#2584 = ORIENTED_EDGE('',*,*,#2585,.F.);
#2585 = EDGE_CURVE('',#2473,#2559,#2586,.T.);
#2586 = SURFACE_CURVE('',#2587,(#2591,#2598),.PCURVE_S1.);
#2587 = LINE('',#2588,#2589);
#2588 = CARTESIAN_POINT('',(-0.299999999999,93.299999999999,-7.1));
#2589 = VECTOR('',#2590,1.);
#2590 = DIRECTION('',(0.,-1.,0.));
#2591 = PCURVE('',#1211,#2592);
#2592 = DEFINITIONAL_REPRESENTATION('',(#2593),#2597);
#2593 = LINE('',#2594,#2595);
#2594 = CARTESIAN_POINT('',(-0.,0.282842712475));
#2595 = VECTOR('',#2596,1.);
#2596 = DIRECTION('',(-1.,0.));
#2597 = ( GEOMETRIC_REPRESENTATION_CONTEXT(2) 
PARAMETRIC_REPRESENTATION_CONTEXT() REPRESENTATION_CONTEXT('2D SPACE',''
  ) );
#2598 = PCURVE('',#2487,#2599);
#2599 = DEFINITIONAL_REPRESENTATION('',(#2600),#2604);
#2600 = LINE('',#2601,#2602);
#2601 = CARTESIAN_POINT('',(87.999999999999,-1.4));
#2602 = VECTOR('',#2603,1.);
#2603 = DIRECTION('',(-1.,0.));
#2604 = ( GEOMETRIC_REPRESENTATION_CONTEXT(2) 
PARAMETRIC_REPRESENTATION_CONTEXT() REPRESENTATION_CONTEXT('2D SPACE',''
  ) );
#2605 = ADVANCED_FACE('',(#2606),#1038,.T.);
#2606 = FACE_BOUND('',#2607,.F.);
#2607 = EDGE_LOOP('',(#2608,#2639,#2640,#2641));
#2608 = ORIENTED_EDGE('',*,*,#2609,.F.);
#2609 = EDGE_CURVE('',#1023,#2610,#2612,.T.);
#2610 = VERTEX_POINT('',#2611);
#2611 = CARTESIAN_POINT('',(77.5,100.3,-7.1));
#2612 = SURFACE_CURVE('',#2613,(#2618,#2629),.PCURVE_S1.);
#2613 = ELLIPSE('',#2614,7.071067811865,5.);
#2614 = AXIS2_PLACEMENT_3D('',#2615,#2616,#2617);
#2615 = CARTESIAN_POINT('',(80.5,96.3,-3.1));
#2616 = DIRECTION('',(-4.119781047821E-18,0.707106781187,0.707106781187)
  );
#2617 = DIRECTION('',(-4.119781047821E-18,0.707106781187,-0.707106781187
    ));
#2618 = PCURVE('',#1038,#2619);
#2619 = DEFINITIONAL_REPRESENTATION('',(#2620),#2628);
#2620 = ( BOUNDED_CURVE() B_SPLINE_CURVE(2,(#2621,#2622,#2623,#2624,
#2625,#2626,#2627),.UNSPECIFIED.,.T.,.F.) B_SPLINE_CURVE_WITH_KNOTS((1,2
    ,2,2,2,1),(-2.094395102393,0.,2.094395102393,4.188790204786,
6.28318530718,8.377580409573),.UNSPECIFIED.) CURVE() 
GEOMETRIC_REPRESENTATION_ITEM() RATIONAL_B_SPLINE_CURVE((1.,0.5,1.,0.5,
1.,0.5,1.)) REPRESENTATION_ITEM('') );
#2621 = CARTESIAN_POINT('',(3.,-1.131370849898));
#2622 = CARTESIAN_POINT('',(-5.660254037844,-1.131370849898));
#2623 = CARTESIAN_POINT('',(-1.330127018922,9.4752308679));
#2624 = CARTESIAN_POINT('',(3.,20.081832585698));
#2625 = CARTESIAN_POINT('',(7.330127018923,9.4752308679));
#2626 = CARTESIAN_POINT('',(11.660254037845,-1.131370849898));
#2627 = CARTESIAN_POINT('',(3.,-1.131370849898));
#2628 = ( GEOMETRIC_REPRESENTATION_CONTEXT(2) 
PARAMETRIC_REPRESENTATION_CONTEXT() REPRESENTATION_CONTEXT('2D SPACE',''
  ) );
#2629 = PCURVE('',#1067,#2630);
#2630 = DEFINITIONAL_REPRESENTATION('',(#2631),#2638);
#2631 = B_SPLINE_CURVE_WITH_KNOTS('',5,(#2632,#2633,#2634,#2635,#2636,
    #2637),.UNSPECIFIED.,.F.,.F.,(6,6),(0.494934126341,0.643501108793),
  .PIECEWISE_BEZIER_KNOTS.);
#2632 = CARTESIAN_POINT('',(-8.348915760315,-1.));
#2633 = CARTESIAN_POINT('',(-8.378629156806,-1.070565406899));
#2634 = CARTESIAN_POINT('',(-8.408342553296,-1.145986685035));
#2635 = CARTESIAN_POINT('',(-8.438055949787,-1.226134049343));
#2636 = CARTESIAN_POINT('',(-8.467769346277,-1.310859810529));
#2637 = CARTESIAN_POINT('',(-8.497482742768,-1.4));
#2638 = ( GEOMETRIC_REPRESENTATION_CONTEXT(2) 
PARAMETRIC_REPRESENTATION_CONTEXT() REPRESENTATION_CONTEXT('2D SPACE',''
  ) );
#2639 = ORIENTED_EDGE('',*,*,#1022,.T.);
#2640 = ORIENTED_EDGE('',*,*,#2528,.T.);
#2641 = ORIENTED_EDGE('',*,*,#2642,.F.);
#2642 = EDGE_CURVE('',#2610,#2300,#2643,.T.);
#2643 = SURFACE_CURVE('',#2644,(#2648,#2655),.PCURVE_S1.);
#2644 = LINE('',#2645,#2646);
#2645 = CARTESIAN_POINT('',(77.5,100.3,-7.1));
#2646 = VECTOR('',#2647,1.);
#2647 = DIRECTION('',(-1.,0.,0.));
#2648 = PCURVE('',#1038,#2649);
#2649 = DEFINITIONAL_REPRESENTATION('',(#2650),#2654);
#2650 = LINE('',#2651,#2652);
#2651 = CARTESIAN_POINT('',(-0.,0.282842712475));
#2652 = VECTOR('',#2653,1.);
#2653 = DIRECTION('',(-1.,0.));
#2654 = ( GEOMETRIC_REPRESENTATION_CONTEXT(2) 
PARAMETRIC_REPRESENTATION_CONTEXT() REPRESENTATION_CONTEXT('2D SPACE',''
  ) );
#2655 = PCURVE('',#2314,#2656);
#2656 = DEFINITIONAL_REPRESENTATION('',(#2657),#2661);
#2657 = LINE('',#2658,#2659);
#2658 = CARTESIAN_POINT('',(72.2,-1.4));
#2659 = VECTOR('',#2660,1.);
#2660 = DIRECTION('',(-1.,0.));
#2661 = ( GEOMETRIC_REPRESENTATION_CONTEXT(2) 
PARAMETRIC_REPRESENTATION_CONTEXT() REPRESENTATION_CONTEXT('2D SPACE',''
  ) );
#2662 = ADVANCED_FACE('',(#2663),#1185,.F.);
#2663 = FACE_BOUND('',#2664,.T.);
#2664 = EDGE_LOOP('',(#2665,#2686,#2714,#2735,#2764,#2790,#2823,#2849,
    #2874,#2875));
#2665 = ORIENTED_EDGE('',*,*,#2666,.F.);
#2666 = EDGE_CURVE('',#2667,#2559,#2669,.T.);
#2667 = VERTEX_POINT('',#2668);
#2668 = CARTESIAN_POINT('',(-0.299999999999,6.700000000001,0.3));
#2669 = SURFACE_CURVE('',#2670,(#2674,#2680),.PCURVE_S1.);
#2670 = LINE('',#2671,#2672);
#2671 = CARTESIAN_POINT('',(-0.299999999999,6.700000000001,-8.5));
#2672 = VECTOR('',#2673,1.);
#2673 = DIRECTION('',(-0.,-0.,-1.));
#2674 = PCURVE('',#1185,#2675);
#2675 = DEFINITIONAL_REPRESENTATION('',(#2676),#2679);
#2676 = B_SPLINE_CURVE_WITH_KNOTS('',1,(#2677,#2678),.UNSPECIFIED.,.F.,
  .F.,(2,2),(-9.58,-0.22),.PIECEWISE_BEZIER_KNOTS.);
#2677 = CARTESIAN_POINT('',(-2.498091544796,-9.58));
#2678 = CARTESIAN_POINT('',(-2.498091544796,-0.22));
#2679 = ( GEOMETRIC_REPRESENTATION_CONTEXT(2) 
PARAMETRIC_REPRESENTATION_CONTEXT() REPRESENTATION_CONTEXT('2D SPACE',''
  ) );
#2680 = PCURVE('',#2487,#2681);
#2681 = DEFINITIONAL_REPRESENTATION('',(#2682),#2685);
#2682 = B_SPLINE_CURVE_WITH_KNOTS('',1,(#2683,#2684),.UNSPECIFIED.,.F.,
  .F.,(2,2),(-9.58,-0.22),.PIECEWISE_BEZIER_KNOTS.);
#2683 = CARTESIAN_POINT('',(1.400000000001,-9.58));
#2684 = CARTESIAN_POINT('',(1.400000000001,-0.22));
#2685 = ( GEOMETRIC_REPRESENTATION_CONTEXT(2) 
PARAMETRIC_REPRESENTATION_CONTEXT() REPRESENTATION_CONTEXT('2D SPACE',''
  ) );
#2686 = ORIENTED_EDGE('',*,*,#2687,.T.);
#2687 = EDGE_CURVE('',#2667,#2688,#2690,.T.);
#2688 = VERTEX_POINT('',#2689);
#2689 = CARTESIAN_POINT('',(0.900000000001,7.842463035442,0.3));
#2690 = SURFACE_CURVE('',#2691,(#2696,#2703),.PCURVE_S1.);
#2691 = CIRCLE('',#2692,5.);
#2692 = AXIS2_PLACEMENT_3D('',#2693,#2694,#2695);
#2693 = CARTESIAN_POINT('',(3.7,3.7,0.3));
#2694 = DIRECTION('',(0.,0.,-1.));
#2695 = DIRECTION('',(1.,0.,0.));
#2696 = PCURVE('',#1185,#2697);
#2697 = DEFINITIONAL_REPRESENTATION('',(#2698),#2702);
#2698 = LINE('',#2699,#2700);
#2699 = CARTESIAN_POINT('',(-6.28318530718,-8.8));
#2700 = VECTOR('',#2701,1.);
#2701 = DIRECTION('',(1.,-0.));
#2702 = ( GEOMETRIC_REPRESENTATION_CONTEXT(2) 
PARAMETRIC_REPRESENTATION_CONTEXT() REPRESENTATION_CONTEXT('2D SPACE',''
  ) );
#2703 = PCURVE('',#2456,#2704);
#2704 = DEFINITIONAL_REPRESENTATION('',(#2705),#2713);
#2705 = ( BOUNDED_CURVE() B_SPLINE_CURVE(2,(#2706,#2707,#2708,#2709,
#2710,#2711,#2712),.UNSPECIFIED.,.T.,.F.) B_SPLINE_CURVE_WITH_KNOTS((1,2
    ,2,2,2,1),(-2.094395102393,0.,2.094395102393,4.188790204786,
6.28318530718,8.377580409573),.UNSPECIFIED.) CURVE() 
GEOMETRIC_REPRESENTATION_ITEM() RATIONAL_B_SPLINE_CURVE((1.,0.5,1.,0.5,
1.,0.5,1.)) REPRESENTATION_ITEM('') );
#2706 = CARTESIAN_POINT('',(-33.39999999798,-46.3));
#2707 = CARTESIAN_POINT('',(-33.39999999798,-54.96025403784));
#2708 = CARTESIAN_POINT('',(-40.89999999798,-50.63012701892));
#2709 = CARTESIAN_POINT('',(-48.39999999798,-46.3));
#2710 = CARTESIAN_POINT('',(-40.89999999798,-41.96987298107));
#2711 = CARTESIAN_POINT('',(-33.39999999798,-37.63974596215));
#2712 = CARTESIAN_POINT('',(-33.39999999798,-46.3));
#2713 = ( GEOMETRIC_REPRESENTATION_CONTEXT(2) 
PARAMETRIC_REPRESENTATION_CONTEXT() REPRESENTATION_CONTEXT('2D SPACE',''
  ) );
#2714 = ORIENTED_EDGE('',*,*,#2715,.F.);
#2715 = EDGE_CURVE('',#2716,#2688,#2718,.T.);
#2716 = VERTEX_POINT('',#2717);
#2717 = CARTESIAN_POINT('',(0.900000000001,7.842463035442,1.5));
#2718 = SURFACE_CURVE('',#2719,(#2723,#2729),.PCURVE_S1.);
#2719 = LINE('',#2720,#2721);
#2720 = CARTESIAN_POINT('',(0.900000000001,7.842463035442,-8.5));
#2721 = VECTOR('',#2722,1.);
#2722 = DIRECTION('',(-0.,-0.,-1.));
#2723 = PCURVE('',#1185,#2724);
#2724 = DEFINITIONAL_REPRESENTATION('',(#2725),#2728);
#2725 = B_SPLINE_CURVE_WITH_KNOTS('',1,(#2726,#2727),.UNSPECIFIED.,.F.,
  .F.,(2,2),(-10.0000006,-8.49),.PIECEWISE_BEZIER_KNOTS.);
#2726 = CARTESIAN_POINT('',(-2.165182126796,-10.0000006));
#2727 = CARTESIAN_POINT('',(-2.165182126796,-8.49));
#2728 = ( GEOMETRIC_REPRESENTATION_CONTEXT(2) 
PARAMETRIC_REPRESENTATION_CONTEXT() REPRESENTATION_CONTEXT('2D SPACE',''
  ) );
#2729 = PCURVE('',#2428,#2730);
#2730 = DEFINITIONAL_REPRESENTATION('',(#2731),#2734);
#2731 = B_SPLINE_CURVE_WITH_KNOTS('',1,(#2732,#2733),.UNSPECIFIED.,.F.,
  .F.,(2,2),(-10.0000006,-8.49),.PIECEWISE_BEZIER_KNOTS.);
#2732 = CARTESIAN_POINT('',(2.542463035442,-2.2000006));
#2733 = CARTESIAN_POINT('',(2.542463035442,-0.69));
#2734 = ( GEOMETRIC_REPRESENTATION_CONTEXT(2) 
PARAMETRIC_REPRESENTATION_CONTEXT() REPRESENTATION_CONTEXT('2D SPACE',''
  ) );
#2735 = ORIENTED_EDGE('',*,*,#2736,.T.);
#2736 = EDGE_CURVE('',#2716,#2737,#2739,.T.);
#2737 = VERTEX_POINT('',#2738);
#2738 = CARTESIAN_POINT('',(7.842463035442,0.9,1.5));
#2739 = SURFACE_CURVE('',#2740,(#2745,#2752),.PCURVE_S1.);
#2740 = CIRCLE('',#2741,5.);
#2741 = AXIS2_PLACEMENT_3D('',#2742,#2743,#2744);
#2742 = CARTESIAN_POINT('',(3.7,3.7,1.5));
#2743 = DIRECTION('',(0.,0.,1.));
#2744 = DIRECTION('',(1.,0.,0.));
#2745 = PCURVE('',#1185,#2746);
#2746 = DEFINITIONAL_REPRESENTATION('',(#2747),#2751);
#2747 = LINE('',#2748,#2749);
#2748 = CARTESIAN_POINT('',(-0.,-10.));
#2749 = VECTOR('',#2750,1.);
#2750 = DIRECTION('',(-1.,0.));
#2751 = ( GEOMETRIC_REPRESENTATION_CONTEXT(2) 
PARAMETRIC_REPRESENTATION_CONTEXT() REPRESENTATION_CONTEXT('2D SPACE',''
  ) );
#2752 = PCURVE('',#2753,#2758);
#2753 = PLANE('',#2754);
#2754 = AXIS2_PLACEMENT_3D('',#2755,#2756,#2757);
#2755 = CARTESIAN_POINT('',(3.7,3.7,1.5));
#2756 = DIRECTION('',(0.,0.,1.));
#2757 = DIRECTION('',(1.,0.,0.));
#2758 = DEFINITIONAL_REPRESENTATION('',(#2759),#2763);
#2759 = CIRCLE('',#2760,5.);
#2760 = AXIS2_PLACEMENT_2D('',#2761,#2762);
#2761 = CARTESIAN_POINT('',(4.440892098501E-16,-4.440892098501E-16));
#2762 = DIRECTION('',(1.,0.));
#2763 = ( GEOMETRIC_REPRESENTATION_CONTEXT(2) 
PARAMETRIC_REPRESENTATION_CONTEXT() REPRESENTATION_CONTEXT('2D SPACE',''
  ) );
#2764 = ORIENTED_EDGE('',*,*,#2765,.T.);
#2765 = EDGE_CURVE('',#2737,#2766,#2768,.T.);
#2766 = VERTEX_POINT('',#2767);
#2767 = CARTESIAN_POINT('',(7.842463035442,0.9,0.3));
#2768 = SURFACE_CURVE('',#2769,(#2773,#2779),.PCURVE_S1.);
#2769 = LINE('',#2770,#2771);
#2770 = CARTESIAN_POINT('',(7.842463035442,0.9,-8.5));
#2771 = VECTOR('',#2772,1.);
#2772 = DIRECTION('',(-0.,-0.,-1.));
#2773 = PCURVE('',#1185,#2774);
#2774 = DEFINITIONAL_REPRESENTATION('',(#2775),#2778);
#2775 = B_SPLINE_CURVE_WITH_KNOTS('',1,(#2776,#2777),.UNSPECIFIED.,.F.,
  .F.,(2,2),(-10.0000006,-8.49),.PIECEWISE_BEZIER_KNOTS.);
#2776 = CARTESIAN_POINT('',(-5.688799507179,-10.0000006));
#2777 = CARTESIAN_POINT('',(-5.688799507179,-8.49));
#2778 = ( GEOMETRIC_REPRESENTATION_CONTEXT(2) 
PARAMETRIC_REPRESENTATION_CONTEXT() REPRESENTATION_CONTEXT('2D SPACE',''
  ) );
#2779 = PCURVE('',#2780,#2785);
#2780 = PLANE('',#2781);
#2781 = AXIS2_PLACEMENT_3D('',#2782,#2783,#2784);
#2782 = CARTESIAN_POINT('',(5.299999999999,0.9,-0.7));
#2783 = DIRECTION('',(0.,1.,0.));
#2784 = DIRECTION('',(1.,0.,0.));
#2785 = DEFINITIONAL_REPRESENTATION('',(#2786),#2789);
#2786 = B_SPLINE_CURVE_WITH_KNOTS('',1,(#2787,#2788),.UNSPECIFIED.,.F.,
  .F.,(2,2),(-10.0000006,-8.49),.PIECEWISE_BEZIER_KNOTS.);
#2787 = CARTESIAN_POINT('',(2.542463035443,-2.2000006));
#2788 = CARTESIAN_POINT('',(2.542463035443,-0.69));
#2789 = ( GEOMETRIC_REPRESENTATION_CONTEXT(2) 
PARAMETRIC_REPRESENTATION_CONTEXT() REPRESENTATION_CONTEXT('2D SPACE',''
  ) );
#2790 = ORIENTED_EDGE('',*,*,#2791,.T.);
#2791 = EDGE_CURVE('',#2766,#2792,#2794,.T.);
#2792 = VERTEX_POINT('',#2793);
#2793 = CARTESIAN_POINT('',(6.7,-0.3,0.3));
#2794 = SURFACE_CURVE('',#2795,(#2800,#2807),.PCURVE_S1.);
#2795 = CIRCLE('',#2796,5.);
#2796 = AXIS2_PLACEMENT_3D('',#2797,#2798,#2799);
#2797 = CARTESIAN_POINT('',(3.7,3.7,0.3));
#2798 = DIRECTION('',(0.,0.,-1.));
#2799 = DIRECTION('',(1.,0.,0.));
#2800 = PCURVE('',#1185,#2801);
#2801 = DEFINITIONAL_REPRESENTATION('',(#2802),#2806);
#2802 = LINE('',#2803,#2804);
#2803 = CARTESIAN_POINT('',(-6.28318530718,-8.8));
#2804 = VECTOR('',#2805,1.);
#2805 = DIRECTION('',(1.,-0.));
#2806 = ( GEOMETRIC_REPRESENTATION_CONTEXT(2) 
PARAMETRIC_REPRESENTATION_CONTEXT() REPRESENTATION_CONTEXT('2D SPACE',''
  ) );
#2807 = PCURVE('',#2808,#2813);
#2808 = PLANE('',#2809);
#2809 = AXIS2_PLACEMENT_3D('',#2810,#2811,#2812);
#2810 = CARTESIAN_POINT('',(42.099999997988,50.,0.3));
#2811 = DIRECTION('',(0.,0.,1.));
#2812 = DIRECTION('',(1.,0.,-0.));
#2813 = DEFINITIONAL_REPRESENTATION('',(#2814),#2822);
#2814 = ( BOUNDED_CURVE() B_SPLINE_CURVE(2,(#2815,#2816,#2817,#2818,
#2819,#2820,#2821),.UNSPECIFIED.,.T.,.F.) B_SPLINE_CURVE_WITH_KNOTS((1,2
    ,2,2,2,1),(-2.094395102393,0.,2.094395102393,4.188790204786,
6.28318530718,8.377580409573),.UNSPECIFIED.) CURVE() 
GEOMETRIC_REPRESENTATION_ITEM() RATIONAL_B_SPLINE_CURVE((1.,0.5,1.,0.5,
1.,0.5,1.)) REPRESENTATION_ITEM('') );
#2815 = CARTESIAN_POINT('',(-33.39999999798,-46.3));
#2816 = CARTESIAN_POINT('',(-33.39999999798,-54.96025403784));
#2817 = CARTESIAN_POINT('',(-40.89999999798,-50.63012701892));
#2818 = CARTESIAN_POINT('',(-48.39999999798,-46.3));
#2819 = CARTESIAN_POINT('',(-40.89999999798,-41.96987298107));
#2820 = CARTESIAN_POINT('',(-33.39999999798,-37.63974596215));
#2821 = CARTESIAN_POINT('',(-33.39999999798,-46.3));
#2822 = ( GEOMETRIC_REPRESENTATION_CONTEXT(2) 
PARAMETRIC_REPRESENTATION_CONTEXT() REPRESENTATION_CONTEXT('2D SPACE',''
  ) );
#2823 = ORIENTED_EDGE('',*,*,#2824,.T.);
#2824 = EDGE_CURVE('',#2792,#2825,#2827,.T.);
#2825 = VERTEX_POINT('',#2826);
#2826 = CARTESIAN_POINT('',(6.7,-0.3,-7.1));
#2827 = SURFACE_CURVE('',#2828,(#2832,#2838),.PCURVE_S1.);
#2828 = LINE('',#2829,#2830);
#2829 = CARTESIAN_POINT('',(6.7,-0.3,-8.5));
#2830 = VECTOR('',#2831,1.);
#2831 = DIRECTION('',(-0.,-0.,-1.));
#2832 = PCURVE('',#1185,#2833);
#2833 = DEFINITIONAL_REPRESENTATION('',(#2834),#2837);
#2834 = B_SPLINE_CURVE_WITH_KNOTS('',1,(#2835,#2836),.UNSPECIFIED.,.F.,
  .F.,(2,2),(-9.58,-0.22),.PIECEWISE_BEZIER_KNOTS.);
#2835 = CARTESIAN_POINT('',(-5.355890089178,-9.58));
#2836 = CARTESIAN_POINT('',(-5.355890089178,-0.22));
#2837 = ( GEOMETRIC_REPRESENTATION_CONTEXT(2) 
PARAMETRIC_REPRESENTATION_CONTEXT() REPRESENTATION_CONTEXT('2D SPACE',''
  ) );
#2838 = PCURVE('',#2839,#2844);
#2839 = PLANE('',#2840);
#2840 = AXIS2_PLACEMENT_3D('',#2841,#2842,#2843);
#2841 = CARTESIAN_POINT('',(5.299999999999,-0.3,-8.5));
#2842 = DIRECTION('',(0.,1.,0.));
#2843 = DIRECTION('',(1.,0.,0.));
#2844 = DEFINITIONAL_REPRESENTATION('',(#2845),#2848);
#2845 = B_SPLINE_CURVE_WITH_KNOTS('',1,(#2846,#2847),.UNSPECIFIED.,.F.,
  .F.,(2,2),(-9.58,-0.22),.PIECEWISE_BEZIER_KNOTS.);
#2846 = CARTESIAN_POINT('',(1.400000000001,-9.58));
#2847 = CARTESIAN_POINT('',(1.400000000001,-0.22));
#2848 = ( GEOMETRIC_REPRESENTATION_CONTEXT(2) 
PARAMETRIC_REPRESENTATION_CONTEXT() REPRESENTATION_CONTEXT('2D SPACE',''
  ) );
#2849 = ORIENTED_EDGE('',*,*,#2850,.F.);
#2850 = EDGE_CURVE('',#1137,#2825,#2851,.T.);
#2851 = SURFACE_CURVE('',#2852,(#2857,#2867),.PCURVE_S1.);
#2852 = ELLIPSE('',#2853,7.071067811865,5.);
#2853 = AXIS2_PLACEMENT_3D('',#2854,#2855,#2856);
#2854 = CARTESIAN_POINT('',(3.7,3.7,-3.1));
#2855 = DIRECTION('',(-9.709052582848E-19,-0.707106781187,0.707106781187
    ));
#2856 = DIRECTION('',(-9.709052582848E-19,-0.707106781187,
    -0.707106781187));
#2857 = PCURVE('',#1185,#2858);
#2858 = DEFINITIONAL_REPRESENTATION('',(#2859),#2866);
#2859 = B_SPLINE_CURVE_WITH_KNOTS('',5,(#2860,#2861,#2862,#2863,#2864,
    #2865),.UNSPECIFIED.,.F.,.F.,(6,6),(0.494934126341,0.643501108793),
  .PIECEWISE_BEZIER_KNOTS.);
#2860 = CARTESIAN_POINT('',(-5.207323106726,-1.));
#2861 = CARTESIAN_POINT('',(-5.237036503216,-1.070565406899));
#2862 = CARTESIAN_POINT('',(-5.266749899707,-1.145986685035));
#2863 = CARTESIAN_POINT('',(-5.296463296197,-1.226134049343));
#2864 = CARTESIAN_POINT('',(-5.326176692687,-1.310859810529));
#2865 = CARTESIAN_POINT('',(-5.355890089178,-1.4));
#2866 = ( GEOMETRIC_REPRESENTATION_CONTEXT(2) 
PARAMETRIC_REPRESENTATION_CONTEXT() REPRESENTATION_CONTEXT('2D SPACE',''
  ) );
#2867 = PCURVE('',#1152,#2868);
#2868 = DEFINITIONAL_REPRESENTATION('',(#2869),#2873);
#2869 = ELLIPSE('',#2870,7.071067811865,5.);
#2870 = AXIS2_PLACEMENT_2D('',#2871,#2872);
#2871 = CARTESIAN_POINT('',(-73.8,5.939696961967));
#2872 = DIRECTION('',(-9.709052582848E-19,-1.));
#2873 = ( GEOMETRIC_REPRESENTATION_CONTEXT(2) 
PARAMETRIC_REPRESENTATION_CONTEXT() REPRESENTATION_CONTEXT('2D SPACE',''
  ) );
#2874 = ORIENTED_EDGE('',*,*,#1164,.T.);
#2875 = ORIENTED_EDGE('',*,*,#2558,.T.);
#2876 = ADVANCED_FACE('',(#2877),#1067,.F.);
#2877 = FACE_BOUND('',#2878,.T.);
#2878 = EDGE_LOOP('',(#2879,#2900,#2901,#2902,#2933,#2959,#2991,#3017,
    #3046,#3067));
#2879 = ORIENTED_EDGE('',*,*,#2880,.T.);
#2880 = EDGE_CURVE('',#2881,#2610,#2883,.T.);
#2881 = VERTEX_POINT('',#2882);
#2882 = CARTESIAN_POINT('',(77.5,100.3,0.3));
#2883 = SURFACE_CURVE('',#2884,(#2888,#2894),.PCURVE_S1.);
#2884 = LINE('',#2885,#2886);
#2885 = CARTESIAN_POINT('',(77.5,100.3,-8.5));
#2886 = VECTOR('',#2887,1.);
#2887 = DIRECTION('',(-0.,-0.,-1.));
#2888 = PCURVE('',#1067,#2889);
#2889 = DEFINITIONAL_REPRESENTATION('',(#2890),#2893);
#2890 = B_SPLINE_CURVE_WITH_KNOTS('',1,(#2891,#2892),.UNSPECIFIED.,.F.,
  .F.,(2,2),(-8.8,-1.),.PIECEWISE_BEZIER_KNOTS.);
#2891 = CARTESIAN_POINT('',(-8.497482742768,-8.8));
#2892 = CARTESIAN_POINT('',(-8.497482742768,-1.));
#2893 = ( GEOMETRIC_REPRESENTATION_CONTEXT(2) 
PARAMETRIC_REPRESENTATION_CONTEXT() REPRESENTATION_CONTEXT('2D SPACE',''
  ) );
#2894 = PCURVE('',#2314,#2895);
#2895 = DEFINITIONAL_REPRESENTATION('',(#2896),#2899);
#2896 = B_SPLINE_CURVE_WITH_KNOTS('',1,(#2897,#2898),.UNSPECIFIED.,.F.,
  .F.,(2,2),(-9.58,-0.22),.PIECEWISE_BEZIER_KNOTS.);
#2897 = CARTESIAN_POINT('',(72.200000000001,-9.58));
#2898 = CARTESIAN_POINT('',(72.200000000001,-0.22));
#2899 = ( GEOMETRIC_REPRESENTATION_CONTEXT(2) 
PARAMETRIC_REPRESENTATION_CONTEXT() REPRESENTATION_CONTEXT('2D SPACE',''
  ) );
#2900 = ORIENTED_EDGE('',*,*,#2609,.F.);
#2901 = ORIENTED_EDGE('',*,*,#1050,.F.);
#2902 = ORIENTED_EDGE('',*,*,#2903,.T.);
#2903 = EDGE_CURVE('',#1051,#2904,#2906,.T.);
#2904 = VERTEX_POINT('',#2905);
#2905 = CARTESIAN_POINT('',(84.500000000001,93.300000000001,-7.1));
#2906 = SURFACE_CURVE('',#2907,(#2912,#2922),.PCURVE_S1.);
#2907 = ELLIPSE('',#2908,7.071067811865,5.);
#2908 = AXIS2_PLACEMENT_3D('',#2909,#2910,#2911);
#2909 = CARTESIAN_POINT('',(80.5,96.3,-3.099999999999));
#2910 = DIRECTION('',(-0.707106781187,4.727776962496E-18,-0.707106781187
    ));
#2911 = DIRECTION('',(0.707106781187,-4.727776962496E-18,-0.707106781187
    ));
#2912 = PCURVE('',#1067,#2913);
#2913 = DEFINITIONAL_REPRESENTATION('',(#2914),#2921);
#2914 = B_SPLINE_CURVE_WITH_KNOTS('',5,(#2915,#2916,#2917,#2918,#2919,
    #2920),.UNSPECIFIED.,.F.,.F.,(6,6),(0.494934126341,0.643501108793),
  .PIECEWISE_BEZIER_KNOTS.);
#2915 = CARTESIAN_POINT('',(-5.788251180839,-1.));
#2916 = CARTESIAN_POINT('',(-5.758537784349,-1.070565406899));
#2917 = CARTESIAN_POINT('',(-5.728824387858,-1.145986685035));
#2918 = CARTESIAN_POINT('',(-5.699110991368,-1.226134049343));
#2919 = CARTESIAN_POINT('',(-5.669397594877,-1.310859810529));
#2920 = CARTESIAN_POINT('',(-5.639684198387,-1.4));
#2921 = ( GEOMETRIC_REPRESENTATION_CONTEXT(2) 
PARAMETRIC_REPRESENTATION_CONTEXT() REPRESENTATION_CONTEXT('2D SPACE',''
  ) );
#2922 = PCURVE('',#1095,#2923);
#2923 = DEFINITIONAL_REPRESENTATION('',(#2924),#2932);
#2924 = ( BOUNDED_CURVE() B_SPLINE_CURVE(2,(#2925,#2926,#2927,#2928,
#2929,#2930,#2931),.UNSPECIFIED.,.T.,.F.) B_SPLINE_CURVE_WITH_KNOTS((1,2
    ,2,2,2,1),(-2.094395102393,0.,2.094395102393,4.188790204786,
6.28318530718,8.377580409573),.UNSPECIFIED.) CURVE() 
GEOMETRIC_REPRESENTATION_ITEM() RATIONAL_B_SPLINE_CURVE((1.,0.5,1.,0.5,
1.,0.5,1.)) REPRESENTATION_ITEM('') );
#2925 = CARTESIAN_POINT('',(2.999999999999,-1.131370849897));
#2926 = CARTESIAN_POINT('',(-5.660254037845,-1.131370849897));
#2927 = CARTESIAN_POINT('',(-1.330127018923,9.475230867901));
#2928 = CARTESIAN_POINT('',(2.999999999999,20.081832585699));
#2929 = CARTESIAN_POINT('',(7.330127018921,9.475230867901));
#2930 = CARTESIAN_POINT('',(11.660254037844,-1.131370849897));
#2931 = CARTESIAN_POINT('',(2.999999999999,-1.131370849897));
#2932 = ( GEOMETRIC_REPRESENTATION_CONTEXT(2) 
PARAMETRIC_REPRESENTATION_CONTEXT() REPRESENTATION_CONTEXT('2D SPACE',''
  ) );
#2933 = ORIENTED_EDGE('',*,*,#2934,.F.);
#2934 = EDGE_CURVE('',#2935,#2904,#2937,.T.);
#2935 = VERTEX_POINT('',#2936);
#2936 = CARTESIAN_POINT('',(84.500000000001,93.300000000001,0.3));
#2937 = SURFACE_CURVE('',#2938,(#2942,#2948),.PCURVE_S1.);
#2938 = LINE('',#2939,#2940);
#2939 = CARTESIAN_POINT('',(84.500000000001,93.300000000001,-8.5));
#2940 = VECTOR('',#2941,1.);
#2941 = DIRECTION('',(-0.,-0.,-1.));
#2942 = PCURVE('',#1067,#2943);
#2943 = DEFINITIONAL_REPRESENTATION('',(#2944),#2947);
#2944 = B_SPLINE_CURVE_WITH_KNOTS('',1,(#2945,#2946),.UNSPECIFIED.,.F.,
  .F.,(2,2),(-8.8,-1.),.PIECEWISE_BEZIER_KNOTS.);
#2945 = CARTESIAN_POINT('',(-5.639684198387,-8.8));
#2946 = CARTESIAN_POINT('',(-5.639684198387,-1.));
#2947 = ( GEOMETRIC_REPRESENTATION_CONTEXT(2) 
PARAMETRIC_REPRESENTATION_CONTEXT() REPRESENTATION_CONTEXT('2D SPACE',''
  ) );
#2948 = PCURVE('',#2949,#2954);
#2949 = PLANE('',#2950);
#2950 = AXIS2_PLACEMENT_3D('',#2951,#2952,#2953);
#2951 = CARTESIAN_POINT('',(84.500000000001,5.3,-8.5));
#2952 = DIRECTION('',(-1.,0.,0.));
#2953 = DIRECTION('',(0.,1.,0.));
#2954 = DEFINITIONAL_REPRESENTATION('',(#2955),#2958);
#2955 = B_SPLINE_CURVE_WITH_KNOTS('',1,(#2956,#2957),.UNSPECIFIED.,.F.,
  .F.,(2,2),(-9.58,-0.22),.PIECEWISE_BEZIER_KNOTS.);
#2956 = CARTESIAN_POINT('',(88.000000000001,-9.58));
#2957 = CARTESIAN_POINT('',(88.000000000001,-0.22));
#2958 = ( GEOMETRIC_REPRESENTATION_CONTEXT(2) 
PARAMETRIC_REPRESENTATION_CONTEXT() REPRESENTATION_CONTEXT('2D SPACE',''
  ) );
#2959 = ORIENTED_EDGE('',*,*,#2960,.T.);
#2960 = EDGE_CURVE('',#2935,#2961,#2963,.T.);
#2961 = VERTEX_POINT('',#2962);
#2962 = CARTESIAN_POINT('',(83.300000000001,92.157536964559,0.3));
#2963 = SURFACE_CURVE('',#2964,(#2969,#2975),.PCURVE_S1.);
#2964 = CIRCLE('',#2965,5.);
#2965 = AXIS2_PLACEMENT_3D('',#2966,#2967,#2968);
#2966 = CARTESIAN_POINT('',(80.5,96.3,0.3));
#2967 = DIRECTION('',(0.,0.,-1.));
#2968 = DIRECTION('',(1.,0.,0.));
#2969 = PCURVE('',#1067,#2970);
#2970 = DEFINITIONAL_REPRESENTATION('',(#2971),#2974);
#2971 = B_SPLINE_CURVE_WITH_KNOTS('',1,(#2972,#2973),.UNSPECIFIED.,.F.,
  .F.,(2,2),(0.643501108793,0.976410526794),.PIECEWISE_BEZIER_KNOTS.);
#2972 = CARTESIAN_POINT('',(-5.639684198387,-8.8));
#2973 = CARTESIAN_POINT('',(-5.306774780386,-8.8));
#2974 = ( GEOMETRIC_REPRESENTATION_CONTEXT(2) 
PARAMETRIC_REPRESENTATION_CONTEXT() REPRESENTATION_CONTEXT('2D SPACE',''
  ) );
#2975 = PCURVE('',#2976,#2981);
#2976 = PLANE('',#2977);
#2977 = AXIS2_PLACEMENT_3D('',#2978,#2979,#2980);
#2978 = CARTESIAN_POINT('',(42.099999997988,50.,0.3));
#2979 = DIRECTION('',(0.,0.,1.));
#2980 = DIRECTION('',(1.,0.,-0.));
#2981 = DEFINITIONAL_REPRESENTATION('',(#2982),#2990);
#2982 = ( BOUNDED_CURVE() B_SPLINE_CURVE(2,(#2983,#2984,#2985,#2986,
#2987,#2988,#2989),.UNSPECIFIED.,.T.,.F.) B_SPLINE_CURVE_WITH_KNOTS((1,2
    ,2,2,2,1),(-2.094395102393,0.,2.094395102393,4.188790204786,
6.28318530718,8.377580409573),.UNSPECIFIED.) CURVE() 
GEOMETRIC_REPRESENTATION_ITEM() RATIONAL_B_SPLINE_CURVE((1.,0.5,1.,0.5,
1.,0.5,1.)) REPRESENTATION_ITEM('') );
#2983 = CARTESIAN_POINT('',(43.400000002012,46.3));
#2984 = CARTESIAN_POINT('',(43.400000002012,37.639745962156));
#2985 = CARTESIAN_POINT('',(35.900000002012,41.969872981078));
#2986 = CARTESIAN_POINT('',(28.400000002012,46.3));
#2987 = CARTESIAN_POINT('',(35.900000002012,50.630127018922));
#2988 = CARTESIAN_POINT('',(43.400000002012,54.960254037844));
#2989 = CARTESIAN_POINT('',(43.400000002012,46.3));
#2990 = ( GEOMETRIC_REPRESENTATION_CONTEXT(2) 
PARAMETRIC_REPRESENTATION_CONTEXT() REPRESENTATION_CONTEXT('2D SPACE',''
  ) );
#2991 = ORIENTED_EDGE('',*,*,#2992,.F.);
#2992 = EDGE_CURVE('',#2993,#2961,#2995,.T.);
#2993 = VERTEX_POINT('',#2994);
#2994 = CARTESIAN_POINT('',(83.300000000001,92.157536964559,1.5));
#2995 = SURFACE_CURVE('',#2996,(#3000,#3006),.PCURVE_S1.);
#2996 = LINE('',#2997,#2998);
#2997 = CARTESIAN_POINT('',(83.300000000001,92.157536964559,-8.5));
#2998 = VECTOR('',#2999,1.);
#2999 = DIRECTION('',(-0.,-0.,-1.));
#3000 = PCURVE('',#1067,#3001);
#3001 = DEFINITIONAL_REPRESENTATION('',(#3002),#3005);
#3002 = B_SPLINE_CURVE_WITH_KNOTS('',1,(#3003,#3004),.UNSPECIFIED.,.F.,
  .F.,(2,2),(-10.,-8.8),.PIECEWISE_BEZIER_KNOTS.);
#3003 = CARTESIAN_POINT('',(-5.306774780386,-10.));
#3004 = CARTESIAN_POINT('',(-5.306774780386,-8.8));
#3005 = ( GEOMETRIC_REPRESENTATION_CONTEXT(2) 
PARAMETRIC_REPRESENTATION_CONTEXT() REPRESENTATION_CONTEXT('2D SPACE',''
  ) );
#3006 = PCURVE('',#3007,#3012);
#3007 = PLANE('',#3008);
#3008 = AXIS2_PLACEMENT_3D('',#3009,#3010,#3011);
#3009 = CARTESIAN_POINT('',(83.300000000001,5.3,-0.7));
#3010 = DIRECTION('',(-1.,0.,0.));
#3011 = DIRECTION('',(0.,1.,0.));
#3012 = DEFINITIONAL_REPRESENTATION('',(#3013),#3016);
#3013 = B_SPLINE_CURVE_WITH_KNOTS('',1,(#3014,#3015),.UNSPECIFIED.,.F.,
  .F.,(2,2),(-10.0000006,-8.49),.PIECEWISE_BEZIER_KNOTS.);
#3014 = CARTESIAN_POINT('',(86.857536964559,-2.2000006));
#3015 = CARTESIAN_POINT('',(86.857536964559,-0.69));
#3016 = ( GEOMETRIC_REPRESENTATION_CONTEXT(2) 
PARAMETRIC_REPRESENTATION_CONTEXT() REPRESENTATION_CONTEXT('2D SPACE',''
  ) );
#3017 = ORIENTED_EDGE('',*,*,#3018,.T.);
#3018 = EDGE_CURVE('',#2993,#3019,#3021,.T.);
#3019 = VERTEX_POINT('',#3020);
#3020 = CARTESIAN_POINT('',(76.357536964558,99.1,1.5));
#3021 = SURFACE_CURVE('',#3022,(#3027,#3034),.PCURVE_S1.);
#3022 = CIRCLE('',#3023,5.);
#3023 = AXIS2_PLACEMENT_3D('',#3024,#3025,#3026);
#3024 = CARTESIAN_POINT('',(80.5,96.3,1.5));
#3025 = DIRECTION('',(-0.,0.,1.));
#3026 = DIRECTION('',(0.56,-0.828492607088,0.));
#3027 = PCURVE('',#1067,#3028);
#3028 = DEFINITIONAL_REPRESENTATION('',(#3029),#3033);
#3029 = LINE('',#3030,#3031);
#3030 = CARTESIAN_POINT('',(-5.306774780386,-10.));
#3031 = VECTOR('',#3032,1.);
#3032 = DIRECTION('',(-1.,0.));
#3033 = ( GEOMETRIC_REPRESENTATION_CONTEXT(2) 
PARAMETRIC_REPRESENTATION_CONTEXT() REPRESENTATION_CONTEXT('2D SPACE',''
  ) );
#3034 = PCURVE('',#3035,#3040);
#3035 = PLANE('',#3036);
#3036 = AXIS2_PLACEMENT_3D('',#3037,#3038,#3039);
#3037 = CARTESIAN_POINT('',(80.5,96.3,1.5));
#3038 = DIRECTION('',(0.,0.,1.));
#3039 = DIRECTION('',(1.,0.,0.));
#3040 = DEFINITIONAL_REPRESENTATION('',(#3041),#3045);
#3041 = CIRCLE('',#3042,5.);
#3042 = AXIS2_PLACEMENT_2D('',#3043,#3044);
#3043 = CARTESIAN_POINT('',(0.,0.));
#3044 = DIRECTION('',(0.56,-0.828492607088));
#3045 = ( GEOMETRIC_REPRESENTATION_CONTEXT(2) 
PARAMETRIC_REPRESENTATION_CONTEXT() REPRESENTATION_CONTEXT('2D SPACE',''
  ) );
#3046 = ORIENTED_EDGE('',*,*,#3047,.T.);
#3047 = EDGE_CURVE('',#3019,#3048,#3050,.T.);
#3048 = VERTEX_POINT('',#3049);
#3049 = CARTESIAN_POINT('',(76.357536964558,99.1,0.3));
#3050 = SURFACE_CURVE('',#3051,(#3055,#3061),.PCURVE_S1.);
#3051 = LINE('',#3052,#3053);
#3052 = CARTESIAN_POINT('',(76.357536964558,99.1,-8.5));
#3053 = VECTOR('',#3054,1.);
#3054 = DIRECTION('',(-0.,-0.,-1.));
#3055 = PCURVE('',#1067,#3056);
#3056 = DEFINITIONAL_REPRESENTATION('',(#3057),#3060);
#3057 = B_SPLINE_CURVE_WITH_KNOTS('',1,(#3058,#3059),.UNSPECIFIED.,.F.,
  .F.,(2,2),(-10.,-8.8),.PIECEWISE_BEZIER_KNOTS.);
#3058 = CARTESIAN_POINT('',(-8.830392160768,-10.));
#3059 = CARTESIAN_POINT('',(-8.830392160768,-8.8));
#3060 = ( GEOMETRIC_REPRESENTATION_CONTEXT(2) 
PARAMETRIC_REPRESENTATION_CONTEXT() REPRESENTATION_CONTEXT('2D SPACE',''
  ) );
#3061 = PCURVE('',#2373,#3062);
#3062 = DEFINITIONAL_REPRESENTATION('',(#3063),#3066);
#3063 = B_SPLINE_CURVE_WITH_KNOTS('',1,(#3064,#3065),.UNSPECIFIED.,.F.,
  .F.,(2,2),(-10.0000006,-8.49),.PIECEWISE_BEZIER_KNOTS.);
#3064 = CARTESIAN_POINT('',(71.05753696456,-2.2000006));
#3065 = CARTESIAN_POINT('',(71.05753696456,-0.69));
#3066 = ( GEOMETRIC_REPRESENTATION_CONTEXT(2) 
PARAMETRIC_REPRESENTATION_CONTEXT() REPRESENTATION_CONTEXT('2D SPACE',''
  ) );
#3067 = ORIENTED_EDGE('',*,*,#3068,.T.);
#3068 = EDGE_CURVE('',#3048,#2881,#3069,.T.);
#3069 = SURFACE_CURVE('',#3070,(#3075,#3081),.PCURVE_S1.);
#3070 = CIRCLE('',#3071,5.);
#3071 = AXIS2_PLACEMENT_3D('',#3072,#3073,#3074);
#3072 = CARTESIAN_POINT('',(80.5,96.3,0.3));
#3073 = DIRECTION('',(0.,0.,-1.));
#3074 = DIRECTION('',(1.,0.,0.));
#3075 = PCURVE('',#1067,#3076);
#3076 = DEFINITIONAL_REPRESENTATION('',(#3077),#3080);
#3077 = B_SPLINE_CURVE_WITH_KNOTS('',1,(#3078,#3079),.UNSPECIFIED.,.F.,
  .F.,(2,2),(3.735978453591,4.068887871591),.PIECEWISE_BEZIER_KNOTS.);
#3078 = CARTESIAN_POINT('',(-8.830392160768,-8.8));
#3079 = CARTESIAN_POINT('',(-8.497482742768,-8.8));
#3080 = ( GEOMETRIC_REPRESENTATION_CONTEXT(2) 
PARAMETRIC_REPRESENTATION_CONTEXT() REPRESENTATION_CONTEXT('2D SPACE',''
  ) );
#3081 = PCURVE('',#2342,#3082);
#3082 = DEFINITIONAL_REPRESENTATION('',(#3083),#3091);
#3083 = ( BOUNDED_CURVE() B_SPLINE_CURVE(2,(#3084,#3085,#3086,#3087,
#3088,#3089,#3090),.UNSPECIFIED.,.T.,.F.) B_SPLINE_CURVE_WITH_KNOTS((1,2
    ,2,2,2,1),(-2.094395102393,0.,2.094395102393,4.188790204786,
6.28318530718,8.377580409573),.UNSPECIFIED.) CURVE() 
GEOMETRIC_REPRESENTATION_ITEM() RATIONAL_B_SPLINE_CURVE((1.,0.5,1.,0.5,
1.,0.5,1.)) REPRESENTATION_ITEM('') );
#3084 = CARTESIAN_POINT('',(43.400000002012,46.3));
#3085 = CARTESIAN_POINT('',(43.400000002012,37.639745962156));
#3086 = CARTESIAN_POINT('',(35.900000002012,41.969872981078));
#3087 = CARTESIAN_POINT('',(28.400000002012,46.3));
#3088 = CARTESIAN_POINT('',(35.900000002012,50.630127018922));
#3089 = CARTESIAN_POINT('',(43.400000002012,54.960254037844));
#3090 = CARTESIAN_POINT('',(43.400000002012,46.3));
#3091 = ( GEOMETRIC_REPRESENTATION_CONTEXT(2) 
PARAMETRIC_REPRESENTATION_CONTEXT() REPRESENTATION_CONTEXT('2D SPACE',''
  ) );
#3092 = ADVANCED_FACE('',(#3093),#1152,.F.);
#3093 = FACE_BOUND('',#3094,.T.);
#3094 = EDGE_LOOP('',(#3095,#3126,#3127,#3128));
#3095 = ORIENTED_EDGE('',*,*,#3096,.F.);
#3096 = EDGE_CURVE('',#1108,#3097,#3099,.T.);
#3097 = VERTEX_POINT('',#3098);
#3098 = CARTESIAN_POINT('',(77.5,-0.3,-7.1));
#3099 = SURFACE_CURVE('',#3100,(#3105,#3116),.PCURVE_S1.);
#3100 = ELLIPSE('',#3101,7.071067811865,5.);
#3101 = AXIS2_PLACEMENT_3D('',#3102,#3103,#3104);
#3102 = CARTESIAN_POINT('',(80.5,3.7,-3.1));
#3103 = DIRECTION('',(9.709052582848E-19,0.707106781187,-0.707106781187)
  );
#3104 = DIRECTION('',(-9.709052582848E-19,-0.707106781187,
    -0.707106781187));
#3105 = PCURVE('',#1152,#3106);
#3106 = DEFINITIONAL_REPRESENTATION('',(#3107),#3115);
#3107 = ( BOUNDED_CURVE() B_SPLINE_CURVE(2,(#3108,#3109,#3110,#3111,
#3112,#3113,#3114),.UNSPECIFIED.,.T.,.F.) B_SPLINE_CURVE_WITH_KNOTS((1,2
    ,2,2,2,1),(-2.094395102393,0.,2.094395102393,4.188790204786,
6.28318530718,8.377580409573),.UNSPECIFIED.) CURVE() 
GEOMETRIC_REPRESENTATION_ITEM() RATIONAL_B_SPLINE_CURVE((1.,0.5,1.,0.5,
1.,0.5,1.)) REPRESENTATION_ITEM('') );
#3108 = CARTESIAN_POINT('',(3.,-1.131370849898));
#3109 = CARTESIAN_POINT('',(-5.660254037844,-1.131370849898));
#3110 = CARTESIAN_POINT('',(-1.330127018922,9.4752308679));
#3111 = CARTESIAN_POINT('',(3.,20.081832585698));
#3112 = CARTESIAN_POINT('',(7.330127018922,9.4752308679));
#3113 = CARTESIAN_POINT('',(11.660254037844,-1.131370849898));
#3114 = CARTESIAN_POINT('',(3.,-1.131370849898));
#3115 = ( GEOMETRIC_REPRESENTATION_CONTEXT(2) 
PARAMETRIC_REPRESENTATION_CONTEXT() REPRESENTATION_CONTEXT('2D SPACE',''
  ) );
#3116 = PCURVE('',#1124,#3117);
#3117 = DEFINITIONAL_REPRESENTATION('',(#3118),#3125);
#3118 = B_SPLINE_CURVE_WITH_KNOTS('',5,(#3119,#3120,#3121,#3122,#3123,
    #3124),.UNSPECIFIED.,.F.,.F.,(6,6),(0.494934126341,0.643501108793),
  .PIECEWISE_BEZIER_KNOTS.);
#3119 = CARTESIAN_POINT('',(-4.217454854044,-1.));
#3120 = CARTESIAN_POINT('',(-4.187741457553,-1.070565406899));
#3121 = CARTESIAN_POINT('',(-4.158028061063,-1.145986685035));
#3122 = CARTESIAN_POINT('',(-4.128314664572,-1.226134049343));
#3123 = CARTESIAN_POINT('',(-4.098601268082,-1.310859810529));
#3124 = CARTESIAN_POINT('',(-4.068887871591,-1.4));
#3125 = ( GEOMETRIC_REPRESENTATION_CONTEXT(2) 
PARAMETRIC_REPRESENTATION_CONTEXT() REPRESENTATION_CONTEXT('2D SPACE',''
  ) );
#3126 = ORIENTED_EDGE('',*,*,#1136,.T.);
#3127 = ORIENTED_EDGE('',*,*,#2850,.T.);
#3128 = ORIENTED_EDGE('',*,*,#3129,.F.);
#3129 = EDGE_CURVE('',#3097,#2825,#3130,.T.);
#3130 = SURFACE_CURVE('',#3131,(#3135,#3142),.PCURVE_S1.);
#3131 = LINE('',#3132,#3133);
#3132 = CARTESIAN_POINT('',(77.5,-0.3,-7.1));
#3133 = VECTOR('',#3134,1.);
#3134 = DIRECTION('',(-1.,0.,0.));
#3135 = PCURVE('',#1152,#3136);
#3136 = DEFINITIONAL_REPRESENTATION('',(#3137),#3141);
#3137 = LINE('',#3138,#3139);
#3138 = CARTESIAN_POINT('',(-0.,0.282842712475));
#3139 = VECTOR('',#3140,1.);
#3140 = DIRECTION('',(-1.,0.));
#3141 = ( GEOMETRIC_REPRESENTATION_CONTEXT(2) 
PARAMETRIC_REPRESENTATION_CONTEXT() REPRESENTATION_CONTEXT('2D SPACE',''
  ) );
#3142 = PCURVE('',#2839,#3143);
#3143 = DEFINITIONAL_REPRESENTATION('',(#3144),#3148);
#3144 = LINE('',#3145,#3146);
#3145 = CARTESIAN_POINT('',(72.200000000001,-1.4));
#3146 = VECTOR('',#3147,1.);
#3147 = DIRECTION('',(-1.,0.));
#3148 = ( GEOMETRIC_REPRESENTATION_CONTEXT(2) 
PARAMETRIC_REPRESENTATION_CONTEXT() REPRESENTATION_CONTEXT('2D SPACE',''
  ) );
#3149 = ADVANCED_FACE('',(#3150),#1095,.F.);
#3150 = FACE_BOUND('',#3151,.T.);
#3151 = EDGE_LOOP('',(#3152,#3153,#3154,#3181));
#3152 = ORIENTED_EDGE('',*,*,#2903,.F.);
#3153 = ORIENTED_EDGE('',*,*,#1079,.T.);
#3154 = ORIENTED_EDGE('',*,*,#3155,.T.);
#3155 = EDGE_CURVE('',#1080,#3156,#3158,.T.);
#3156 = VERTEX_POINT('',#3157);
#3157 = CARTESIAN_POINT('',(84.500000000001,6.699999999999,-7.1));
#3158 = SURFACE_CURVE('',#3159,(#3164,#3171),.PCURVE_S1.);
#3159 = ELLIPSE('',#3160,7.071067811865,5.);
#3160 = AXIS2_PLACEMENT_3D('',#3161,#3162,#3163);
#3161 = CARTESIAN_POINT('',(80.5,3.7,-3.099999999999));
#3162 = DIRECTION('',(0.707106781187,-4.727776962496E-18,0.707106781187)
  );
#3163 = DIRECTION('',(0.707106781187,-4.727776962496E-18,-0.707106781187
    ));
#3164 = PCURVE('',#1095,#3165);
#3165 = DEFINITIONAL_REPRESENTATION('',(#3166),#3170);
#3166 = ELLIPSE('',#3167,7.071067811865,5.);
#3167 = AXIS2_PLACEMENT_2D('',#3168,#3169);
#3168 = CARTESIAN_POINT('',(-89.6,5.939696961968));
#3169 = DIRECTION('',(-4.727776962496E-18,-1.));
#3170 = ( GEOMETRIC_REPRESENTATION_CONTEXT(2) 
PARAMETRIC_REPRESENTATION_CONTEXT() REPRESENTATION_CONTEXT('2D SPACE',''
  ) );
#3171 = PCURVE('',#1124,#3172);
#3172 = DEFINITIONAL_REPRESENTATION('',(#3173),#3180);
#3173 = B_SPLINE_CURVE_WITH_KNOTS('',5,(#3174,#3175,#3176,#3177,#3178,
    #3179),.UNSPECIFIED.,.F.,.F.,(6,6),(0.494934126341,0.643501108793),
  .PIECEWISE_BEZIER_KNOTS.);
#3174 = CARTESIAN_POINT('',(-6.77811943352,-1.));
#3175 = CARTESIAN_POINT('',(-6.807832830011,-1.070565406899));
#3176 = CARTESIAN_POINT('',(-6.837546226501,-1.145986685035));
#3177 = CARTESIAN_POINT('',(-6.867259622992,-1.226134049343));
#3178 = CARTESIAN_POINT('',(-6.896973019482,-1.310859810529));
#3179 = CARTESIAN_POINT('',(-6.926686415973,-1.4));
#3180 = ( GEOMETRIC_REPRESENTATION_CONTEXT(2) 
PARAMETRIC_REPRESENTATION_CONTEXT() REPRESENTATION_CONTEXT('2D SPACE',''
  ) );
#3181 = ORIENTED_EDGE('',*,*,#3182,.F.);
#3182 = EDGE_CURVE('',#2904,#3156,#3183,.T.);
#3183 = SURFACE_CURVE('',#3184,(#3188,#3195),.PCURVE_S1.);
#3184 = LINE('',#3185,#3186);
#3185 = CARTESIAN_POINT('',(84.500000000001,93.300000000001,-7.1));
#3186 = VECTOR('',#3187,1.);
#3187 = DIRECTION('',(0.,-1.,0.));
#3188 = PCURVE('',#1095,#3189);
#3189 = DEFINITIONAL_REPRESENTATION('',(#3190),#3194);
#3190 = LINE('',#3191,#3192);
#3191 = CARTESIAN_POINT('',(-0.,0.282842712475));
#3192 = VECTOR('',#3193,1.);
#3193 = DIRECTION('',(-1.,0.));
#3194 = ( GEOMETRIC_REPRESENTATION_CONTEXT(2) 
PARAMETRIC_REPRESENTATION_CONTEXT() REPRESENTATION_CONTEXT('2D SPACE',''
  ) );
#3195 = PCURVE('',#2949,#3196);
#3196 = DEFINITIONAL_REPRESENTATION('',(#3197),#3201);
#3197 = LINE('',#3198,#3199);
#3198 = CARTESIAN_POINT('',(88.000000000001,-1.4));
#3199 = VECTOR('',#3200,1.);
#3200 = DIRECTION('',(-1.,0.));
#3201 = ( GEOMETRIC_REPRESENTATION_CONTEXT(2) 
PARAMETRIC_REPRESENTATION_CONTEXT() REPRESENTATION_CONTEXT('2D SPACE',''
  ) );
#3202 = ADVANCED_FACE('',(#3203),#1124,.F.);
#3203 = FACE_BOUND('',#3204,.T.);
#3204 = EDGE_LOOP('',(#3205,#3226,#3227,#3228,#3229,#3250,#3277,#3298,
    #3327,#3348));
#3205 = ORIENTED_EDGE('',*,*,#3206,.T.);
#3206 = EDGE_CURVE('',#3207,#3156,#3209,.T.);
#3207 = VERTEX_POINT('',#3208);
#3208 = CARTESIAN_POINT('',(84.500000000001,6.699999999999,0.3));
#3209 = SURFACE_CURVE('',#3210,(#3214,#3220),.PCURVE_S1.);
#3210 = LINE('',#3211,#3212);
#3211 = CARTESIAN_POINT('',(84.500000000001,6.699999999999,-8.5));
#3212 = VECTOR('',#3213,1.);
#3213 = DIRECTION('',(-0.,-0.,-1.));
#3214 = PCURVE('',#1124,#3215);
#3215 = DEFINITIONAL_REPRESENTATION('',(#3216),#3219);
#3216 = B_SPLINE_CURVE_WITH_KNOTS('',1,(#3217,#3218),.UNSPECIFIED.,.F.,
  .F.,(2,2),(-8.8,-1.),.PIECEWISE_BEZIER_KNOTS.);
#3217 = CARTESIAN_POINT('',(-6.926686415973,-8.8));
#3218 = CARTESIAN_POINT('',(-6.926686415973,-1.));
#3219 = ( GEOMETRIC_REPRESENTATION_CONTEXT(2) 
PARAMETRIC_REPRESENTATION_CONTEXT() REPRESENTATION_CONTEXT('2D SPACE',''
  ) );
#3220 = PCURVE('',#2949,#3221);
#3221 = DEFINITIONAL_REPRESENTATION('',(#3222),#3225);
#3222 = B_SPLINE_CURVE_WITH_KNOTS('',1,(#3223,#3224),.UNSPECIFIED.,.F.,
  .F.,(2,2),(-9.58,-0.22),.PIECEWISE_BEZIER_KNOTS.);
#3223 = CARTESIAN_POINT('',(1.399999999999,-9.58));
#3224 = CARTESIAN_POINT('',(1.399999999999,-0.22));
#3225 = ( GEOMETRIC_REPRESENTATION_CONTEXT(2) 
PARAMETRIC_REPRESENTATION_CONTEXT() REPRESENTATION_CONTEXT('2D SPACE',''
  ) );
#3226 = ORIENTED_EDGE('',*,*,#3155,.F.);
#3227 = ORIENTED_EDGE('',*,*,#1107,.F.);
#3228 = ORIENTED_EDGE('',*,*,#3096,.T.);
#3229 = ORIENTED_EDGE('',*,*,#3230,.F.);
#3230 = EDGE_CURVE('',#3231,#3097,#3233,.T.);
#3231 = VERTEX_POINT('',#3232);
#3232 = CARTESIAN_POINT('',(77.5,-0.3,0.3));
#3233 = SURFACE_CURVE('',#3234,(#3238,#3244),.PCURVE_S1.);
#3234 = LINE('',#3235,#3236);
#3235 = CARTESIAN_POINT('',(77.5,-0.3,-8.5));
#3236 = VECTOR('',#3237,1.);
#3237 = DIRECTION('',(-0.,-0.,-1.));
#3238 = PCURVE('',#1124,#3239);
#3239 = DEFINITIONAL_REPRESENTATION('',(#3240),#3243);
#3240 = B_SPLINE_CURVE_WITH_KNOTS('',1,(#3241,#3242),.UNSPECIFIED.,.F.,
  .F.,(2,2),(-8.8,-1.),.PIECEWISE_BEZIER_KNOTS.);
#3241 = CARTESIAN_POINT('',(-4.068887871591,-8.8));
#3242 = CARTESIAN_POINT('',(-4.068887871591,-1.));
#3243 = ( GEOMETRIC_REPRESENTATION_CONTEXT(2) 
PARAMETRIC_REPRESENTATION_CONTEXT() REPRESENTATION_CONTEXT('2D SPACE',''
  ) );
#3244 = PCURVE('',#2839,#3245);
#3245 = DEFINITIONAL_REPRESENTATION('',(#3246),#3249);
#3246 = B_SPLINE_CURVE_WITH_KNOTS('',1,(#3247,#3248),.UNSPECIFIED.,.F.,
  .F.,(2,2),(-9.58,-0.22),.PIECEWISE_BEZIER_KNOTS.);
#3247 = CARTESIAN_POINT('',(72.200000000001,-9.58));
#3248 = CARTESIAN_POINT('',(72.200000000001,-0.22));
#3249 = ( GEOMETRIC_REPRESENTATION_CONTEXT(2) 
PARAMETRIC_REPRESENTATION_CONTEXT() REPRESENTATION_CONTEXT('2D SPACE',''
  ) );
#3250 = ORIENTED_EDGE('',*,*,#3251,.T.);
#3251 = EDGE_CURVE('',#3231,#3252,#3254,.T.);
#3252 = VERTEX_POINT('',#3253);
#3253 = CARTESIAN_POINT('',(76.357536964558,0.9,0.3));
#3254 = SURFACE_CURVE('',#3255,(#3260,#3266),.PCURVE_S1.);
#3255 = CIRCLE('',#3256,5.);
#3256 = AXIS2_PLACEMENT_3D('',#3257,#3258,#3259);
#3257 = CARTESIAN_POINT('',(80.5,3.7,0.3));
#3258 = DIRECTION('',(0.,0.,-1.));
#3259 = DIRECTION('',(1.,0.,0.));
#3260 = PCURVE('',#1124,#3261);
#3261 = DEFINITIONAL_REPRESENTATION('',(#3262),#3265);
#3262 = B_SPLINE_CURVE_WITH_KNOTS('',1,(#3263,#3264),.UNSPECIFIED.,.F.,
  .F.,(2,2),(2.214297435588,2.547206853589),.PIECEWISE_BEZIER_KNOTS.);
#3263 = CARTESIAN_POINT('',(-4.068887871591,-8.8));
#3264 = CARTESIAN_POINT('',(-3.735978453591,-8.8));
#3265 = ( GEOMETRIC_REPRESENTATION_CONTEXT(2) 
PARAMETRIC_REPRESENTATION_CONTEXT() REPRESENTATION_CONTEXT('2D SPACE',''
  ) );
#3266 = PCURVE('',#2808,#3267);
#3267 = DEFINITIONAL_REPRESENTATION('',(#3268),#3276);
#3268 = ( BOUNDED_CURVE() B_SPLINE_CURVE(2,(#3269,#3270,#3271,#3272,
#3273,#3274,#3275),.UNSPECIFIED.,.T.,.F.) B_SPLINE_CURVE_WITH_KNOTS((1,2
    ,2,2,2,1),(-2.094395102393,0.,2.094395102393,4.188790204786,
6.28318530718,8.377580409573),.UNSPECIFIED.) CURVE() 
GEOMETRIC_REPRESENTATION_ITEM() RATIONAL_B_SPLINE_CURVE((1.,0.5,1.,0.5,
1.,0.5,1.)) REPRESENTATION_ITEM('') );
#3269 = CARTESIAN_POINT('',(43.400000002012,-46.3));
#3270 = CARTESIAN_POINT('',(43.400000002012,-54.96025403784));
#3271 = CARTESIAN_POINT('',(35.900000002012,-50.63012701892));
#3272 = CARTESIAN_POINT('',(28.400000002012,-46.3));
#3273 = CARTESIAN_POINT('',(35.900000002012,-41.96987298107));
#3274 = CARTESIAN_POINT('',(43.400000002012,-37.63974596215));
#3275 = CARTESIAN_POINT('',(43.400000002012,-46.3));
#3276 = ( GEOMETRIC_REPRESENTATION_CONTEXT(2) 
PARAMETRIC_REPRESENTATION_CONTEXT() REPRESENTATION_CONTEXT('2D SPACE',''
  ) );
#3277 = ORIENTED_EDGE('',*,*,#3278,.F.);
#3278 = EDGE_CURVE('',#3279,#3252,#3281,.T.);
#3279 = VERTEX_POINT('',#3280);
#3280 = CARTESIAN_POINT('',(76.357536964558,0.9,1.5));
#3281 = SURFACE_CURVE('',#3282,(#3286,#3292),.PCURVE_S1.);
#3282 = LINE('',#3283,#3284);
#3283 = CARTESIAN_POINT('',(76.357536964558,0.9,-8.5));
#3284 = VECTOR('',#3285,1.);
#3285 = DIRECTION('',(-0.,-0.,-1.));
#3286 = PCURVE('',#1124,#3287);
#3287 = DEFINITIONAL_REPRESENTATION('',(#3288),#3291);
#3288 = B_SPLINE_CURVE_WITH_KNOTS('',1,(#3289,#3290),.UNSPECIFIED.,.F.,
  .F.,(2,2),(-10.,-8.8),.PIECEWISE_BEZIER_KNOTS.);
#3289 = CARTESIAN_POINT('',(-3.735978453591,-10.));
#3290 = CARTESIAN_POINT('',(-3.735978453591,-8.8));
#3291 = ( GEOMETRIC_REPRESENTATION_CONTEXT(2) 
PARAMETRIC_REPRESENTATION_CONTEXT() REPRESENTATION_CONTEXT('2D SPACE',''
  ) );
#3292 = PCURVE('',#2780,#3293);
#3293 = DEFINITIONAL_REPRESENTATION('',(#3294),#3297);
#3294 = B_SPLINE_CURVE_WITH_KNOTS('',1,(#3295,#3296),.UNSPECIFIED.,.F.,
  .F.,(2,2),(-10.0000006,-8.49),.PIECEWISE_BEZIER_KNOTS.);
#3295 = CARTESIAN_POINT('',(71.05753696456,-2.2000006));
#3296 = CARTESIAN_POINT('',(71.05753696456,-0.69));
#3297 = ( GEOMETRIC_REPRESENTATION_CONTEXT(2) 
PARAMETRIC_REPRESENTATION_CONTEXT() REPRESENTATION_CONTEXT('2D SPACE',''
  ) );
#3298 = ORIENTED_EDGE('',*,*,#3299,.T.);
#3299 = EDGE_CURVE('',#3279,#3300,#3302,.T.);
#3300 = VERTEX_POINT('',#3301);
#3301 = CARTESIAN_POINT('',(83.300000000001,7.842463035441,1.5));
#3302 = SURFACE_CURVE('',#3303,(#3308,#3315),.PCURVE_S1.);
#3303 = CIRCLE('',#3304,5.);
#3304 = AXIS2_PLACEMENT_3D('',#3305,#3306,#3307);
#3305 = CARTESIAN_POINT('',(80.5,3.7,1.5));
#3306 = DIRECTION('',(0.,0.,1.));
#3307 = DIRECTION('',(-0.828492607088,-0.56,0.));
#3308 = PCURVE('',#1124,#3309);
#3309 = DEFINITIONAL_REPRESENTATION('',(#3310),#3314);
#3310 = LINE('',#3311,#3312);
#3311 = CARTESIAN_POINT('',(-3.735978453591,-10.));
#3312 = VECTOR('',#3313,1.);
#3313 = DIRECTION('',(-1.,0.));
#3314 = ( GEOMETRIC_REPRESENTATION_CONTEXT(2) 
PARAMETRIC_REPRESENTATION_CONTEXT() REPRESENTATION_CONTEXT('2D SPACE',''
  ) );
#3315 = PCURVE('',#3316,#3321);
#3316 = PLANE('',#3317);
#3317 = AXIS2_PLACEMENT_3D('',#3318,#3319,#3320);
#3318 = CARTESIAN_POINT('',(80.5,3.7,1.5));
#3319 = DIRECTION('',(0.,0.,1.));
#3320 = DIRECTION('',(1.,0.,0.));
#3321 = DEFINITIONAL_REPRESENTATION('',(#3322),#3326);
#3322 = CIRCLE('',#3323,5.);
#3323 = AXIS2_PLACEMENT_2D('',#3324,#3325);
#3324 = CARTESIAN_POINT('',(0.,-4.440892098501E-16));
#3325 = DIRECTION('',(-0.828492607088,-0.56));
#3326 = ( GEOMETRIC_REPRESENTATION_CONTEXT(2) 
PARAMETRIC_REPRESENTATION_CONTEXT() REPRESENTATION_CONTEXT('2D SPACE',''
  ) );
#3327 = ORIENTED_EDGE('',*,*,#3328,.T.);
#3328 = EDGE_CURVE('',#3300,#3329,#3331,.T.);
#3329 = VERTEX_POINT('',#3330);
#3330 = CARTESIAN_POINT('',(83.300000000001,7.842463035441,0.3));
#3331 = SURFACE_CURVE('',#3332,(#3336,#3342),.PCURVE_S1.);
#3332 = LINE('',#3333,#3334);
#3333 = CARTESIAN_POINT('',(83.300000000001,7.842463035441,-8.5));
#3334 = VECTOR('',#3335,1.);
#3335 = DIRECTION('',(-0.,-0.,-1.));
#3336 = PCURVE('',#1124,#3337);
#3337 = DEFINITIONAL_REPRESENTATION('',(#3338),#3341);
#3338 = B_SPLINE_CURVE_WITH_KNOTS('',1,(#3339,#3340),.UNSPECIFIED.,.F.,
  .F.,(2,2),(-10.,-8.8),.PIECEWISE_BEZIER_KNOTS.);
#3339 = CARTESIAN_POINT('',(-7.259595833973,-10.));
#3340 = CARTESIAN_POINT('',(-7.259595833973,-8.8));
#3341 = ( GEOMETRIC_REPRESENTATION_CONTEXT(2) 
PARAMETRIC_REPRESENTATION_CONTEXT() REPRESENTATION_CONTEXT('2D SPACE',''
  ) );
#3342 = PCURVE('',#3007,#3343);
#3343 = DEFINITIONAL_REPRESENTATION('',(#3344),#3347);
#3344 = B_SPLINE_CURVE_WITH_KNOTS('',1,(#3345,#3346),.UNSPECIFIED.,.F.,
  .F.,(2,2),(-10.0000006,-8.49),.PIECEWISE_BEZIER_KNOTS.);
#3345 = CARTESIAN_POINT('',(2.542463035441,-2.2000006));
#3346 = CARTESIAN_POINT('',(2.542463035441,-0.69));
#3347 = ( GEOMETRIC_REPRESENTATION_CONTEXT(2) 
PARAMETRIC_REPRESENTATION_CONTEXT() REPRESENTATION_CONTEXT('2D SPACE',''
  ) );
#3348 = ORIENTED_EDGE('',*,*,#3349,.T.);
#3349 = EDGE_CURVE('',#3329,#3207,#3350,.T.);
#3350 = SURFACE_CURVE('',#3351,(#3356,#3362),.PCURVE_S1.);
#3351 = CIRCLE('',#3352,5.);
#3352 = AXIS2_PLACEMENT_3D('',#3353,#3354,#3355);
#3353 = CARTESIAN_POINT('',(80.5,3.7,0.3));
#3354 = DIRECTION('',(0.,0.,-1.));
#3355 = DIRECTION('',(1.,0.,0.));
#3356 = PCURVE('',#1124,#3357);
#3357 = DEFINITIONAL_REPRESENTATION('',(#3358),#3361);
#3358 = B_SPLINE_CURVE_WITH_KNOTS('',1,(#3359,#3360),.UNSPECIFIED.,.F.,
  .F.,(2,2),(5.306774780386,5.639684198387),.PIECEWISE_BEZIER_KNOTS.);
#3359 = CARTESIAN_POINT('',(-7.259595833973,-8.8));
#3360 = CARTESIAN_POINT('',(-6.926686415973,-8.8));
#3361 = ( GEOMETRIC_REPRESENTATION_CONTEXT(2) 
PARAMETRIC_REPRESENTATION_CONTEXT() REPRESENTATION_CONTEXT('2D SPACE',''
  ) );
#3362 = PCURVE('',#2976,#3363);
#3363 = DEFINITIONAL_REPRESENTATION('',(#3364),#3372);
#3364 = ( BOUNDED_CURVE() B_SPLINE_CURVE(2,(#3365,#3366,#3367,#3368,
#3369,#3370,#3371),.UNSPECIFIED.,.T.,.F.) B_SPLINE_CURVE_WITH_KNOTS((1,2
    ,2,2,2,1),(-2.094395102393,0.,2.094395102393,4.188790204786,
6.28318530718,8.377580409573),.UNSPECIFIED.) CURVE() 
GEOMETRIC_REPRESENTATION_ITEM() RATIONAL_B_SPLINE_CURVE((1.,0.5,1.,0.5,
1.,0.5,1.)) REPRESENTATION_ITEM('') );
#3365 = CARTESIAN_POINT('',(43.400000002012,-46.3));
#3366 = CARTESIAN_POINT('',(43.400000002012,-54.96025403784));
#3367 = CARTESIAN_POINT('',(35.900000002012,-50.63012701892));
#3368 = CARTESIAN_POINT('',(28.400000002012,-46.3));
#3369 = CARTESIAN_POINT('',(35.900000002012,-41.96987298107));
#3370 = CARTESIAN_POINT('',(43.400000002012,-37.63974596215));
#3371 = CARTESIAN_POINT('',(43.400000002012,-46.3));
#3372 = ( GEOMETRIC_REPRESENTATION_CONTEXT(2) 
PARAMETRIC_REPRESENTATION_CONTEXT() REPRESENTATION_CONTEXT('2D SPACE',''
  ) );
#3373 = ADVANCED_FACE('',(#3374),#1360,.F.);
#3374 = FACE_BOUND('',#3375,.T.);
#3375 = EDGE_LOOP('',(#3376,#3377,#3378,#3397));
#3376 = ORIENTED_EDGE('',*,*,#1403,.F.);
#3377 = ORIENTED_EDGE('',*,*,#1451,.T.);
#3378 = ORIENTED_EDGE('',*,*,#3379,.T.);
#3379 = EDGE_CURVE('',#1429,#1312,#3380,.T.);
#3380 = SURFACE_CURVE('',#3381,(#3385,#3391),.PCURVE_S1.);
#3381 = LINE('',#3382,#3383);
#3382 = CARTESIAN_POINT('',(83.899999992269,107.5,-7.3));
#3383 = VECTOR('',#3384,1.);
#3384 = DIRECTION('',(-6.934010625325E-35,-0.707106781187,
    -0.707106781187));
#3385 = PCURVE('',#1360,#3386);
#3386 = DEFINITIONAL_REPRESENTATION('',(#3387),#3390);
#3387 = B_SPLINE_CURVE_WITH_KNOTS('',1,(#3388,#3389),.UNSPECIFIED.,.F.,
  .F.,(2,2),(-0.282842712475,0.282842712475),.PIECEWISE_BEZIER_KNOTS.);
#3388 = CARTESIAN_POINT('',(-83.59999999227,-0.282842712475));
#3389 = CARTESIAN_POINT('',(-83.59999999227,0.282842712475));
#3390 = ( GEOMETRIC_REPRESENTATION_CONTEXT(2) 
PARAMETRIC_REPRESENTATION_CONTEXT() REPRESENTATION_CONTEXT('2D SPACE',''
  ) );
#3391 = PCURVE('',#1332,#3392);
#3392 = DEFINITIONAL_REPRESENTATION('',(#3393),#3396);
#3393 = B_SPLINE_CURVE_WITH_KNOTS('',1,(#3394,#3395),.UNSPECIFIED.,.F.,
  .F.,(2,2),(-0.282842712475,0.282842712475),.PIECEWISE_BEZIER_KNOTS.);
#3394 = CARTESIAN_POINT('',(0.,0.));
#3395 = CARTESIAN_POINT('',(0.,-0.4));
#3396 = ( GEOMETRIC_REPRESENTATION_CONTEXT(2) 
PARAMETRIC_REPRESENTATION_CONTEXT() REPRESENTATION_CONTEXT('2D SPACE',''
  ) );
#3397 = ORIENTED_EDGE('',*,*,#1344,.F.);
#3398 = ADVANCED_FACE('',(#3399),#1271,.T.);
#3399 = FACE_BOUND('',#3400,.T.);
#3400 = EDGE_LOOP('',(#3401,#3420,#3421,#3422));
#3401 = ORIENTED_EDGE('',*,*,#3402,.F.);
#3402 = EDGE_CURVE('',#1476,#1251,#3403,.T.);
#3403 = SURFACE_CURVE('',#3404,(#3408,#3414),.PCURVE_S1.);
#3404 = LINE('',#3405,#3406);
#3405 = CARTESIAN_POINT('',(91.700000000001,0.3,-7.3));
#3406 = VECTOR('',#3407,1.);
#3407 = DIRECTION('',(-0.707106781187,-8.50996352839E-36,-0.707106781187
    ));
#3408 = PCURVE('',#1271,#3409);
#3409 = DEFINITIONAL_REPRESENTATION('',(#3410),#3413);
#3410 = B_SPLINE_CURVE_WITH_KNOTS('',1,(#3411,#3412),.UNSPECIFIED.,.F.,
  .F.,(2,2),(-0.282842712475,0.282842712475),.PIECEWISE_BEZIER_KNOTS.);
#3411 = CARTESIAN_POINT('',(0.,0.));
#3412 = CARTESIAN_POINT('',(0.,-0.4));
#3413 = ( GEOMETRIC_REPRESENTATION_CONTEXT(2) 
PARAMETRIC_REPRESENTATION_CONTEXT() REPRESENTATION_CONTEXT('2D SPACE',''
  ) );
#3414 = PCURVE('',#1299,#3415);
#3415 = DEFINITIONAL_REPRESENTATION('',(#3416),#3419);
#3416 = B_SPLINE_CURVE_WITH_KNOTS('',1,(#3417,#3418),.UNSPECIFIED.,.F.,
  .F.,(2,2),(-0.282842712475,0.282842712475),.PIECEWISE_BEZIER_KNOTS.);
#3417 = CARTESIAN_POINT('',(99.4,-0.282842712475));
#3418 = CARTESIAN_POINT('',(99.4,0.282842712475));
#3419 = ( GEOMETRIC_REPRESENTATION_CONTEXT(2) 
PARAMETRIC_REPRESENTATION_CONTEXT() REPRESENTATION_CONTEXT('2D SPACE',''
  ) );
#3420 = ORIENTED_EDGE('',*,*,#1500,.T.);
#3421 = ORIENTED_EDGE('',*,*,#2019,.T.);
#3422 = ORIENTED_EDGE('',*,*,#1250,.F.);
#3423 = ADVANCED_FACE('',(#3424),#1332,.T.);
#3424 = FACE_BOUND('',#3425,.T.);
#3425 = EDGE_LOOP('',(#3426,#3427,#3428,#3447));
#3426 = ORIENTED_EDGE('',*,*,#3379,.F.);
#3427 = ORIENTED_EDGE('',*,*,#1550,.T.);
#3428 = ORIENTED_EDGE('',*,*,#3429,.T.);
#3429 = EDGE_CURVE('',#1528,#1284,#3430,.T.);
#3430 = SURFACE_CURVE('',#3431,(#3435,#3441),.PCURVE_S1.);
#3431 = LINE('',#3432,#3433);
#3432 = CARTESIAN_POINT('',(91.899999992269,99.7,-7.1));
#3433 = VECTOR('',#3434,1.);
#3434 = DIRECTION('',(-0.707106781187,-4.329780281177E-17,
    -0.707106781187));
#3435 = PCURVE('',#1332,#3436);
#3436 = DEFINITIONAL_REPRESENTATION('',(#3437),#3440);
#3437 = B_SPLINE_CURVE_WITH_KNOTS('',1,(#3438,#3439),.UNSPECIFIED.,.F.,
  .F.,(2,2),(0.,0.565685424949),.PIECEWISE_BEZIER_KNOTS.);
#3438 = CARTESIAN_POINT('',(-1.570796326795,0.));
#3439 = CARTESIAN_POINT('',(-1.570796326795,-0.4));
#3440 = ( GEOMETRIC_REPRESENTATION_CONTEXT(2) 
PARAMETRIC_REPRESENTATION_CONTEXT() REPRESENTATION_CONTEXT('2D SPACE',''
  ) );
#3441 = PCURVE('',#1299,#3442);
#3442 = DEFINITIONAL_REPRESENTATION('',(#3443),#3446);
#3443 = B_SPLINE_CURVE_WITH_KNOTS('',1,(#3444,#3445),.UNSPECIFIED.,.F.,
  .F.,(2,2),(0.,0.565685424949),.PIECEWISE_BEZIER_KNOTS.);
#3444 = CARTESIAN_POINT('',(-1.42108547152E-14,-0.282842712475));
#3445 = CARTESIAN_POINT('',(-1.42108547152E-14,0.282842712475));
#3446 = ( GEOMETRIC_REPRESENTATION_CONTEXT(2) 
PARAMETRIC_REPRESENTATION_CONTEXT() REPRESENTATION_CONTEXT('2D SPACE',''
  ) );
#3447 = ORIENTED_EDGE('',*,*,#1311,.F.);
#3448 = ADVANCED_FACE('',(#3449),#1299,.T.);
#3449 = FACE_BOUND('',#3450,.T.);
#3450 = EDGE_LOOP('',(#3451,#3452,#3453,#3454));
#3451 = ORIENTED_EDGE('',*,*,#3429,.F.);
#3452 = ORIENTED_EDGE('',*,*,#1578,.T.);
#3453 = ORIENTED_EDGE('',*,*,#3402,.T.);
#3454 = ORIENTED_EDGE('',*,*,#1283,.F.);
#3455 = ADVANCED_FACE('',(#3456,#3466,#3501,#3536,#3571,#3781),#1620,.T.
  );
#3456 = FACE_BOUND('',#3457,.T.);
#3457 = EDGE_LOOP('',(#3458,#3459,#3460,#3461,#3462,#3463,#3464,#3465));
#3458 = ORIENTED_EDGE('',*,*,#1602,.F.);
#3459 = ORIENTED_EDGE('',*,*,#1678,.F.);
#3460 = ORIENTED_EDGE('',*,*,#1732,.T.);
#3461 = ORIENTED_EDGE('',*,*,#1781,.F.);
#3462 = ORIENTED_EDGE('',*,*,#1835,.T.);
#3463 = ORIENTED_EDGE('',*,*,#1884,.F.);
#3464 = ORIENTED_EDGE('',*,*,#1938,.F.);
#3465 = ORIENTED_EDGE('',*,*,#1987,.F.);
#3466 = FACE_BOUND('',#3467,.T.);
#3467 = EDGE_LOOP('',(#3468));
#3468 = ORIENTED_EDGE('',*,*,#3469,.T.);
#3469 = EDGE_CURVE('',#3470,#3470,#3472,.T.);
#3470 = VERTEX_POINT('',#3471);
#3471 = CARTESIAN_POINT('',(5.9,3.7,3.4));
#3472 = SURFACE_CURVE('',#3473,(#3478,#3489),.PCURVE_S1.);
#3473 = CIRCLE('',#3474,2.2);
#3474 = AXIS2_PLACEMENT_3D('',#3475,#3476,#3477);
#3475 = CARTESIAN_POINT('',(3.7,3.7,3.4));
#3476 = DIRECTION('',(0.,0.,-1.));
#3477 = DIRECTION('',(1.,0.,0.));
#3478 = PCURVE('',#1620,#3479);
#3479 = DEFINITIONAL_REPRESENTATION('',(#3480),#3488);
#3480 = ( BOUNDED_CURVE() B_SPLINE_CURVE(2,(#3481,#3482,#3483,#3484,
#3485,#3486,#3487),.UNSPECIFIED.,.T.,.F.) B_SPLINE_CURVE_WITH_KNOTS((1,2
    ,2,2,2,1),(-2.094395102393,0.,2.094395102393,4.188790204786,
6.28318530718,8.377580409573),.UNSPECIFIED.) CURVE() 
GEOMETRIC_REPRESENTATION_ITEM() RATIONAL_B_SPLINE_CURVE((1.,0.5,1.,0.5,
1.,0.5,1.)) REPRESENTATION_ITEM('') );
#3481 = CARTESIAN_POINT('',(-36.199999998,-46.3));
#3482 = CARTESIAN_POINT('',(-36.199999998,-50.11051177665));
#3483 = CARTESIAN_POINT('',(-39.499999998,-48.20525588832));
#3484 = CARTESIAN_POINT('',(-42.799999998,-46.3));
#3485 = CARTESIAN_POINT('',(-39.499999998,-44.39474411167));
#3486 = CARTESIAN_POINT('',(-36.199999998,-42.48948822334));
#3487 = CARTESIAN_POINT('',(-36.199999998,-46.3));
#3488 = ( GEOMETRIC_REPRESENTATION_CONTEXT(2) 
PARAMETRIC_REPRESENTATION_CONTEXT() REPRESENTATION_CONTEXT('2D SPACE',''
  ) );
#3489 = PCURVE('',#3490,#3495);
#3490 = CYLINDRICAL_SURFACE('',#3491,2.2);
#3491 = AXIS2_PLACEMENT_3D('',#3492,#3493,#3494);
#3492 = CARTESIAN_POINT('',(3.7,3.7,0.5));
#3493 = DIRECTION('',(-0.,-0.,-1.));
#3494 = DIRECTION('',(1.,0.,0.));
#3495 = DEFINITIONAL_REPRESENTATION('',(#3496),#3500);
#3496 = LINE('',#3497,#3498);
#3497 = CARTESIAN_POINT('',(-6.28318530718,-2.9));
#3498 = VECTOR('',#3499,1.);
#3499 = DIRECTION('',(1.,-0.));
#3500 = ( GEOMETRIC_REPRESENTATION_CONTEXT(2) 
PARAMETRIC_REPRESENTATION_CONTEXT() REPRESENTATION_CONTEXT('2D SPACE',''
  ) );
#3501 = FACE_BOUND('',#3502,.T.);
#3502 = EDGE_LOOP('',(#3503));
#3503 = ORIENTED_EDGE('',*,*,#3504,.T.);
#3504 = EDGE_CURVE('',#3505,#3505,#3507,.T.);
#3505 = VERTEX_POINT('',#3506);
#3506 = CARTESIAN_POINT('',(82.7,3.7,3.4));
#3507 = SURFACE_CURVE('',#3508,(#3513,#3524),.PCURVE_S1.);
#3508 = CIRCLE('',#3509,2.2);
#3509 = AXIS2_PLACEMENT_3D('',#3510,#3511,#3512);
#3510 = CARTESIAN_POINT('',(80.5,3.7,3.4));
#3511 = DIRECTION('',(0.,0.,-1.));
#3512 = DIRECTION('',(1.,0.,0.));
#3513 = PCURVE('',#1620,#3514);
#3514 = DEFINITIONAL_REPRESENTATION('',(#3515),#3523);
#3515 = ( BOUNDED_CURVE() B_SPLINE_CURVE(2,(#3516,#3517,#3518,#3519,
#3520,#3521,#3522),.UNSPECIFIED.,.T.,.F.) B_SPLINE_CURVE_WITH_KNOTS((1,2
    ,2,2,2,1),(-2.094395102393,0.,2.094395102393,4.188790204786,
6.28318530718,8.377580409573),.UNSPECIFIED.) CURVE() 
GEOMETRIC_REPRESENTATION_ITEM() RATIONAL_B_SPLINE_CURVE((1.,0.5,1.,0.5,
1.,0.5,1.)) REPRESENTATION_ITEM('') );
#3516 = CARTESIAN_POINT('',(40.600000001992,-46.3));
#3517 = CARTESIAN_POINT('',(40.600000001992,-50.11051177665));
#3518 = CARTESIAN_POINT('',(37.300000001992,-48.20525588832));
#3519 = CARTESIAN_POINT('',(34.000000001992,-46.3));
#3520 = CARTESIAN_POINT('',(37.300000001992,-44.39474411167));
#3521 = CARTESIAN_POINT('',(40.600000001992,-42.48948822334));
#3522 = CARTESIAN_POINT('',(40.600000001992,-46.3));
#3523 = ( GEOMETRIC_REPRESENTATION_CONTEXT(2) 
PARAMETRIC_REPRESENTATION_CONTEXT() REPRESENTATION_CONTEXT('2D SPACE',''
  ) );
#3524 = PCURVE('',#3525,#3530);
#3525 = CYLINDRICAL_SURFACE('',#3526,2.2);
#3526 = AXIS2_PLACEMENT_3D('',#3527,#3528,#3529);
#3527 = CARTESIAN_POINT('',(80.5,3.7,0.5));
#3528 = DIRECTION('',(-0.,-0.,-1.));
#3529 = DIRECTION('',(1.,0.,0.));
#3530 = DEFINITIONAL_REPRESENTATION('',(#3531),#3535);
#3531 = LINE('',#3532,#3533);
#3532 = CARTESIAN_POINT('',(-6.28318530718,-2.9));
#3533 = VECTOR('',#3534,1.);
#3534 = DIRECTION('',(1.,-0.));
#3535 = ( GEOMETRIC_REPRESENTATION_CONTEXT(2) 
PARAMETRIC_REPRESENTATION_CONTEXT() REPRESENTATION_CONTEXT('2D SPACE',''
  ) );
#3536 = FACE_BOUND('',#3537,.T.);
#3537 = EDGE_LOOP('',(#3538));
#3538 = ORIENTED_EDGE('',*,*,#3539,.T.);
#3539 = EDGE_CURVE('',#3540,#3540,#3542,.T.);
#3540 = VERTEX_POINT('',#3541);
#3541 = CARTESIAN_POINT('',(5.9,96.3,3.4));
#3542 = SURFACE_CURVE('',#3543,(#3548,#3559),.PCURVE_S1.);
#3543 = CIRCLE('',#3544,2.2);
#3544 = AXIS2_PLACEMENT_3D('',#3545,#3546,#3547);
#3545 = CARTESIAN_POINT('',(3.7,96.3,3.4));
#3546 = DIRECTION('',(0.,0.,-1.));
#3547 = DIRECTION('',(1.,0.,0.));
#3548 = PCURVE('',#1620,#3549);
#3549 = DEFINITIONAL_REPRESENTATION('',(#3550),#3558);
#3550 = ( BOUNDED_CURVE() B_SPLINE_CURVE(2,(#3551,#3552,#3553,#3554,
#3555,#3556,#3557),.UNSPECIFIED.,.T.,.F.) B_SPLINE_CURVE_WITH_KNOTS((1,2
    ,2,2,2,1),(-2.094395102393,0.,2.094395102393,4.188790204786,
6.28318530718,8.377580409573),.UNSPECIFIED.) CURVE() 
GEOMETRIC_REPRESENTATION_ITEM() RATIONAL_B_SPLINE_CURVE((1.,0.5,1.,0.5,
1.,0.5,1.)) REPRESENTATION_ITEM('') );
#3551 = CARTESIAN_POINT('',(-36.199999998,46.3));
#3552 = CARTESIAN_POINT('',(-36.199999998,42.489488223348));
#3553 = CARTESIAN_POINT('',(-39.499999998,44.394744111674));
#3554 = CARTESIAN_POINT('',(-42.799999998,46.3));
#3555 = CARTESIAN_POINT('',(-39.499999998,48.205255888326));
#3556 = CARTESIAN_POINT('',(-36.199999998,50.110511776652));
#3557 = CARTESIAN_POINT('',(-36.199999998,46.3));
#3558 = ( GEOMETRIC_REPRESENTATION_CONTEXT(2) 
PARAMETRIC_REPRESENTATION_CONTEXT() REPRESENTATION_CONTEXT('2D SPACE',''
  ) );
#3559 = PCURVE('',#3560,#3565);
#3560 = CYLINDRICAL_SURFACE('',#3561,2.2);
#3561 = AXIS2_PLACEMENT_3D('',#3562,#3563,#3564);
#3562 = CARTESIAN_POINT('',(3.7,96.3,0.5));
#3563 = DIRECTION('',(-0.,-0.,-1.));
#3564 = DIRECTION('',(1.,0.,0.));
#3565 = DEFINITIONAL_REPRESENTATION('',(#3566),#3570);
#3566 = LINE('',#3567,#3568);
#3567 = CARTESIAN_POINT('',(-6.28318530718,-2.9));
#3568 = VECTOR('',#3569,1.);
#3569 = DIRECTION('',(1.,-0.));
#3570 = ( GEOMETRIC_REPRESENTATION_CONTEXT(2) 
PARAMETRIC_REPRESENTATION_CONTEXT() REPRESENTATION_CONTEXT('2D SPACE',''
  ) );
#3571 = FACE_BOUND('',#3572,.T.);
#3572 = EDGE_LOOP('',(#3573,#3598,#3627,#3650,#3679,#3702,#3731,#3754));
#3573 = ORIENTED_EDGE('',*,*,#3574,.T.);
#3574 = EDGE_CURVE('',#3575,#3577,#3579,.T.);
#3575 = VERTEX_POINT('',#3576);
#3576 = CARTESIAN_POINT('',(0.900000000001,6.963433774417,3.4));
#3577 = VERTEX_POINT('',#3578);
#3578 = CARTESIAN_POINT('',(0.900000000001,93.036566225583,3.4));
#3579 = SURFACE_CURVE('',#3580,(#3584,#3591),.PCURVE_S1.);
#3580 = LINE('',#3581,#3582);
#3581 = CARTESIAN_POINT('',(0.900000000001,50.,3.4));
#3582 = VECTOR('',#3583,1.);
#3583 = DIRECTION('',(0.,1.,0.));
#3584 = PCURVE('',#1620,#3585);
#3585 = DEFINITIONAL_REPRESENTATION('',(#3586),#3590);
#3586 = LINE('',#3587,#3588);
#3587 = CARTESIAN_POINT('',(-41.199999998,0.));
#3588 = VECTOR('',#3589,1.);
#3589 = DIRECTION('',(0.,1.));
#3590 = ( GEOMETRIC_REPRESENTATION_CONTEXT(2) 
PARAMETRIC_REPRESENTATION_CONTEXT() REPRESENTATION_CONTEXT('2D SPACE',''
  ) );
#3591 = PCURVE('',#2428,#3592);
#3592 = DEFINITIONAL_REPRESENTATION('',(#3593),#3597);
#3593 = LINE('',#3594,#3595);
#3594 = CARTESIAN_POINT('',(44.7,-4.1));
#3595 = VECTOR('',#3596,1.);
#3596 = DIRECTION('',(1.,0.));
#3597 = ( GEOMETRIC_REPRESENTATION_CONTEXT(2) 
PARAMETRIC_REPRESENTATION_CONTEXT() REPRESENTATION_CONTEXT('2D SPACE',''
  ) );
#3598 = ORIENTED_EDGE('',*,*,#3599,.T.);
#3599 = EDGE_CURVE('',#3577,#3600,#3602,.T.);
#3600 = VERTEX_POINT('',#3601);
#3601 = CARTESIAN_POINT('',(6.963433774416,99.1,3.4));
#3602 = SURFACE_CURVE('',#3603,(#3608,#3615),.PCURVE_S1.);
#3603 = CIRCLE('',#3604,4.3);
#3604 = AXIS2_PLACEMENT_3D('',#3605,#3606,#3607);
#3605 = CARTESIAN_POINT('',(3.7,96.3,3.4));
#3606 = DIRECTION('',(9.455097840181E-33,-1.360803498853E-16,1.));
#3607 = DIRECTION('',(-0.651162790697,-0.758938087074,
    -1.032765604302E-16));
#3608 = PCURVE('',#1620,#3609);
#3609 = DEFINITIONAL_REPRESENTATION('',(#3610),#3614);
#3610 = CIRCLE('',#3611,4.3);
#3611 = AXIS2_PLACEMENT_2D('',#3612,#3613);
#3612 = CARTESIAN_POINT('',(-38.399999998,46.3));
#3613 = DIRECTION('',(-0.651162790697,-0.758938087074));
#3614 = ( GEOMETRIC_REPRESENTATION_CONTEXT(2) 
PARAMETRIC_REPRESENTATION_CONTEXT() REPRESENTATION_CONTEXT('2D SPACE',''
  ) );
#3615 = PCURVE('',#3616,#3621);
#3616 = CYLINDRICAL_SURFACE('',#3617,4.3);
#3617 = AXIS2_PLACEMENT_3D('',#3618,#3619,#3620);
#3618 = CARTESIAN_POINT('',(3.7,96.3,1.5));
#3619 = DIRECTION('',(-0.,-0.,-1.));
#3620 = DIRECTION('',(1.,0.,0.));
#3621 = DEFINITIONAL_REPRESENTATION('',(#3622),#3626);
#3622 = LINE('',#3623,#3624);
#3623 = CARTESIAN_POINT('',(-4.003273420241,-1.9));
#3624 = VECTOR('',#3625,1.);
#3625 = DIRECTION('',(-1.,0.));
#3626 = ( GEOMETRIC_REPRESENTATION_CONTEXT(2) 
PARAMETRIC_REPRESENTATION_CONTEXT() REPRESENTATION_CONTEXT('2D SPACE',''
  ) );
#3627 = ORIENTED_EDGE('',*,*,#3628,.T.);
#3628 = EDGE_CURVE('',#3600,#3629,#3631,.T.);
#3629 = VERTEX_POINT('',#3630);
#3630 = CARTESIAN_POINT('',(77.236566225584,99.1,3.4));
#3631 = SURFACE_CURVE('',#3632,(#3636,#3643),.PCURVE_S1.);
#3632 = LINE('',#3633,#3634);
#3633 = CARTESIAN_POINT('',(42.100000000001,99.1,3.4));
#3634 = VECTOR('',#3635,1.);
#3635 = DIRECTION('',(1.,0.,0.));
#3636 = PCURVE('',#1620,#3637);
#3637 = DEFINITIONAL_REPRESENTATION('',(#3638),#3642);
#3638 = LINE('',#3639,#3640);
#3639 = CARTESIAN_POINT('',(1.993164744363E-09,49.1));
#3640 = VECTOR('',#3641,1.);
#3641 = DIRECTION('',(1.,0.));
#3642 = ( GEOMETRIC_REPRESENTATION_CONTEXT(2) 
PARAMETRIC_REPRESENTATION_CONTEXT() REPRESENTATION_CONTEXT('2D SPACE',''
  ) );
#3643 = PCURVE('',#2373,#3644);
#3644 = DEFINITIONAL_REPRESENTATION('',(#3645),#3649);
#3645 = LINE('',#3646,#3647);
#3646 = CARTESIAN_POINT('',(36.800000000002,-4.1));
#3647 = VECTOR('',#3648,1.);
#3648 = DIRECTION('',(1.,0.));
#3649 = ( GEOMETRIC_REPRESENTATION_CONTEXT(2) 
PARAMETRIC_REPRESENTATION_CONTEXT() REPRESENTATION_CONTEXT('2D SPACE',''
  ) );
#3650 = ORIENTED_EDGE('',*,*,#3651,.T.);
#3651 = EDGE_CURVE('',#3629,#3652,#3654,.T.);
#3652 = VERTEX_POINT('',#3653);
#3653 = CARTESIAN_POINT('',(83.300000000001,93.036566225585,3.4));
#3654 = SURFACE_CURVE('',#3655,(#3660,#3667),.PCURVE_S1.);
#3655 = CIRCLE('',#3656,4.3);
#3656 = AXIS2_PLACEMENT_3D('',#3657,#3658,#3659);
#3657 = CARTESIAN_POINT('',(80.5,96.3,3.4));
#3658 = DIRECTION('',(0.,0.,1.));
#3659 = DIRECTION('',(1.,0.,0.));
#3660 = PCURVE('',#1620,#3661);
#3661 = DEFINITIONAL_REPRESENTATION('',(#3662),#3666);
#3662 = CIRCLE('',#3663,4.3);
#3663 = AXIS2_PLACEMENT_2D('',#3664,#3665);
#3664 = CARTESIAN_POINT('',(38.400000001992,46.3));
#3665 = DIRECTION('',(1.,0.));
#3666 = ( GEOMETRIC_REPRESENTATION_CONTEXT(2) 
PARAMETRIC_REPRESENTATION_CONTEXT() REPRESENTATION_CONTEXT('2D SPACE',''
  ) );
#3667 = PCURVE('',#3668,#3673);
#3668 = CYLINDRICAL_SURFACE('',#3669,4.3);
#3669 = AXIS2_PLACEMENT_3D('',#3670,#3671,#3672);
#3670 = CARTESIAN_POINT('',(80.5,96.3,1.5));
#3671 = DIRECTION('',(-0.,-0.,-1.));
#3672 = DIRECTION('',(1.,0.,0.));
#3673 = DEFINITIONAL_REPRESENTATION('',(#3674),#3678);
#3674 = LINE('',#3675,#3676);
#3675 = CARTESIAN_POINT('',(-0.,-1.9));
#3676 = VECTOR('',#3677,1.);
#3677 = DIRECTION('',(-1.,0.));
#3678 = ( GEOMETRIC_REPRESENTATION_CONTEXT(2) 
PARAMETRIC_REPRESENTATION_CONTEXT() REPRESENTATION_CONTEXT('2D SPACE',''
  ) );
#3679 = ORIENTED_EDGE('',*,*,#3680,.F.);
#3680 = EDGE_CURVE('',#3681,#3652,#3683,.T.);
#3681 = VERTEX_POINT('',#3682);
#3682 = CARTESIAN_POINT('',(83.300000000001,6.963433774415,3.4));
#3683 = SURFACE_CURVE('',#3684,(#3688,#3695),.PCURVE_S1.);
#3684 = LINE('',#3685,#3686);
#3685 = CARTESIAN_POINT('',(83.300000000001,50.,3.4));
#3686 = VECTOR('',#3687,1.);
#3687 = DIRECTION('',(0.,1.,0.));
#3688 = PCURVE('',#1620,#3689);
#3689 = DEFINITIONAL_REPRESENTATION('',(#3690),#3694);
#3690 = LINE('',#3691,#3692);
#3691 = CARTESIAN_POINT('',(41.200000001993,0.));
#3692 = VECTOR('',#3693,1.);
#3693 = DIRECTION('',(0.,1.));
#3694 = ( GEOMETRIC_REPRESENTATION_CONTEXT(2) 
PARAMETRIC_REPRESENTATION_CONTEXT() REPRESENTATION_CONTEXT('2D SPACE',''
  ) );
#3695 = PCURVE('',#3007,#3696);
#3696 = DEFINITIONAL_REPRESENTATION('',(#3697),#3701);
#3697 = LINE('',#3698,#3699);
#3698 = CARTESIAN_POINT('',(44.7,-4.1));
#3699 = VECTOR('',#3700,1.);
#3700 = DIRECTION('',(1.,0.));
#3701 = ( GEOMETRIC_REPRESENTATION_CONTEXT(2) 
PARAMETRIC_REPRESENTATION_CONTEXT() REPRESENTATION_CONTEXT('2D SPACE',''
  ) );
#3702 = ORIENTED_EDGE('',*,*,#3703,.T.);
#3703 = EDGE_CURVE('',#3681,#3704,#3706,.T.);
#3704 = VERTEX_POINT('',#3705);
#3705 = CARTESIAN_POINT('',(77.236566225584,0.9,3.4));
#3706 = SURFACE_CURVE('',#3707,(#3712,#3719),.PCURVE_S1.);
#3707 = CIRCLE('',#3708,4.3);
#3708 = AXIS2_PLACEMENT_3D('',#3709,#3710,#3711);
#3709 = CARTESIAN_POINT('',(80.5,3.7,3.4));
#3710 = DIRECTION('',(0.,0.,1.));
#3711 = DIRECTION('',(1.,0.,0.));
#3712 = PCURVE('',#1620,#3713);
#3713 = DEFINITIONAL_REPRESENTATION('',(#3714),#3718);
#3714 = CIRCLE('',#3715,4.3);
#3715 = AXIS2_PLACEMENT_2D('',#3716,#3717);
#3716 = CARTESIAN_POINT('',(38.400000001992,-46.3));
#3717 = DIRECTION('',(1.,0.));
#3718 = ( GEOMETRIC_REPRESENTATION_CONTEXT(2) 
PARAMETRIC_REPRESENTATION_CONTEXT() REPRESENTATION_CONTEXT('2D SPACE',''
  ) );
#3719 = PCURVE('',#3720,#3725);
#3720 = CYLINDRICAL_SURFACE('',#3721,4.3);
#3721 = AXIS2_PLACEMENT_3D('',#3722,#3723,#3724);
#3722 = CARTESIAN_POINT('',(80.5,3.7,1.5));
#3723 = DIRECTION('',(-0.,-0.,-1.));
#3724 = DIRECTION('',(1.,0.,0.));
#3725 = DEFINITIONAL_REPRESENTATION('',(#3726),#3730);
#3726 = LINE('',#3727,#3728);
#3727 = CARTESIAN_POINT('',(-0.,-1.9));
#3728 = VECTOR('',#3729,1.);
#3729 = DIRECTION('',(-1.,0.));
#3730 = ( GEOMETRIC_REPRESENTATION_CONTEXT(2) 
PARAMETRIC_REPRESENTATION_CONTEXT() REPRESENTATION_CONTEXT('2D SPACE',''
  ) );
#3731 = ORIENTED_EDGE('',*,*,#3732,.F.);
#3732 = EDGE_CURVE('',#3733,#3704,#3735,.T.);
#3733 = VERTEX_POINT('',#3734);
#3734 = CARTESIAN_POINT('',(6.963433774416,0.9,3.4));
#3735 = SURFACE_CURVE('',#3736,(#3740,#3747),.PCURVE_S1.);
#3736 = LINE('',#3737,#3738);
#3737 = CARTESIAN_POINT('',(42.100000000001,0.9,3.4));
#3738 = VECTOR('',#3739,1.);
#3739 = DIRECTION('',(1.,0.,0.));
#3740 = PCURVE('',#1620,#3741);
#3741 = DEFINITIONAL_REPRESENTATION('',(#3742),#3746);
#3742 = LINE('',#3743,#3744);
#3743 = CARTESIAN_POINT('',(1.993164744363E-09,-49.1));
#3744 = VECTOR('',#3745,1.);
#3745 = DIRECTION('',(1.,0.));
#3746 = ( GEOMETRIC_REPRESENTATION_CONTEXT(2) 
PARAMETRIC_REPRESENTATION_CONTEXT() REPRESENTATION_CONTEXT('2D SPACE',''
  ) );
#3747 = PCURVE('',#2780,#3748);
#3748 = DEFINITIONAL_REPRESENTATION('',(#3749),#3753);
#3749 = LINE('',#3750,#3751);
#3750 = CARTESIAN_POINT('',(36.800000000002,-4.1));
#3751 = VECTOR('',#3752,1.);
#3752 = DIRECTION('',(1.,0.));
#3753 = ( GEOMETRIC_REPRESENTATION_CONTEXT(2) 
PARAMETRIC_REPRESENTATION_CONTEXT() REPRESENTATION_CONTEXT('2D SPACE',''
  ) );
#3754 = ORIENTED_EDGE('',*,*,#3755,.T.);
#3755 = EDGE_CURVE('',#3733,#3575,#3756,.T.);
#3756 = SURFACE_CURVE('',#3757,(#3762,#3769),.PCURVE_S1.);
#3757 = CIRCLE('',#3758,4.3);
#3758 = AXIS2_PLACEMENT_3D('',#3759,#3760,#3761);
#3759 = CARTESIAN_POINT('',(3.7,3.7,3.4));
#3760 = DIRECTION('',(-3.659899574924E-32,-1.586032892322E-16,1.));
#3761 = DIRECTION('',(0.758938087074,-0.651162790698,-1.032765604302E-16
    ));
#3762 = PCURVE('',#1620,#3763);
#3763 = DEFINITIONAL_REPRESENTATION('',(#3764),#3768);
#3764 = CIRCLE('',#3765,4.3);
#3765 = AXIS2_PLACEMENT_2D('',#3766,#3767);
#3766 = CARTESIAN_POINT('',(-38.399999998,-46.3));
#3767 = DIRECTION('',(0.758938087074,-0.651162790698));
#3768 = ( GEOMETRIC_REPRESENTATION_CONTEXT(2) 
PARAMETRIC_REPRESENTATION_CONTEXT() REPRESENTATION_CONTEXT('2D SPACE',''
  ) );
#3769 = PCURVE('',#3770,#3775);
#3770 = CYLINDRICAL_SURFACE('',#3771,4.3);
#3771 = AXIS2_PLACEMENT_3D('',#3772,#3773,#3774);
#3772 = CARTESIAN_POINT('',(3.7,3.7,1.5));
#3773 = DIRECTION('',(-0.,-0.,-1.));
#3774 = DIRECTION('',(1.,0.,0.));
#3775 = DEFINITIONAL_REPRESENTATION('',(#3776),#3780);
#3776 = LINE('',#3777,#3778);
#3777 = CARTESIAN_POINT('',(-5.574069747035,-1.9));
#3778 = VECTOR('',#3779,1.);
#3779 = DIRECTION('',(-1.,0.));
#3780 = ( GEOMETRIC_REPRESENTATION_CONTEXT(2) 
PARAMETRIC_REPRESENTATION_CONTEXT() REPRESENTATION_CONTEXT('2D SPACE',''
  ) );
#3781 = FACE_BOUND('',#3782,.T.);
#3782 = EDGE_LOOP('',(#3783));
#3783 = ORIENTED_EDGE('',*,*,#3784,.T.);
#3784 = EDGE_CURVE('',#3785,#3785,#3787,.T.);
#3785 = VERTEX_POINT('',#3786);
#3786 = CARTESIAN_POINT('',(82.7,96.3,3.4));
#3787 = SURFACE_CURVE('',#3788,(#3793,#3804),.PCURVE_S1.);
#3788 = CIRCLE('',#3789,2.2);
#3789 = AXIS2_PLACEMENT_3D('',#3790,#3791,#3792);
#3790 = CARTESIAN_POINT('',(80.5,96.3,3.4));
#3791 = DIRECTION('',(0.,0.,-1.));
#3792 = DIRECTION('',(1.,0.,0.));
#3793 = PCURVE('',#1620,#3794);
#3794 = DEFINITIONAL_REPRESENTATION('',(#3795),#3803);
#3795 = ( BOUNDED_CURVE() B_SPLINE_CURVE(2,(#3796,#3797,#3798,#3799,
#3800,#3801,#3802),.UNSPECIFIED.,.T.,.F.) B_SPLINE_CURVE_WITH_KNOTS((1,2
    ,2,2,2,1),(-2.094395102393,0.,2.094395102393,4.188790204786,
6.28318530718,8.377580409573),.UNSPECIFIED.) CURVE() 
GEOMETRIC_REPRESENTATION_ITEM() RATIONAL_B_SPLINE_CURVE((1.,0.5,1.,0.5,
1.,0.5,1.)) REPRESENTATION_ITEM('') );
#3796 = CARTESIAN_POINT('',(40.600000001992,46.3));
#3797 = CARTESIAN_POINT('',(40.600000001992,42.489488223348));
#3798 = CARTESIAN_POINT('',(37.300000001992,44.394744111674));
#3799 = CARTESIAN_POINT('',(34.000000001992,46.3));
#3800 = CARTESIAN_POINT('',(37.300000001992,48.205255888326));
#3801 = CARTESIAN_POINT('',(40.600000001992,50.110511776652));
#3802 = CARTESIAN_POINT('',(40.600000001992,46.3));
#3803 = ( GEOMETRIC_REPRESENTATION_CONTEXT(2) 
PARAMETRIC_REPRESENTATION_CONTEXT() REPRESENTATION_CONTEXT('2D SPACE',''
  ) );
#3804 = PCURVE('',#3805,#3810);
#3805 = CYLINDRICAL_SURFACE('',#3806,2.2);
#3806 = AXIS2_PLACEMENT_3D('',#3807,#3808,#3809);
#3807 = CARTESIAN_POINT('',(80.5,96.3,0.5));
#3808 = DIRECTION('',(-0.,-0.,-1.));
#3809 = DIRECTION('',(1.,0.,0.));
#3810 = DEFINITIONAL_REPRESENTATION('',(#3811),#3815);
#3811 = LINE('',#3812,#3813);
#3812 = CARTESIAN_POINT('',(-6.28318530718,-2.9));
#3813 = VECTOR('',#3814,1.);
#3814 = DIRECTION('',(1.,-0.));
#3815 = ( GEOMETRIC_REPRESENTATION_CONTEXT(2) 
PARAMETRIC_REPRESENTATION_CONTEXT() REPRESENTATION_CONTEXT('2D SPACE',''
  ) );
#3816 = ADVANCED_FACE('',(#3817),#2082,.F.);
#3817 = FACE_BOUND('',#3818,.F.);
#3818 = EDGE_LOOP('',(#3819,#3842,#3843,#3866));
#3819 = ORIENTED_EDGE('',*,*,#3820,.F.);
#3820 = EDGE_CURVE('',#2068,#3821,#3823,.T.);
#3821 = VERTEX_POINT('',#3822);
#3822 = CARTESIAN_POINT('',(35.6,-2.7,0.3));
#3823 = SURFACE_CURVE('',#3824,(#3828,#3835),.PCURVE_S1.);
#3824 = LINE('',#3825,#3826);
#3825 = CARTESIAN_POINT('',(35.6,-6.7,0.3));
#3826 = VECTOR('',#3827,1.);
#3827 = DIRECTION('',(-0.,1.,0.));
#3828 = PCURVE('',#2082,#3829);
#3829 = DEFINITIONAL_REPRESENTATION('',(#3830),#3834);
#3830 = LINE('',#3831,#3832);
#3831 = CARTESIAN_POINT('',(0.,0.));
#3832 = VECTOR('',#3833,1.);
#3833 = DIRECTION('',(0.,1.));
#3834 = ( GEOMETRIC_REPRESENTATION_CONTEXT(2) 
PARAMETRIC_REPRESENTATION_CONTEXT() REPRESENTATION_CONTEXT('2D SPACE',''
  ) );
#3835 = PCURVE('',#2206,#3836);
#3836 = DEFINITIONAL_REPRESENTATION('',(#3837),#3841);
#3837 = LINE('',#3838,#3839);
#3838 = CARTESIAN_POINT('',(7.,0.));
#3839 = VECTOR('',#3840,1.);
#3840 = DIRECTION('',(0.,-1.));
#3841 = ( GEOMETRIC_REPRESENTATION_CONTEXT(2) 
PARAMETRIC_REPRESENTATION_CONTEXT() REPRESENTATION_CONTEXT('2D SPACE',''
  ) );
#3842 = ORIENTED_EDGE('',*,*,#2067,.T.);
#3843 = ORIENTED_EDGE('',*,*,#3844,.T.);
#3844 = EDGE_CURVE('',#2046,#3845,#3847,.T.);
#3845 = VERTEX_POINT('',#3846);
#3846 = CARTESIAN_POINT('',(48.6,-2.7,0.3));
#3847 = SURFACE_CURVE('',#3848,(#3852,#3859),.PCURVE_S1.);
#3848 = LINE('',#3849,#3850);
#3849 = CARTESIAN_POINT('',(48.6,-6.7,0.3));
#3850 = VECTOR('',#3851,1.);
#3851 = DIRECTION('',(-0.,1.,0.));
#3852 = PCURVE('',#2082,#3853);
#3853 = DEFINITIONAL_REPRESENTATION('',(#3854),#3858);
#3854 = LINE('',#3855,#3856);
#3855 = CARTESIAN_POINT('',(13.,0.));
#3856 = VECTOR('',#3857,1.);
#3857 = DIRECTION('',(0.,1.));
#3858 = ( GEOMETRIC_REPRESENTATION_CONTEXT(2) 
PARAMETRIC_REPRESENTATION_CONTEXT() REPRESENTATION_CONTEXT('2D SPACE',''
  ) );
#3859 = PCURVE('',#2152,#3860);
#3860 = DEFINITIONAL_REPRESENTATION('',(#3861),#3865);
#3861 = LINE('',#3862,#3863);
#3862 = CARTESIAN_POINT('',(7.,0.));
#3863 = VECTOR('',#3864,1.);
#3864 = DIRECTION('',(0.,-1.));
#3865 = ( GEOMETRIC_REPRESENTATION_CONTEXT(2) 
PARAMETRIC_REPRESENTATION_CONTEXT() REPRESENTATION_CONTEXT('2D SPACE',''
  ) );
#3866 = ORIENTED_EDGE('',*,*,#3867,.F.);
#3867 = EDGE_CURVE('',#3821,#3845,#3868,.T.);
#3868 = SURFACE_CURVE('',#3869,(#3873,#3880),.PCURVE_S1.);
#3869 = LINE('',#3870,#3871);
#3870 = CARTESIAN_POINT('',(35.6,-2.7,0.3));
#3871 = VECTOR('',#3872,1.);
#3872 = DIRECTION('',(1.,0.,-0.));
#3873 = PCURVE('',#2082,#3874);
#3874 = DEFINITIONAL_REPRESENTATION('',(#3875),#3879);
#3875 = LINE('',#3876,#3877);
#3876 = CARTESIAN_POINT('',(0.,4.));
#3877 = VECTOR('',#3878,1.);
#3878 = DIRECTION('',(1.,0.));
#3879 = ( GEOMETRIC_REPRESENTATION_CONTEXT(2) 
PARAMETRIC_REPRESENTATION_CONTEXT() REPRESENTATION_CONTEXT('2D SPACE',''
  ) );
#3880 = PCURVE('',#2234,#3881);
#3881 = DEFINITIONAL_REPRESENTATION('',(#3882),#3886);
#3882 = LINE('',#3883,#3884);
#3883 = CARTESIAN_POINT('',(7.,0.));
#3884 = VECTOR('',#3885,1.);
#3885 = DIRECTION('',(0.,1.));
#3886 = ( GEOMETRIC_REPRESENTATION_CONTEXT(2) 
PARAMETRIC_REPRESENTATION_CONTEXT() REPRESENTATION_CONTEXT('2D SPACE',''
  ) );
#3887 = ADVANCED_FACE('',(#3888),#2152,.F.);
#3888 = FACE_BOUND('',#3889,.F.);
#3889 = EDGE_LOOP('',(#3890,#3891,#3892,#3913));
#3890 = ORIENTED_EDGE('',*,*,#2139,.T.);
#3891 = ORIENTED_EDGE('',*,*,#2246,.T.);
#3892 = ORIENTED_EDGE('',*,*,#3893,.T.);
#3893 = EDGE_CURVE('',#2219,#3845,#3894,.T.);
#3894 = SURFACE_CURVE('',#3895,(#3899,#3906),.PCURVE_S1.);
#3895 = LINE('',#3896,#3897);
#3896 = CARTESIAN_POINT('',(48.6,-2.7,-6.7));
#3897 = VECTOR('',#3898,1.);
#3898 = DIRECTION('',(0.,0.,1.));
#3899 = PCURVE('',#2152,#3900);
#3900 = DEFINITIONAL_REPRESENTATION('',(#3901),#3905);
#3901 = LINE('',#3902,#3903);
#3902 = CARTESIAN_POINT('',(0.,-4.));
#3903 = VECTOR('',#3904,1.);
#3904 = DIRECTION('',(1.,0.));
#3905 = ( GEOMETRIC_REPRESENTATION_CONTEXT(2) 
PARAMETRIC_REPRESENTATION_CONTEXT() REPRESENTATION_CONTEXT('2D SPACE',''
  ) );
#3906 = PCURVE('',#2234,#3907);
#3907 = DEFINITIONAL_REPRESENTATION('',(#3908),#3912);
#3908 = LINE('',#3909,#3910);
#3909 = CARTESIAN_POINT('',(0.,13.));
#3910 = VECTOR('',#3911,1.);
#3911 = DIRECTION('',(1.,0.));
#3912 = ( GEOMETRIC_REPRESENTATION_CONTEXT(2) 
PARAMETRIC_REPRESENTATION_CONTEXT() REPRESENTATION_CONTEXT('2D SPACE',''
  ) );
#3913 = ORIENTED_EDGE('',*,*,#3844,.F.);
#3914 = ADVANCED_FACE('',(#3915,#3941),#2234,.F.);
#3915 = FACE_BOUND('',#3916,.F.);
#3916 = EDGE_LOOP('',(#3917,#3918,#3939,#3940));
#3917 = ORIENTED_EDGE('',*,*,#2218,.F.);
#3918 = ORIENTED_EDGE('',*,*,#3919,.T.);
#3919 = EDGE_CURVE('',#2191,#3821,#3920,.T.);
#3920 = SURFACE_CURVE('',#3921,(#3925,#3932),.PCURVE_S1.);
#3921 = LINE('',#3922,#3923);
#3922 = CARTESIAN_POINT('',(35.6,-2.7,-6.7));
#3923 = VECTOR('',#3924,1.);
#3924 = DIRECTION('',(0.,0.,1.));
#3925 = PCURVE('',#2234,#3926);
#3926 = DEFINITIONAL_REPRESENTATION('',(#3927),#3931);
#3927 = LINE('',#3928,#3929);
#3928 = CARTESIAN_POINT('',(0.,0.));
#3929 = VECTOR('',#3930,1.);
#3930 = DIRECTION('',(1.,0.));
#3931 = ( GEOMETRIC_REPRESENTATION_CONTEXT(2) 
PARAMETRIC_REPRESENTATION_CONTEXT() REPRESENTATION_CONTEXT('2D SPACE',''
  ) );
#3932 = PCURVE('',#2206,#3933);
#3933 = DEFINITIONAL_REPRESENTATION('',(#3934),#3938);
#3934 = LINE('',#3935,#3936);
#3935 = CARTESIAN_POINT('',(0.,-4.));
#3936 = VECTOR('',#3937,1.);
#3937 = DIRECTION('',(1.,0.));
#3938 = ( GEOMETRIC_REPRESENTATION_CONTEXT(2) 
PARAMETRIC_REPRESENTATION_CONTEXT() REPRESENTATION_CONTEXT('2D SPACE',''
  ) );
#3939 = ORIENTED_EDGE('',*,*,#3867,.T.);
#3940 = ORIENTED_EDGE('',*,*,#3893,.F.);
#3941 = FACE_BOUND('',#3942,.F.);
#3942 = EDGE_LOOP('',(#3943,#3971,#3997,#4023));
#3943 = ORIENTED_EDGE('',*,*,#3944,.T.);
#3944 = EDGE_CURVE('',#3945,#3947,#3949,.T.);
#3945 = VERTEX_POINT('',#3946);
#3946 = CARTESIAN_POINT('',(47.1,-2.7,-5.));
#3947 = VERTEX_POINT('',#3948);
#3948 = CARTESIAN_POINT('',(47.1,-2.7,-1.4));
#3949 = SURFACE_CURVE('',#3950,(#3954,#3960),.PCURVE_S1.);
#3950 = LINE('',#3951,#3952);
#3951 = CARTESIAN_POINT('',(47.1,-2.7,-5.85));
#3952 = VECTOR('',#3953,1.);
#3953 = DIRECTION('',(0.,0.,1.));
#3954 = PCURVE('',#2234,#3955);
#3955 = DEFINITIONAL_REPRESENTATION('',(#3956),#3959);
#3956 = B_SPLINE_CURVE_WITH_KNOTS('',1,(#3957,#3958),.UNSPECIFIED.,.F.,
  .F.,(2,2),(0.85,4.45),.PIECEWISE_BEZIER_KNOTS.);
#3957 = CARTESIAN_POINT('',(1.7,11.5));
#3958 = CARTESIAN_POINT('',(5.3,11.5));
#3959 = ( GEOMETRIC_REPRESENTATION_CONTEXT(2) 
PARAMETRIC_REPRESENTATION_CONTEXT() REPRESENTATION_CONTEXT('2D SPACE',''
  ) );
#3960 = PCURVE('',#3961,#3966);
#3961 = PLANE('',#3962);
#3962 = AXIS2_PLACEMENT_3D('',#3963,#3964,#3965);
#3963 = CARTESIAN_POINT('',(47.1,-15.25,-5.));
#3964 = DIRECTION('',(1.,0.,-0.));
#3965 = DIRECTION('',(0.,0.,1.));
#3966 = DEFINITIONAL_REPRESENTATION('',(#3967),#3970);
#3967 = B_SPLINE_CURVE_WITH_KNOTS('',1,(#3968,#3969),.UNSPECIFIED.,.F.,
  .F.,(2,2),(0.85,4.45),.PIECEWISE_BEZIER_KNOTS.);
#3968 = CARTESIAN_POINT('',(0.,-12.55));
#3969 = CARTESIAN_POINT('',(3.6,-12.55));
#3970 = ( GEOMETRIC_REPRESENTATION_CONTEXT(2) 
PARAMETRIC_REPRESENTATION_CONTEXT() REPRESENTATION_CONTEXT('2D SPACE',''
  ) );
#3971 = ORIENTED_EDGE('',*,*,#3972,.T.);
#3972 = EDGE_CURVE('',#3947,#3973,#3975,.T.);
#3973 = VERTEX_POINT('',#3974);
#3974 = CARTESIAN_POINT('',(37.1,-2.7,-1.4));
#3975 = SURFACE_CURVE('',#3976,(#3980,#3986),.PCURVE_S1.);
#3976 = LINE('',#3977,#3978);
#3977 = CARTESIAN_POINT('',(36.35,-2.7,-1.4));
#3978 = VECTOR('',#3979,1.);
#3979 = DIRECTION('',(-1.,-0.,0.));
#3980 = PCURVE('',#2234,#3981);
#3981 = DEFINITIONAL_REPRESENTATION('',(#3982),#3985);
#3982 = B_SPLINE_CURVE_WITH_KNOTS('',1,(#3983,#3984),.UNSPECIFIED.,.F.,
  .F.,(2,2),(-10.75,-0.75),.PIECEWISE_BEZIER_KNOTS.);
#3983 = CARTESIAN_POINT('',(5.3,11.5));
#3984 = CARTESIAN_POINT('',(5.3,1.5));
#3985 = ( GEOMETRIC_REPRESENTATION_CONTEXT(2) 
PARAMETRIC_REPRESENTATION_CONTEXT() REPRESENTATION_CONTEXT('2D SPACE',''
  ) );
#3986 = PCURVE('',#3987,#3992);
#3987 = PLANE('',#3988);
#3988 = AXIS2_PLACEMENT_3D('',#3989,#3990,#3991);
#3989 = CARTESIAN_POINT('',(37.1,-15.25,-1.4));
#3990 = DIRECTION('',(0.,0.,1.));
#3991 = DIRECTION('',(1.,0.,-0.));
#3992 = DEFINITIONAL_REPRESENTATION('',(#3993),#3996);
#3993 = B_SPLINE_CURVE_WITH_KNOTS('',1,(#3994,#3995),.UNSPECIFIED.,.F.,
  .F.,(2,2),(-10.75,-0.75),.PIECEWISE_BEZIER_KNOTS.);
#3994 = CARTESIAN_POINT('',(10.,12.55));
#3995 = CARTESIAN_POINT('',(0.,12.55));
#3996 = ( GEOMETRIC_REPRESENTATION_CONTEXT(2) 
PARAMETRIC_REPRESENTATION_CONTEXT() REPRESENTATION_CONTEXT('2D SPACE',''
  ) );
#3997 = ORIENTED_EDGE('',*,*,#3998,.F.);
#3998 = EDGE_CURVE('',#3999,#3973,#4001,.T.);
#3999 = VERTEX_POINT('',#4000);
#4000 = CARTESIAN_POINT('',(37.1,-2.7,-5.));
#4001 = SURFACE_CURVE('',#4002,(#4006,#4012),.PCURVE_S1.);
#4002 = LINE('',#4003,#4004);
#4003 = CARTESIAN_POINT('',(37.1,-2.7,-5.85));
#4004 = VECTOR('',#4005,1.);
#4005 = DIRECTION('',(0.,0.,1.));
#4006 = PCURVE('',#2234,#4007);
#4007 = DEFINITIONAL_REPRESENTATION('',(#4008),#4011);
#4008 = B_SPLINE_CURVE_WITH_KNOTS('',1,(#4009,#4010),.UNSPECIFIED.,.F.,
  .F.,(2,2),(0.85,4.45),.PIECEWISE_BEZIER_KNOTS.);
#4009 = CARTESIAN_POINT('',(1.7,1.5));
#4010 = CARTESIAN_POINT('',(5.3,1.5));
#4011 = ( GEOMETRIC_REPRESENTATION_CONTEXT(2) 
PARAMETRIC_REPRESENTATION_CONTEXT() REPRESENTATION_CONTEXT('2D SPACE',''
  ) );
#4012 = PCURVE('',#4013,#4018);
#4013 = PLANE('',#4014);
#4014 = AXIS2_PLACEMENT_3D('',#4015,#4016,#4017);
#4015 = CARTESIAN_POINT('',(37.1,-15.25,-5.));
#4016 = DIRECTION('',(1.,0.,-0.));
#4017 = DIRECTION('',(0.,0.,1.));
#4018 = DEFINITIONAL_REPRESENTATION('',(#4019),#4022);
#4019 = B_SPLINE_CURVE_WITH_KNOTS('',1,(#4020,#4021),.UNSPECIFIED.,.F.,
  .F.,(2,2),(0.85,4.45),.PIECEWISE_BEZIER_KNOTS.);
#4020 = CARTESIAN_POINT('',(0.,-12.55));
#4021 = CARTESIAN_POINT('',(3.6,-12.55));
#4022 = ( GEOMETRIC_REPRESENTATION_CONTEXT(2) 
PARAMETRIC_REPRESENTATION_CONTEXT() REPRESENTATION_CONTEXT('2D SPACE',''
  ) );
#4023 = ORIENTED_EDGE('',*,*,#4024,.F.);
#4024 = EDGE_CURVE('',#3945,#3999,#4025,.T.);
#4025 = SURFACE_CURVE('',#4026,(#4030,#4036),.PCURVE_S1.);
#4026 = LINE('',#4027,#4028);
#4027 = CARTESIAN_POINT('',(36.35,-2.7,-5.));
#4028 = VECTOR('',#4029,1.);
#4029 = DIRECTION('',(-1.,-0.,0.));
#4030 = PCURVE('',#2234,#4031);
#4031 = DEFINITIONAL_REPRESENTATION('',(#4032),#4035);
#4032 = B_SPLINE_CURVE_WITH_KNOTS('',1,(#4033,#4034),.UNSPECIFIED.,.F.,
  .F.,(2,2),(-10.75,-0.75),.PIECEWISE_BEZIER_KNOTS.);
#4033 = CARTESIAN_POINT('',(1.7,11.5));
#4034 = CARTESIAN_POINT('',(1.7,1.5));
#4035 = ( GEOMETRIC_REPRESENTATION_CONTEXT(2) 
PARAMETRIC_REPRESENTATION_CONTEXT() REPRESENTATION_CONTEXT('2D SPACE',''
  ) );
#4036 = PCURVE('',#4037,#4042);
#4037 = PLANE('',#4038);
#4038 = AXIS2_PLACEMENT_3D('',#4039,#4040,#4041);
#4039 = CARTESIAN_POINT('',(37.1,-15.25,-5.));
#4040 = DIRECTION('',(0.,0.,1.));
#4041 = DIRECTION('',(1.,0.,-0.));
#4042 = DEFINITIONAL_REPRESENTATION('',(#4043),#4046);
#4043 = B_SPLINE_CURVE_WITH_KNOTS('',1,(#4044,#4045),.UNSPECIFIED.,.F.,
  .F.,(2,2),(-10.75,-0.75),.PIECEWISE_BEZIER_KNOTS.);
#4044 = CARTESIAN_POINT('',(10.,12.55));
#4045 = CARTESIAN_POINT('',(0.,12.55));
#4046 = ( GEOMETRIC_REPRESENTATION_CONTEXT(2) 
PARAMETRIC_REPRESENTATION_CONTEXT() REPRESENTATION_CONTEXT('2D SPACE',''
  ) );
#4047 = ADVANCED_FACE('',(#4048),#2206,.T.);
#4048 = FACE_BOUND('',#4049,.T.);
#4049 = EDGE_LOOP('',(#4050,#4051,#4052,#4053));
#4050 = ORIENTED_EDGE('',*,*,#2273,.T.);
#4051 = ORIENTED_EDGE('',*,*,#2190,.T.);
#4052 = ORIENTED_EDGE('',*,*,#3919,.T.);
#4053 = ORIENTED_EDGE('',*,*,#3820,.F.);
#4054 = ADVANCED_FACE('',(#4055),#2314,.F.);
#4055 = FACE_BOUND('',#4056,.F.);
#4056 = EDGE_LOOP('',(#4057,#4058,#4059,#4060));
#4057 = ORIENTED_EDGE('',*,*,#2880,.T.);
#4058 = ORIENTED_EDGE('',*,*,#2642,.T.);
#4059 = ORIENTED_EDGE('',*,*,#2297,.F.);
#4060 = ORIENTED_EDGE('',*,*,#4061,.T.);
#4061 = EDGE_CURVE('',#2298,#2881,#4062,.T.);
#4062 = SURFACE_CURVE('',#4063,(#4067,#4074),.PCURVE_S1.);
#4063 = LINE('',#4064,#4065);
#4064 = CARTESIAN_POINT('',(42.100000000001,100.3,0.3));
#4065 = VECTOR('',#4066,1.);
#4066 = DIRECTION('',(1.,0.,0.));
#4067 = PCURVE('',#2314,#4068);
#4068 = DEFINITIONAL_REPRESENTATION('',(#4069),#4073);
#4069 = LINE('',#4070,#4071);
#4070 = CARTESIAN_POINT('',(36.800000000002,-8.8));
#4071 = VECTOR('',#4072,1.);
#4072 = DIRECTION('',(1.,0.));
#4073 = ( GEOMETRIC_REPRESENTATION_CONTEXT(2) 
PARAMETRIC_REPRESENTATION_CONTEXT() REPRESENTATION_CONTEXT('2D SPACE',''
  ) );
#4074 = PCURVE('',#2342,#4075);
#4075 = DEFINITIONAL_REPRESENTATION('',(#4076),#4080);
#4076 = LINE('',#4077,#4078);
#4077 = CARTESIAN_POINT('',(2.012988510932E-09,50.3));
#4078 = VECTOR('',#4079,1.);
#4079 = DIRECTION('',(1.,0.));
#4080 = ( GEOMETRIC_REPRESENTATION_CONTEXT(2) 
PARAMETRIC_REPRESENTATION_CONTEXT() REPRESENTATION_CONTEXT('2D SPACE',''
  ) );
#4081 = ADVANCED_FACE('',(#4082),#2342,.F.);
#4082 = FACE_BOUND('',#4083,.F.);
#4083 = EDGE_LOOP('',(#4084,#4085,#4086,#4105));
#4084 = ORIENTED_EDGE('',*,*,#4061,.F.);
#4085 = ORIENTED_EDGE('',*,*,#2325,.T.);
#4086 = ORIENTED_EDGE('',*,*,#4087,.F.);
#4087 = EDGE_CURVE('',#3048,#2326,#4088,.T.);
#4088 = SURFACE_CURVE('',#4089,(#4093,#4099),.PCURVE_S1.);
#4089 = LINE('',#4090,#4091);
#4090 = CARTESIAN_POINT('',(23.699999998993,99.1,0.3));
#4091 = VECTOR('',#4092,1.);
#4092 = DIRECTION('',(-1.,0.,0.));
#4093 = PCURVE('',#2342,#4094);
#4094 = DEFINITIONAL_REPRESENTATION('',(#4095),#4098);
#4095 = B_SPLINE_CURVE_WITH_KNOTS('',1,(#4096,#4097),.UNSPECIFIED.,.F.,
  .F.,(2,2),(-55.19999999167,18.399999998995),.PIECEWISE_BEZIER_KNOTS.);
#4096 = CARTESIAN_POINT('',(36.799999992678,49.1));
#4097 = CARTESIAN_POINT('',(-36.79999999798,49.1));
#4098 = ( GEOMETRIC_REPRESENTATION_CONTEXT(2) 
PARAMETRIC_REPRESENTATION_CONTEXT() REPRESENTATION_CONTEXT('2D SPACE',''
  ) );
#4099 = PCURVE('',#2373,#4100);
#4100 = DEFINITIONAL_REPRESENTATION('',(#4101),#4104);
#4101 = B_SPLINE_CURVE_WITH_KNOTS('',1,(#4102,#4103),.UNSPECIFIED.,.F.,
  .F.,(2,2),(-55.19999999167,18.399999998995),.PIECEWISE_BEZIER_KNOTS.);
#4102 = CARTESIAN_POINT('',(73.599999990667,-1.));
#4103 = CARTESIAN_POINT('',(0.,-1.));
#4104 = ( GEOMETRIC_REPRESENTATION_CONTEXT(2) 
PARAMETRIC_REPRESENTATION_CONTEXT() REPRESENTATION_CONTEXT('2D SPACE',''
  ) );
#4105 = ORIENTED_EDGE('',*,*,#3068,.T.);
#4106 = ADVANCED_FACE('',(#4107),#2373,.F.);
#4107 = FACE_BOUND('',#4108,.F.);
#4108 = EDGE_LOOP('',(#4109,#4110,#4111,#4112,#4134,#4153,#4154,#4175));
#4109 = ORIENTED_EDGE('',*,*,#3047,.T.);
#4110 = ORIENTED_EDGE('',*,*,#4087,.T.);
#4111 = ORIENTED_EDGE('',*,*,#2358,.F.);
#4112 = ORIENTED_EDGE('',*,*,#4113,.F.);
#4113 = EDGE_CURVE('',#4114,#2359,#4116,.T.);
#4114 = VERTEX_POINT('',#4115);
#4115 = CARTESIAN_POINT('',(6.963433774416,99.1,1.5));
#4116 = SURFACE_CURVE('',#4117,(#4121,#4127),.PCURVE_S1.);
#4117 = LINE('',#4118,#4119);
#4118 = CARTESIAN_POINT('',(4.499999999999,99.1,1.5));
#4119 = VECTOR('',#4120,1.);
#4120 = DIRECTION('',(1.,0.,0.));
#4121 = PCURVE('',#2373,#4122);
#4122 = DEFINITIONAL_REPRESENTATION('',(#4123),#4126);
#4123 = B_SPLINE_CURVE_WITH_KNOTS('',1,(#4124,#4125),.UNSPECIFIED.,.F.,
  .F.,(2,2),(0.799999999999,4.200000000001),.PIECEWISE_BEZIER_KNOTS.);
#4124 = CARTESIAN_POINT('',(0.,-2.2));
#4125 = CARTESIAN_POINT('',(3.400000000001,-2.2));
#4126 = ( GEOMETRIC_REPRESENTATION_CONTEXT(2) 
PARAMETRIC_REPRESENTATION_CONTEXT() REPRESENTATION_CONTEXT('2D SPACE',''
  ) );
#4127 = PCURVE('',#2401,#4128);
#4128 = DEFINITIONAL_REPRESENTATION('',(#4129),#4133);
#4129 = LINE('',#4130,#4131);
#4130 = CARTESIAN_POINT('',(0.799999999999,2.8));
#4131 = VECTOR('',#4132,1.);
#4132 = DIRECTION('',(1.,0.));
#4133 = ( GEOMETRIC_REPRESENTATION_CONTEXT(2) 
PARAMETRIC_REPRESENTATION_CONTEXT() REPRESENTATION_CONTEXT('2D SPACE',''
  ) );
#4134 = ORIENTED_EDGE('',*,*,#4135,.F.);
#4135 = EDGE_CURVE('',#3600,#4114,#4136,.T.);
#4136 = SURFACE_CURVE('',#4137,(#4141,#4147),.PCURVE_S1.);
#4137 = LINE('',#4138,#4139);
#4138 = CARTESIAN_POINT('',(6.963433774416,99.1,1.5));
#4139 = VECTOR('',#4140,1.);
#4140 = DIRECTION('',(-0.,-0.,-1.));
#4141 = PCURVE('',#2373,#4142);
#4142 = DEFINITIONAL_REPRESENTATION('',(#4143),#4146);
#4143 = B_SPLINE_CURVE_WITH_KNOTS('',1,(#4144,#4145),.UNSPECIFIED.,.F.,
  .F.,(2,2),(-1.9000024,2.400000000069E-06),.PIECEWISE_BEZIER_KNOTS.);
#4144 = CARTESIAN_POINT('',(1.663433774417,-4.1000024));
#4145 = CARTESIAN_POINT('',(1.663433774417,-2.1999976));
#4146 = ( GEOMETRIC_REPRESENTATION_CONTEXT(2) 
PARAMETRIC_REPRESENTATION_CONTEXT() REPRESENTATION_CONTEXT('2D SPACE',''
  ) );
#4147 = PCURVE('',#3616,#4148);
#4148 = DEFINITIONAL_REPRESENTATION('',(#4149),#4152);
#4149 = B_SPLINE_CURVE_WITH_KNOTS('',1,(#4150,#4151),.UNSPECIFIED.,.F.,
  .F.,(2,2),(-1.9,-0.),.PIECEWISE_BEZIER_KNOTS.);
#4150 = CARTESIAN_POINT('',(-6.992300867324,-1.9));
#4151 = CARTESIAN_POINT('',(-6.992300867324,0.));
#4152 = ( GEOMETRIC_REPRESENTATION_CONTEXT(2) 
PARAMETRIC_REPRESENTATION_CONTEXT() REPRESENTATION_CONTEXT('2D SPACE',''
  ) );
#4153 = ORIENTED_EDGE('',*,*,#3628,.T.);
#4154 = ORIENTED_EDGE('',*,*,#4155,.T.);
#4155 = EDGE_CURVE('',#3629,#4156,#4158,.T.);
#4156 = VERTEX_POINT('',#4157);
#4157 = CARTESIAN_POINT('',(77.236566225584,99.1,1.5));
#4158 = SURFACE_CURVE('',#4159,(#4163,#4169),.PCURVE_S1.);
#4159 = LINE('',#4160,#4161);
#4160 = CARTESIAN_POINT('',(77.236566225584,99.1,1.5));
#4161 = VECTOR('',#4162,1.);
#4162 = DIRECTION('',(-0.,-0.,-1.));
#4163 = PCURVE('',#2373,#4164);
#4164 = DEFINITIONAL_REPRESENTATION('',(#4165),#4168);
#4165 = B_SPLINE_CURVE_WITH_KNOTS('',1,(#4166,#4167),.UNSPECIFIED.,.F.,
  .F.,(2,2),(-1.9000024,2.400000000069E-06),.PIECEWISE_BEZIER_KNOTS.);
#4166 = CARTESIAN_POINT('',(71.936566225585,-4.1000024));
#4167 = CARTESIAN_POINT('',(71.936566225585,-2.1999976));
#4168 = ( GEOMETRIC_REPRESENTATION_CONTEXT(2) 
PARAMETRIC_REPRESENTATION_CONTEXT() REPRESENTATION_CONTEXT('2D SPACE',''
  ) );
#4169 = PCURVE('',#3668,#4170);
#4170 = DEFINITIONAL_REPRESENTATION('',(#4171),#4174);
#4171 = B_SPLINE_CURVE_WITH_KNOTS('',1,(#4172,#4173),.UNSPECIFIED.,.F.,
  .F.,(2,2),(-1.9000024,2.400000000069E-06),.PIECEWISE_BEZIER_KNOTS.);
#4172 = CARTESIAN_POINT('',(-2.432477093445,-1.9000024));
#4173 = CARTESIAN_POINT('',(-2.432477093445,2.400000000069E-06));
#4174 = ( GEOMETRIC_REPRESENTATION_CONTEXT(2) 
PARAMETRIC_REPRESENTATION_CONTEXT() REPRESENTATION_CONTEXT('2D SPACE',''
  ) );
#4175 = ORIENTED_EDGE('',*,*,#4176,.F.);
#4176 = EDGE_CURVE('',#3019,#4156,#4177,.T.);
#4177 = SURFACE_CURVE('',#4178,(#4182,#4188),.PCURVE_S1.);
#4178 = LINE('',#4179,#4180);
#4179 = CARTESIAN_POINT('',(42.899999999999,99.1,1.5));
#4180 = VECTOR('',#4181,1.);
#4181 = DIRECTION('',(1.,0.,0.));
#4182 = PCURVE('',#2373,#4183);
#4183 = DEFINITIONAL_REPRESENTATION('',(#4184),#4187);
#4184 = B_SPLINE_CURVE_WITH_KNOTS('',1,(#4185,#4186),.UNSPECIFIED.,.F.,
  .F.,(2,2),(32.600000000001,35.999999990666),.PIECEWISE_BEZIER_KNOTS.);
#4185 = CARTESIAN_POINT('',(70.200000000001,-2.2));
#4186 = CARTESIAN_POINT('',(73.599999990667,-2.2));
#4187 = ( GEOMETRIC_REPRESENTATION_CONTEXT(2) 
PARAMETRIC_REPRESENTATION_CONTEXT() REPRESENTATION_CONTEXT('2D SPACE',''
  ) );
#4188 = PCURVE('',#3035,#4189);
#4189 = DEFINITIONAL_REPRESENTATION('',(#4190),#4194);
#4190 = LINE('',#4191,#4192);
#4191 = CARTESIAN_POINT('',(-37.6,2.8));
#4192 = VECTOR('',#4193,1.);
#4193 = DIRECTION('',(1.,0.));
#4194 = ( GEOMETRIC_REPRESENTATION_CONTEXT(2) 
PARAMETRIC_REPRESENTATION_CONTEXT() REPRESENTATION_CONTEXT('2D SPACE',''
  ) );
#4195 = ADVANCED_FACE('',(#4196,#4248),#2401,.F.);
#4196 = FACE_BOUND('',#4197,.F.);
#4197 = EDGE_LOOP('',(#4198,#4199,#4200,#4222));
#4198 = ORIENTED_EDGE('',*,*,#4113,.T.);
#4199 = ORIENTED_EDGE('',*,*,#2384,.T.);
#4200 = ORIENTED_EDGE('',*,*,#4201,.T.);
#4201 = EDGE_CURVE('',#2385,#4202,#4204,.T.);
#4202 = VERTEX_POINT('',#4203);
#4203 = CARTESIAN_POINT('',(0.900000000001,93.036566225583,1.5));
#4204 = SURFACE_CURVE('',#4205,(#4209,#4216),.PCURVE_S1.);
#4205 = LINE('',#4206,#4207);
#4206 = CARTESIAN_POINT('',(0.900000000001,50.8,1.5));
#4207 = VECTOR('',#4208,1.);
#4208 = DIRECTION('',(0.,1.,-0.));
#4209 = PCURVE('',#2401,#4210);
#4210 = DEFINITIONAL_REPRESENTATION('',(#4211),#4215);
#4211 = LINE('',#4212,#4213);
#4212 = CARTESIAN_POINT('',(-2.799999999999,-45.5));
#4213 = VECTOR('',#4214,1.);
#4214 = DIRECTION('',(0.,1.));
#4215 = ( GEOMETRIC_REPRESENTATION_CONTEXT(2) 
PARAMETRIC_REPRESENTATION_CONTEXT() REPRESENTATION_CONTEXT('2D SPACE',''
  ) );
#4216 = PCURVE('',#2428,#4217);
#4217 = DEFINITIONAL_REPRESENTATION('',(#4218),#4221);
#4218 = B_SPLINE_CURVE_WITH_KNOTS('',1,(#4219,#4220),.UNSPECIFIED.,.F.,
  .F.,(2,2),(40.5,43.9),.PIECEWISE_BEZIER_KNOTS.);
#4219 = CARTESIAN_POINT('',(86.,-2.2));
#4220 = CARTESIAN_POINT('',(89.4,-2.2));
#4221 = ( GEOMETRIC_REPRESENTATION_CONTEXT(2) 
PARAMETRIC_REPRESENTATION_CONTEXT() REPRESENTATION_CONTEXT('2D SPACE',''
  ) );
#4222 = ORIENTED_EDGE('',*,*,#4223,.F.);
#4223 = EDGE_CURVE('',#4114,#4202,#4224,.T.);
#4224 = SURFACE_CURVE('',#4225,(#4230,#4241),.PCURVE_S1.);
#4225 = CIRCLE('',#4226,4.3);
#4226 = AXIS2_PLACEMENT_3D('',#4227,#4228,#4229);
#4227 = CARTESIAN_POINT('',(3.7,96.3,1.5));
#4228 = DIRECTION('',(0.,0.,-1.));
#4229 = DIRECTION('',(0.758938087074,0.651162790698,0.));
#4230 = PCURVE('',#2401,#4231);
#4231 = DEFINITIONAL_REPRESENTATION('',(#4232),#4240);
#4232 = ( BOUNDED_CURVE() B_SPLINE_CURVE(2,(#4233,#4234,#4235,#4236,
#4237,#4238,#4239),.UNSPECIFIED.,.T.,.F.) B_SPLINE_CURVE_WITH_KNOTS((1,2
    ,2,2,2,1),(-2.094395102393,0.,2.094395102393,4.188790204786,
6.28318530718,8.377580409573),.UNSPECIFIED.) CURVE() 
GEOMETRIC_REPRESENTATION_ITEM() RATIONAL_B_SPLINE_CURVE((1.,0.5,1.,0.5,
1.,0.5,1.)) REPRESENTATION_ITEM('') );
#4233 = CARTESIAN_POINT('',(3.263433774416,2.8));
#4234 = CARTESIAN_POINT('',(8.113176035609,-2.852433104425));
#4235 = CARTESIAN_POINT('',(0.793154243388,-4.226216552213));
#4236 = CARTESIAN_POINT('',(-6.526867548832,-5.6));
#4237 = CARTESIAN_POINT('',(-4.056588017804,1.426216552213));
#4238 = CARTESIAN_POINT('',(-1.586308486777,8.452433104425));
#4239 = CARTESIAN_POINT('',(3.263433774416,2.8));
#4240 = ( GEOMETRIC_REPRESENTATION_CONTEXT(2) 
PARAMETRIC_REPRESENTATION_CONTEXT() REPRESENTATION_CONTEXT('2D SPACE',''
  ) );
#4241 = PCURVE('',#3616,#4242);
#4242 = DEFINITIONAL_REPRESENTATION('',(#4243),#4247);
#4243 = LINE('',#4244,#4245);
#4244 = CARTESIAN_POINT('',(-6.992300867324,0.));
#4245 = VECTOR('',#4246,1.);
#4246 = DIRECTION('',(1.,-0.));
#4247 = ( GEOMETRIC_REPRESENTATION_CONTEXT(2) 
PARAMETRIC_REPRESENTATION_CONTEXT() REPRESENTATION_CONTEXT('2D SPACE',''
  ) );
#4248 = FACE_BOUND('',#4249,.F.);
#4249 = EDGE_LOOP('',(#4250));
#4250 = ORIENTED_EDGE('',*,*,#4251,.T.);
#4251 = EDGE_CURVE('',#4252,#4252,#4254,.T.);
#4252 = VERTEX_POINT('',#4253);
#4253 = CARTESIAN_POINT('',(5.9,96.3,1.5));
#4254 = SURFACE_CURVE('',#4255,(#4260,#4271),.PCURVE_S1.);
#4255 = CIRCLE('',#4256,2.2);
#4256 = AXIS2_PLACEMENT_3D('',#4257,#4258,#4259);
#4257 = CARTESIAN_POINT('',(3.7,96.3,1.5));
#4258 = DIRECTION('',(0.,0.,-1.));
#4259 = DIRECTION('',(1.,0.,0.));
#4260 = PCURVE('',#2401,#4261);
#4261 = DEFINITIONAL_REPRESENTATION('',(#4262),#4270);
#4262 = ( BOUNDED_CURVE() B_SPLINE_CURVE(2,(#4263,#4264,#4265,#4266,
#4267,#4268,#4269),.UNSPECIFIED.,.T.,.F.) B_SPLINE_CURVE_WITH_KNOTS((1,2
    ,2,2,2,1),(-2.094395102393,0.,2.094395102393,4.188790204786,
6.28318530718,8.377580409573),.UNSPECIFIED.) CURVE() 
GEOMETRIC_REPRESENTATION_ITEM() RATIONAL_B_SPLINE_CURVE((1.,0.5,1.,0.5,
1.,0.5,1.)) REPRESENTATION_ITEM('') );
#4263 = CARTESIAN_POINT('',(2.2,0.));
#4264 = CARTESIAN_POINT('',(2.2,-3.810511776652));
#4265 = CARTESIAN_POINT('',(-1.1,-1.905255888326));
#4266 = CARTESIAN_POINT('',(-4.4,-5.388445916248E-16));
#4267 = CARTESIAN_POINT('',(-1.1,1.905255888326));
#4268 = CARTESIAN_POINT('',(2.2,3.810511776652));
#4269 = CARTESIAN_POINT('',(2.2,0.));
#4270 = ( GEOMETRIC_REPRESENTATION_CONTEXT(2) 
PARAMETRIC_REPRESENTATION_CONTEXT() REPRESENTATION_CONTEXT('2D SPACE',''
  ) );
#4271 = PCURVE('',#3560,#4272);
#4272 = DEFINITIONAL_REPRESENTATION('',(#4273),#4277);
#4273 = LINE('',#4274,#4275);
#4274 = CARTESIAN_POINT('',(-6.28318530718,-1.));
#4275 = VECTOR('',#4276,1.);
#4276 = DIRECTION('',(1.,-0.));
#4277 = ( GEOMETRIC_REPRESENTATION_CONTEXT(2) 
PARAMETRIC_REPRESENTATION_CONTEXT() REPRESENTATION_CONTEXT('2D SPACE',''
  ) );
#4278 = ADVANCED_FACE('',(#4279),#2487,.F.);
#4279 = FACE_BOUND('',#4280,.F.);
#4280 = EDGE_LOOP('',(#4281,#4282,#4283,#4284));
#4281 = ORIENTED_EDGE('',*,*,#2472,.T.);
#4282 = ORIENTED_EDGE('',*,*,#2585,.T.);
#4283 = ORIENTED_EDGE('',*,*,#2666,.F.);
#4284 = ORIENTED_EDGE('',*,*,#4285,.T.);
#4285 = EDGE_CURVE('',#2667,#2440,#4286,.T.);
#4286 = SURFACE_CURVE('',#4287,(#4291,#4298),.PCURVE_S1.);
#4287 = LINE('',#4288,#4289);
#4288 = CARTESIAN_POINT('',(-0.299999999999,50.,0.3));
#4289 = VECTOR('',#4290,1.);
#4290 = DIRECTION('',(0.,1.,0.));
#4291 = PCURVE('',#2487,#4292);
#4292 = DEFINITIONAL_REPRESENTATION('',(#4293),#4297);
#4293 = LINE('',#4294,#4295);
#4294 = CARTESIAN_POINT('',(44.7,-8.8));
#4295 = VECTOR('',#4296,1.);
#4296 = DIRECTION('',(1.,0.));
#4297 = ( GEOMETRIC_REPRESENTATION_CONTEXT(2) 
PARAMETRIC_REPRESENTATION_CONTEXT() REPRESENTATION_CONTEXT('2D SPACE',''
  ) );
#4298 = PCURVE('',#2456,#4299);
#4299 = DEFINITIONAL_REPRESENTATION('',(#4300),#4304);
#4300 = LINE('',#4301,#4302);
#4301 = CARTESIAN_POINT('',(-42.39999999798,7.483848560947E-16));
#4302 = VECTOR('',#4303,1.);
#4303 = DIRECTION('',(0.,1.));
#4304 = ( GEOMETRIC_REPRESENTATION_CONTEXT(2) 
PARAMETRIC_REPRESENTATION_CONTEXT() REPRESENTATION_CONTEXT('2D SPACE',''
  ) );
#4305 = ADVANCED_FACE('',(#4306),#2428,.F.);
#4306 = FACE_BOUND('',#4307,.F.);
#4307 = EDGE_LOOP('',(#4308,#4309,#4328,#4329,#4351,#4370,#4371,#4390));
#4308 = ORIENTED_EDGE('',*,*,#2413,.T.);
#4309 = ORIENTED_EDGE('',*,*,#4310,.T.);
#4310 = EDGE_CURVE('',#2414,#2688,#4311,.T.);
#4311 = SURFACE_CURVE('',#4312,(#4316,#4322),.PCURVE_S1.);
#4312 = LINE('',#4313,#4314);
#4313 = CARTESIAN_POINT('',(0.900000000001,27.65,0.3));
#4314 = VECTOR('',#4315,1.);
#4315 = DIRECTION('',(0.,-1.,0.));
#4316 = PCURVE('',#2428,#4317);
#4317 = DEFINITIONAL_REPRESENTATION('',(#4318),#4321);
#4318 = B_SPLINE_CURVE_WITH_KNOTS('',1,(#4319,#4320),.UNSPECIFIED.,.F.,
  .F.,(2,2),(-67.05,22.35),.PIECEWISE_BEZIER_KNOTS.);
#4319 = CARTESIAN_POINT('',(89.4,-1.));
#4320 = CARTESIAN_POINT('',(0.,-1.));
#4321 = ( GEOMETRIC_REPRESENTATION_CONTEXT(2) 
PARAMETRIC_REPRESENTATION_CONTEXT() REPRESENTATION_CONTEXT('2D SPACE',''
  ) );
#4322 = PCURVE('',#2456,#4323);
#4323 = DEFINITIONAL_REPRESENTATION('',(#4324),#4327);
#4324 = B_SPLINE_CURVE_WITH_KNOTS('',1,(#4325,#4326),.UNSPECIFIED.,.F.,
  .F.,(2,2),(-67.05,22.35),.PIECEWISE_BEZIER_KNOTS.);
#4325 = CARTESIAN_POINT('',(-41.19999999798,44.7));
#4326 = CARTESIAN_POINT('',(-41.19999999798,-44.7));
#4327 = ( GEOMETRIC_REPRESENTATION_CONTEXT(2) 
PARAMETRIC_REPRESENTATION_CONTEXT() REPRESENTATION_CONTEXT('2D SPACE',''
  ) );
#4328 = ORIENTED_EDGE('',*,*,#2715,.F.);
#4329 = ORIENTED_EDGE('',*,*,#4330,.F.);
#4330 = EDGE_CURVE('',#4331,#2716,#4333,.T.);
#4331 = VERTEX_POINT('',#4332);
#4332 = CARTESIAN_POINT('',(0.900000000001,6.963433774417,1.5));
#4333 = SURFACE_CURVE('',#4334,(#4338,#4344),.PCURVE_S1.);
#4334 = LINE('',#4335,#4336);
#4335 = CARTESIAN_POINT('',(0.900000000001,4.5,1.5));
#4336 = VECTOR('',#4337,1.);
#4337 = DIRECTION('',(0.,1.,-0.));
#4338 = PCURVE('',#2428,#4339);
#4339 = DEFINITIONAL_REPRESENTATION('',(#4340),#4343);
#4340 = B_SPLINE_CURVE_WITH_KNOTS('',1,(#4341,#4342),.UNSPECIFIED.,.F.,
  .F.,(2,2),(0.8,4.2),.PIECEWISE_BEZIER_KNOTS.);
#4341 = CARTESIAN_POINT('',(0.,-2.2));
#4342 = CARTESIAN_POINT('',(3.4,-2.2));
#4343 = ( GEOMETRIC_REPRESENTATION_CONTEXT(2) 
PARAMETRIC_REPRESENTATION_CONTEXT() REPRESENTATION_CONTEXT('2D SPACE',''
  ) );
#4344 = PCURVE('',#2753,#4345);
#4345 = DEFINITIONAL_REPRESENTATION('',(#4346),#4350);
#4346 = LINE('',#4347,#4348);
#4347 = CARTESIAN_POINT('',(-2.799999999999,0.8));
#4348 = VECTOR('',#4349,1.);
#4349 = DIRECTION('',(0.,1.));
#4350 = ( GEOMETRIC_REPRESENTATION_CONTEXT(2) 
PARAMETRIC_REPRESENTATION_CONTEXT() REPRESENTATION_CONTEXT('2D SPACE',''
  ) );
#4351 = ORIENTED_EDGE('',*,*,#4352,.F.);
#4352 = EDGE_CURVE('',#3575,#4331,#4353,.T.);
#4353 = SURFACE_CURVE('',#4354,(#4358,#4364),.PCURVE_S1.);
#4354 = LINE('',#4355,#4356);
#4355 = CARTESIAN_POINT('',(0.900000000001,6.963433774417,1.5));
#4356 = VECTOR('',#4357,1.);
#4357 = DIRECTION('',(-0.,-0.,-1.));
#4358 = PCURVE('',#2428,#4359);
#4359 = DEFINITIONAL_REPRESENTATION('',(#4360),#4363);
#4360 = B_SPLINE_CURVE_WITH_KNOTS('',1,(#4361,#4362),.UNSPECIFIED.,.F.,
  .F.,(2,2),(-1.9000024,2.400000000069E-06),.PIECEWISE_BEZIER_KNOTS.);
#4361 = CARTESIAN_POINT('',(1.663433774417,-4.1000024));
#4362 = CARTESIAN_POINT('',(1.663433774417,-2.1999976));
#4363 = ( GEOMETRIC_REPRESENTATION_CONTEXT(2) 
PARAMETRIC_REPRESENTATION_CONTEXT() REPRESENTATION_CONTEXT('2D SPACE',''
  ) );
#4364 = PCURVE('',#3770,#4365);
#4365 = DEFINITIONAL_REPRESENTATION('',(#4366),#4369);
#4366 = B_SPLINE_CURVE_WITH_KNOTS('',1,(#4367,#4368),.UNSPECIFIED.,.F.,
  .F.,(2,2),(-1.9,-0.),.PIECEWISE_BEZIER_KNOTS.);
#4367 = CARTESIAN_POINT('',(-8.563097194118,-1.9));
#4368 = CARTESIAN_POINT('',(-8.563097194118,0.));
#4369 = ( GEOMETRIC_REPRESENTATION_CONTEXT(2) 
PARAMETRIC_REPRESENTATION_CONTEXT() REPRESENTATION_CONTEXT('2D SPACE',''
  ) );
#4370 = ORIENTED_EDGE('',*,*,#3574,.T.);
#4371 = ORIENTED_EDGE('',*,*,#4372,.T.);
#4372 = EDGE_CURVE('',#3577,#4202,#4373,.T.);
#4373 = SURFACE_CURVE('',#4374,(#4378,#4384),.PCURVE_S1.);
#4374 = LINE('',#4375,#4376);
#4375 = CARTESIAN_POINT('',(0.900000000001,93.036566225583,1.5));
#4376 = VECTOR('',#4377,1.);
#4377 = DIRECTION('',(-0.,-0.,-1.));
#4378 = PCURVE('',#2428,#4379);
#4379 = DEFINITIONAL_REPRESENTATION('',(#4380),#4383);
#4380 = B_SPLINE_CURVE_WITH_KNOTS('',1,(#4381,#4382),.UNSPECIFIED.,.F.,
  .F.,(2,2),(-1.9000024,2.400000000069E-06),.PIECEWISE_BEZIER_KNOTS.);
#4381 = CARTESIAN_POINT('',(87.736566225583,-4.1000024));
#4382 = CARTESIAN_POINT('',(87.736566225583,-2.1999976));
#4383 = ( GEOMETRIC_REPRESENTATION_CONTEXT(2) 
PARAMETRIC_REPRESENTATION_CONTEXT() REPRESENTATION_CONTEXT('2D SPACE',''
  ) );
#4384 = PCURVE('',#3616,#4385);
#4385 = DEFINITIONAL_REPRESENTATION('',(#4386),#4389);
#4386 = B_SPLINE_CURVE_WITH_KNOTS('',1,(#4387,#4388),.UNSPECIFIED.,.F.,
  .F.,(2,2),(-1.9,0.),.PIECEWISE_BEZIER_KNOTS.);
#4387 = CARTESIAN_POINT('',(-4.003273420241,-1.9));
#4388 = CARTESIAN_POINT('',(-4.003273420241,0.));
#4389 = ( GEOMETRIC_REPRESENTATION_CONTEXT(2) 
PARAMETRIC_REPRESENTATION_CONTEXT() REPRESENTATION_CONTEXT('2D SPACE',''
  ) );
#4390 = ORIENTED_EDGE('',*,*,#4201,.F.);
#4391 = ADVANCED_FACE('',(#4392),#2456,.F.);
#4392 = FACE_BOUND('',#4393,.F.);
#4393 = EDGE_LOOP('',(#4394,#4395,#4396,#4397));
#4394 = ORIENTED_EDGE('',*,*,#4285,.F.);
#4395 = ORIENTED_EDGE('',*,*,#2687,.T.);
#4396 = ORIENTED_EDGE('',*,*,#4310,.F.);
#4397 = ORIENTED_EDGE('',*,*,#2439,.T.);
#4398 = ADVANCED_FACE('',(#4399,#4447),#2753,.F.);
#4399 = FACE_BOUND('',#4400,.F.);
#4400 = EDGE_LOOP('',(#4401,#4402,#4403,#4425));
#4401 = ORIENTED_EDGE('',*,*,#4330,.T.);
#4402 = ORIENTED_EDGE('',*,*,#2736,.T.);
#4403 = ORIENTED_EDGE('',*,*,#4404,.F.);
#4404 = EDGE_CURVE('',#4405,#2737,#4407,.T.);
#4405 = VERTEX_POINT('',#4406);
#4406 = CARTESIAN_POINT('',(6.963433774416,0.9,1.5));
#4407 = SURFACE_CURVE('',#4408,(#4412,#4419),.PCURVE_S1.);
#4408 = LINE('',#4409,#4410);
#4409 = CARTESIAN_POINT('',(4.499999999999,0.9,1.5));
#4410 = VECTOR('',#4411,1.);
#4411 = DIRECTION('',(1.,0.,0.));
#4412 = PCURVE('',#2753,#4413);
#4413 = DEFINITIONAL_REPRESENTATION('',(#4414),#4418);
#4414 = LINE('',#4415,#4416);
#4415 = CARTESIAN_POINT('',(0.799999999999,-2.8));
#4416 = VECTOR('',#4417,1.);
#4417 = DIRECTION('',(1.,0.));
#4418 = ( GEOMETRIC_REPRESENTATION_CONTEXT(2) 
PARAMETRIC_REPRESENTATION_CONTEXT() REPRESENTATION_CONTEXT('2D SPACE',''
  ) );
#4419 = PCURVE('',#2780,#4420);
#4420 = DEFINITIONAL_REPRESENTATION('',(#4421),#4424);
#4421 = B_SPLINE_CURVE_WITH_KNOTS('',1,(#4422,#4423),.UNSPECIFIED.,.F.,
  .F.,(2,2),(0.799999999999,4.200000000001),.PIECEWISE_BEZIER_KNOTS.);
#4422 = CARTESIAN_POINT('',(0.,-2.2));
#4423 = CARTESIAN_POINT('',(3.400000000001,-2.2));
#4424 = ( GEOMETRIC_REPRESENTATION_CONTEXT(2) 
PARAMETRIC_REPRESENTATION_CONTEXT() REPRESENTATION_CONTEXT('2D SPACE',''
  ) );
#4425 = ORIENTED_EDGE('',*,*,#4426,.T.);
#4426 = EDGE_CURVE('',#4405,#4331,#4427,.T.);
#4427 = SURFACE_CURVE('',#4428,(#4433,#4440),.PCURVE_S1.);
#4428 = CIRCLE('',#4429,4.3);
#4429 = AXIS2_PLACEMENT_3D('',#4430,#4431,#4432);
#4430 = CARTESIAN_POINT('',(3.7,3.7,1.5));
#4431 = DIRECTION('',(0.,0.,1.));
#4432 = DIRECTION('',(0.758938087074,-0.651162790698,0.));
#4433 = PCURVE('',#2753,#4434);
#4434 = DEFINITIONAL_REPRESENTATION('',(#4435),#4439);
#4435 = CIRCLE('',#4436,4.3);
#4436 = AXIS2_PLACEMENT_2D('',#4437,#4438);
#4437 = CARTESIAN_POINT('',(4.440892098501E-16,-4.440892098501E-16));
#4438 = DIRECTION('',(0.758938087074,-0.651162790698));
#4439 = ( GEOMETRIC_REPRESENTATION_CONTEXT(2) 
PARAMETRIC_REPRESENTATION_CONTEXT() REPRESENTATION_CONTEXT('2D SPACE',''
  ) );
#4440 = PCURVE('',#3770,#4441);
#4441 = DEFINITIONAL_REPRESENTATION('',(#4442),#4446);
#4442 = LINE('',#4443,#4444);
#4443 = CARTESIAN_POINT('',(-5.574069747035,0.));
#4444 = VECTOR('',#4445,1.);
#4445 = DIRECTION('',(-1.,0.));
#4446 = ( GEOMETRIC_REPRESENTATION_CONTEXT(2) 
PARAMETRIC_REPRESENTATION_CONTEXT() REPRESENTATION_CONTEXT('2D SPACE',''
  ) );
#4447 = FACE_BOUND('',#4448,.F.);
#4448 = EDGE_LOOP('',(#4449));
#4449 = ORIENTED_EDGE('',*,*,#4450,.T.);
#4450 = EDGE_CURVE('',#4451,#4451,#4453,.T.);
#4451 = VERTEX_POINT('',#4452);
#4452 = CARTESIAN_POINT('',(5.9,3.7,1.5));
#4453 = SURFACE_CURVE('',#4454,(#4459,#4470),.PCURVE_S1.);
#4454 = CIRCLE('',#4455,2.2);
#4455 = AXIS2_PLACEMENT_3D('',#4456,#4457,#4458);
#4456 = CARTESIAN_POINT('',(3.7,3.7,1.5));
#4457 = DIRECTION('',(0.,0.,-1.));
#4458 = DIRECTION('',(1.,0.,0.));
#4459 = PCURVE('',#2753,#4460);
#4460 = DEFINITIONAL_REPRESENTATION('',(#4461),#4469);
#4461 = ( BOUNDED_CURVE() B_SPLINE_CURVE(2,(#4462,#4463,#4464,#4465,
#4466,#4467,#4468),.UNSPECIFIED.,.T.,.F.) B_SPLINE_CURVE_WITH_KNOTS((1,2
    ,2,2,2,1),(-2.094395102393,0.,2.094395102393,4.188790204786,
6.28318530718,8.377580409573),.UNSPECIFIED.) CURVE() 
GEOMETRIC_REPRESENTATION_ITEM() RATIONAL_B_SPLINE_CURVE((1.,0.5,1.,0.5,
1.,0.5,1.)) REPRESENTATION_ITEM('') );
#4462 = CARTESIAN_POINT('',(2.2,-4.440892098501E-16));
#4463 = CARTESIAN_POINT('',(2.2,-3.810511776652));
#4464 = CARTESIAN_POINT('',(-1.1,-1.905255888326));
#4465 = CARTESIAN_POINT('',(-4.4,-9.829338014749E-16));
#4466 = CARTESIAN_POINT('',(-1.1,1.905255888326));
#4467 = CARTESIAN_POINT('',(2.2,3.810511776652));
#4468 = CARTESIAN_POINT('',(2.2,-4.440892098501E-16));
#4469 = ( GEOMETRIC_REPRESENTATION_CONTEXT(2) 
PARAMETRIC_REPRESENTATION_CONTEXT() REPRESENTATION_CONTEXT('2D SPACE',''
  ) );
#4470 = PCURVE('',#3490,#4471);
#4471 = DEFINITIONAL_REPRESENTATION('',(#4472),#4476);
#4472 = LINE('',#4473,#4474);
#4473 = CARTESIAN_POINT('',(-6.28318530718,-1.));
#4474 = VECTOR('',#4475,1.);
#4475 = DIRECTION('',(1.,-0.));
#4476 = ( GEOMETRIC_REPRESENTATION_CONTEXT(2) 
PARAMETRIC_REPRESENTATION_CONTEXT() REPRESENTATION_CONTEXT('2D SPACE',''
  ) );
#4477 = ADVANCED_FACE('',(#4478,#4504),#2839,.T.);
#4478 = FACE_BOUND('',#4479,.T.);
#4479 = EDGE_LOOP('',(#4480,#4481,#4482,#4483));
#4480 = ORIENTED_EDGE('',*,*,#3230,.T.);
#4481 = ORIENTED_EDGE('',*,*,#3129,.T.);
#4482 = ORIENTED_EDGE('',*,*,#2824,.F.);
#4483 = ORIENTED_EDGE('',*,*,#4484,.T.);
#4484 = EDGE_CURVE('',#2792,#3231,#4485,.T.);
#4485 = SURFACE_CURVE('',#4486,(#4490,#4497),.PCURVE_S1.);
#4486 = LINE('',#4487,#4488);
#4487 = CARTESIAN_POINT('',(42.100000000001,-0.3,0.3));
#4488 = VECTOR('',#4489,1.);
#4489 = DIRECTION('',(1.,0.,0.));
#4490 = PCURVE('',#2839,#4491);
#4491 = DEFINITIONAL_REPRESENTATION('',(#4492),#4496);
#4492 = LINE('',#4493,#4494);
#4493 = CARTESIAN_POINT('',(36.800000000002,-8.8));
#4494 = VECTOR('',#4495,1.);
#4495 = DIRECTION('',(1.,0.));
#4496 = ( GEOMETRIC_REPRESENTATION_CONTEXT(2) 
PARAMETRIC_REPRESENTATION_CONTEXT() REPRESENTATION_CONTEXT('2D SPACE',''
  ) );
#4497 = PCURVE('',#2808,#4498);
#4498 = DEFINITIONAL_REPRESENTATION('',(#4499),#4503);
#4499 = LINE('',#4500,#4501);
#4500 = CARTESIAN_POINT('',(2.012988510932E-09,-50.3));
#4501 = VECTOR('',#4502,1.);
#4502 = DIRECTION('',(1.,0.));
#4503 = ( GEOMETRIC_REPRESENTATION_CONTEXT(2) 
PARAMETRIC_REPRESENTATION_CONTEXT() REPRESENTATION_CONTEXT('2D SPACE',''
  ) );
#4504 = FACE_BOUND('',#4505,.T.);
#4505 = EDGE_LOOP('',(#4506,#4529,#4550,#4571));
#4506 = ORIENTED_EDGE('',*,*,#4507,.F.);
#4507 = EDGE_CURVE('',#4508,#4510,#4512,.T.);
#4508 = VERTEX_POINT('',#4509);
#4509 = CARTESIAN_POINT('',(37.1,-0.3,-1.4));
#4510 = VERTEX_POINT('',#4511);
#4511 = CARTESIAN_POINT('',(47.1,-0.3,-1.4));
#4512 = SURFACE_CURVE('',#4513,(#4517,#4523),.PCURVE_S1.);
#4513 = LINE('',#4514,#4515);
#4514 = CARTESIAN_POINT('',(21.2,-0.3,-1.4));
#4515 = VECTOR('',#4516,1.);
#4516 = DIRECTION('',(1.,0.,0.));
#4517 = PCURVE('',#2839,#4518);
#4518 = DEFINITIONAL_REPRESENTATION('',(#4519),#4522);
#4519 = B_SPLINE_CURVE_WITH_KNOTS('',1,(#4520,#4521),.UNSPECIFIED.,.F.,
  .F.,(2,2),(15.9,25.9),.PIECEWISE_BEZIER_KNOTS.);
#4520 = CARTESIAN_POINT('',(31.800000000001,-7.1));
#4521 = CARTESIAN_POINT('',(41.800000000001,-7.1));
#4522 = ( GEOMETRIC_REPRESENTATION_CONTEXT(2) 
PARAMETRIC_REPRESENTATION_CONTEXT() REPRESENTATION_CONTEXT('2D SPACE',''
  ) );
#4523 = PCURVE('',#3987,#4524);
#4524 = DEFINITIONAL_REPRESENTATION('',(#4525),#4528);
#4525 = B_SPLINE_CURVE_WITH_KNOTS('',1,(#4526,#4527),.UNSPECIFIED.,.F.,
  .F.,(2,2),(15.9,25.9),.PIECEWISE_BEZIER_KNOTS.);
#4526 = CARTESIAN_POINT('',(0.,14.95));
#4527 = CARTESIAN_POINT('',(10.,14.95));
#4528 = ( GEOMETRIC_REPRESENTATION_CONTEXT(2) 
PARAMETRIC_REPRESENTATION_CONTEXT() REPRESENTATION_CONTEXT('2D SPACE',''
  ) );
#4529 = ORIENTED_EDGE('',*,*,#4530,.T.);
#4530 = EDGE_CURVE('',#4508,#4531,#4533,.T.);
#4531 = VERTEX_POINT('',#4532);
#4532 = CARTESIAN_POINT('',(37.1,-0.3,-5.));
#4533 = SURFACE_CURVE('',#4534,(#4538,#4544),.PCURVE_S1.);
#4534 = LINE('',#4535,#4536);
#4535 = CARTESIAN_POINT('',(37.1,-0.3,-6.75));
#4536 = VECTOR('',#4537,1.);
#4537 = DIRECTION('',(-0.,0.,-1.));
#4538 = PCURVE('',#2839,#4539);
#4539 = DEFINITIONAL_REPRESENTATION('',(#4540),#4543);
#4540 = B_SPLINE_CURVE_WITH_KNOTS('',1,(#4541,#4542),.UNSPECIFIED.,.F.,
  .F.,(2,2),(-5.35,-1.75),.PIECEWISE_BEZIER_KNOTS.);
#4541 = CARTESIAN_POINT('',(31.800000000001,-7.1));
#4542 = CARTESIAN_POINT('',(31.800000000001,-3.5));
#4543 = ( GEOMETRIC_REPRESENTATION_CONTEXT(2) 
PARAMETRIC_REPRESENTATION_CONTEXT() REPRESENTATION_CONTEXT('2D SPACE',''
  ) );
#4544 = PCURVE('',#4013,#4545);
#4545 = DEFINITIONAL_REPRESENTATION('',(#4546),#4549);
#4546 = B_SPLINE_CURVE_WITH_KNOTS('',1,(#4547,#4548),.UNSPECIFIED.,.F.,
  .F.,(2,2),(-5.35,-1.75),.PIECEWISE_BEZIER_KNOTS.);
#4547 = CARTESIAN_POINT('',(3.6,-14.95));
#4548 = CARTESIAN_POINT('',(0.,-14.95));
#4549 = ( GEOMETRIC_REPRESENTATION_CONTEXT(2) 
PARAMETRIC_REPRESENTATION_CONTEXT() REPRESENTATION_CONTEXT('2D SPACE',''
  ) );
#4550 = ORIENTED_EDGE('',*,*,#4551,.T.);
#4551 = EDGE_CURVE('',#4531,#4552,#4554,.T.);
#4552 = VERTEX_POINT('',#4553);
#4553 = CARTESIAN_POINT('',(47.1,-0.3,-5.));
#4554 = SURFACE_CURVE('',#4555,(#4559,#4565),.PCURVE_S1.);
#4555 = LINE('',#4556,#4557);
#4556 = CARTESIAN_POINT('',(21.2,-0.3,-5.));
#4557 = VECTOR('',#4558,1.);
#4558 = DIRECTION('',(1.,0.,0.));
#4559 = PCURVE('',#2839,#4560);
#4560 = DEFINITIONAL_REPRESENTATION('',(#4561),#4564);
#4561 = B_SPLINE_CURVE_WITH_KNOTS('',1,(#4562,#4563),.UNSPECIFIED.,.F.,
  .F.,(2,2),(15.9,25.9),.PIECEWISE_BEZIER_KNOTS.);
#4562 = CARTESIAN_POINT('',(31.800000000001,-3.5));
#4563 = CARTESIAN_POINT('',(41.800000000001,-3.5));
#4564 = ( GEOMETRIC_REPRESENTATION_CONTEXT(2) 
PARAMETRIC_REPRESENTATION_CONTEXT() REPRESENTATION_CONTEXT('2D SPACE',''
  ) );
#4565 = PCURVE('',#4037,#4566);
#4566 = DEFINITIONAL_REPRESENTATION('',(#4567),#4570);
#4567 = B_SPLINE_CURVE_WITH_KNOTS('',1,(#4568,#4569),.UNSPECIFIED.,.F.,
  .F.,(2,2),(15.9,25.9),.PIECEWISE_BEZIER_KNOTS.);
#4568 = CARTESIAN_POINT('',(0.,14.95));
#4569 = CARTESIAN_POINT('',(10.,14.95));
#4570 = ( GEOMETRIC_REPRESENTATION_CONTEXT(2) 
PARAMETRIC_REPRESENTATION_CONTEXT() REPRESENTATION_CONTEXT('2D SPACE',''
  ) );
#4571 = ORIENTED_EDGE('',*,*,#4572,.F.);
#4572 = EDGE_CURVE('',#4510,#4552,#4573,.T.);
#4573 = SURFACE_CURVE('',#4574,(#4578,#4584),.PCURVE_S1.);
#4574 = LINE('',#4575,#4576);
#4575 = CARTESIAN_POINT('',(47.1,-0.3,-6.75));
#4576 = VECTOR('',#4577,1.);
#4577 = DIRECTION('',(-0.,0.,-1.));
#4578 = PCURVE('',#2839,#4579);
#4579 = DEFINITIONAL_REPRESENTATION('',(#4580),#4583);
#4580 = B_SPLINE_CURVE_WITH_KNOTS('',1,(#4581,#4582),.UNSPECIFIED.,.F.,
  .F.,(2,2),(-5.35,-1.75),.PIECEWISE_BEZIER_KNOTS.);
#4581 = CARTESIAN_POINT('',(41.800000000001,-7.1));
#4582 = CARTESIAN_POINT('',(41.800000000001,-3.5));
#4583 = ( GEOMETRIC_REPRESENTATION_CONTEXT(2) 
PARAMETRIC_REPRESENTATION_CONTEXT() REPRESENTATION_CONTEXT('2D SPACE',''
  ) );
#4584 = PCURVE('',#3961,#4585);
#4585 = DEFINITIONAL_REPRESENTATION('',(#4586),#4589);
#4586 = B_SPLINE_CURVE_WITH_KNOTS('',1,(#4587,#4588),.UNSPECIFIED.,.F.,
  .F.,(2,2),(-5.35,-1.75),.PIECEWISE_BEZIER_KNOTS.);
#4587 = CARTESIAN_POINT('',(3.6,-14.95));
#4588 = CARTESIAN_POINT('',(0.,-14.95));
#4589 = ( GEOMETRIC_REPRESENTATION_CONTEXT(2) 
PARAMETRIC_REPRESENTATION_CONTEXT() REPRESENTATION_CONTEXT('2D SPACE',''
  ) );
#4590 = ADVANCED_FACE('',(#4591),#2780,.T.);
#4591 = FACE_BOUND('',#4592,.T.);
#4592 = EDGE_LOOP('',(#4593,#4594,#4613,#4614,#4615,#4634,#4635,#4656));
#4593 = ORIENTED_EDGE('',*,*,#3278,.T.);
#4594 = ORIENTED_EDGE('',*,*,#4595,.T.);
#4595 = EDGE_CURVE('',#3252,#2766,#4596,.T.);
#4596 = SURFACE_CURVE('',#4597,(#4601,#4607),.PCURVE_S1.);
#4597 = LINE('',#4598,#4599);
#4598 = CARTESIAN_POINT('',(23.699999998993,0.9,0.3));
#4599 = VECTOR('',#4600,1.);
#4600 = DIRECTION('',(-1.,0.,0.));
#4601 = PCURVE('',#2780,#4602);
#4602 = DEFINITIONAL_REPRESENTATION('',(#4603),#4606);
#4603 = B_SPLINE_CURVE_WITH_KNOTS('',1,(#4604,#4605),.UNSPECIFIED.,.F.,
  .F.,(2,2),(-55.19999999167,18.399999998995),.PIECEWISE_BEZIER_KNOTS.);
#4604 = CARTESIAN_POINT('',(73.599999990667,-1.));
#4605 = CARTESIAN_POINT('',(0.,-1.));
#4606 = ( GEOMETRIC_REPRESENTATION_CONTEXT(2) 
PARAMETRIC_REPRESENTATION_CONTEXT() REPRESENTATION_CONTEXT('2D SPACE',''
  ) );
#4607 = PCURVE('',#2808,#4608);
#4608 = DEFINITIONAL_REPRESENTATION('',(#4609),#4612);
#4609 = B_SPLINE_CURVE_WITH_KNOTS('',1,(#4610,#4611),.UNSPECIFIED.,.F.,
  .F.,(2,2),(-55.19999999167,18.399999998995),.PIECEWISE_BEZIER_KNOTS.);
#4610 = CARTESIAN_POINT('',(36.799999992678,-49.1));
#4611 = CARTESIAN_POINT('',(-36.79999999798,-49.1));
#4612 = ( GEOMETRIC_REPRESENTATION_CONTEXT(2) 
PARAMETRIC_REPRESENTATION_CONTEXT() REPRESENTATION_CONTEXT('2D SPACE',''
  ) );
#4613 = ORIENTED_EDGE('',*,*,#2765,.F.);
#4614 = ORIENTED_EDGE('',*,*,#4404,.F.);
#4615 = ORIENTED_EDGE('',*,*,#4616,.F.);
#4616 = EDGE_CURVE('',#3733,#4405,#4617,.T.);
#4617 = SURFACE_CURVE('',#4618,(#4622,#4628),.PCURVE_S1.);
#4618 = LINE('',#4619,#4620);
#4619 = CARTESIAN_POINT('',(6.963433774416,0.9,1.5));
#4620 = VECTOR('',#4621,1.);
#4621 = DIRECTION('',(-0.,-0.,-1.));
#4622 = PCURVE('',#2780,#4623);
#4623 = DEFINITIONAL_REPRESENTATION('',(#4624),#4627);
#4624 = B_SPLINE_CURVE_WITH_KNOTS('',1,(#4625,#4626),.UNSPECIFIED.,.F.,
  .F.,(2,2),(-1.9000024,2.400000000069E-06),.PIECEWISE_BEZIER_KNOTS.);
#4625 = CARTESIAN_POINT('',(1.663433774417,-4.1000024));
#4626 = CARTESIAN_POINT('',(1.663433774417,-2.1999976));
#4627 = ( GEOMETRIC_REPRESENTATION_CONTEXT(2) 
PARAMETRIC_REPRESENTATION_CONTEXT() REPRESENTATION_CONTEXT('2D SPACE',''
  ) );
#4628 = PCURVE('',#3770,#4629);
#4629 = DEFINITIONAL_REPRESENTATION('',(#4630),#4633);
#4630 = B_SPLINE_CURVE_WITH_KNOTS('',1,(#4631,#4632),.UNSPECIFIED.,.F.,
  .F.,(2,2),(-1.9,0.),.PIECEWISE_BEZIER_KNOTS.);
#4631 = CARTESIAN_POINT('',(-5.574069747035,-1.9));
#4632 = CARTESIAN_POINT('',(-5.574069747035,0.));
#4633 = ( GEOMETRIC_REPRESENTATION_CONTEXT(2) 
PARAMETRIC_REPRESENTATION_CONTEXT() REPRESENTATION_CONTEXT('2D SPACE',''
  ) );
#4634 = ORIENTED_EDGE('',*,*,#3732,.T.);
#4635 = ORIENTED_EDGE('',*,*,#4636,.T.);
#4636 = EDGE_CURVE('',#3704,#4637,#4639,.T.);
#4637 = VERTEX_POINT('',#4638);
#4638 = CARTESIAN_POINT('',(77.236566225584,0.9,1.5));
#4639 = SURFACE_CURVE('',#4640,(#4644,#4650),.PCURVE_S1.);
#4640 = LINE('',#4641,#4642);
#4641 = CARTESIAN_POINT('',(77.236566225584,0.9,1.5));
#4642 = VECTOR('',#4643,1.);
#4643 = DIRECTION('',(-0.,-0.,-1.));
#4644 = PCURVE('',#2780,#4645);
#4645 = DEFINITIONAL_REPRESENTATION('',(#4646),#4649);
#4646 = B_SPLINE_CURVE_WITH_KNOTS('',1,(#4647,#4648),.UNSPECIFIED.,.F.,
  .F.,(2,2),(-1.9000024,2.400000000069E-06),.PIECEWISE_BEZIER_KNOTS.);
#4647 = CARTESIAN_POINT('',(71.936566225585,-4.1000024));
#4648 = CARTESIAN_POINT('',(71.936566225585,-2.1999976));
#4649 = ( GEOMETRIC_REPRESENTATION_CONTEXT(2) 
PARAMETRIC_REPRESENTATION_CONTEXT() REPRESENTATION_CONTEXT('2D SPACE',''
  ) );
#4650 = PCURVE('',#3720,#4651);
#4651 = DEFINITIONAL_REPRESENTATION('',(#4652),#4655);
#4652 = B_SPLINE_CURVE_WITH_KNOTS('',1,(#4653,#4654),.UNSPECIFIED.,.F.,
  .F.,(2,2),(-1.9000024,2.400000000069E-06),.PIECEWISE_BEZIER_KNOTS.);
#4653 = CARTESIAN_POINT('',(-3.850708213734,-1.9000024));
#4654 = CARTESIAN_POINT('',(-3.850708213734,2.400000000069E-06));
#4655 = ( GEOMETRIC_REPRESENTATION_CONTEXT(2) 
PARAMETRIC_REPRESENTATION_CONTEXT() REPRESENTATION_CONTEXT('2D SPACE',''
  ) );
#4656 = ORIENTED_EDGE('',*,*,#4657,.F.);
#4657 = EDGE_CURVE('',#3279,#4637,#4658,.T.);
#4658 = SURFACE_CURVE('',#4659,(#4663,#4669),.PCURVE_S1.);
#4659 = LINE('',#4660,#4661);
#4660 = CARTESIAN_POINT('',(42.899999999999,0.9,1.5));
#4661 = VECTOR('',#4662,1.);
#4662 = DIRECTION('',(1.,0.,0.));
#4663 = PCURVE('',#2780,#4664);
#4664 = DEFINITIONAL_REPRESENTATION('',(#4665),#4668);
#4665 = B_SPLINE_CURVE_WITH_KNOTS('',1,(#4666,#4667),.UNSPECIFIED.,.F.,
  .F.,(2,2),(32.600000000001,35.999999990666),.PIECEWISE_BEZIER_KNOTS.);
#4666 = CARTESIAN_POINT('',(70.200000000001,-2.2));
#4667 = CARTESIAN_POINT('',(73.599999990667,-2.2));
#4668 = ( GEOMETRIC_REPRESENTATION_CONTEXT(2) 
PARAMETRIC_REPRESENTATION_CONTEXT() REPRESENTATION_CONTEXT('2D SPACE',''
  ) );
#4669 = PCURVE('',#3316,#4670);
#4670 = DEFINITIONAL_REPRESENTATION('',(#4671),#4675);
#4671 = LINE('',#4672,#4673);
#4672 = CARTESIAN_POINT('',(-37.6,-2.8));
#4673 = VECTOR('',#4674,1.);
#4674 = DIRECTION('',(1.,0.));
#4675 = ( GEOMETRIC_REPRESENTATION_CONTEXT(2) 
PARAMETRIC_REPRESENTATION_CONTEXT() REPRESENTATION_CONTEXT('2D SPACE',''
  ) );
#4676 = ADVANCED_FACE('',(#4677),#2808,.F.);
#4677 = FACE_BOUND('',#4678,.F.);
#4678 = EDGE_LOOP('',(#4679,#4680,#4681,#4682));
#4679 = ORIENTED_EDGE('',*,*,#4484,.T.);
#4680 = ORIENTED_EDGE('',*,*,#3251,.T.);
#4681 = ORIENTED_EDGE('',*,*,#4595,.T.);
#4682 = ORIENTED_EDGE('',*,*,#2791,.T.);
#4683 = ADVANCED_FACE('',(#4684,#4732),#3035,.F.);
#4684 = FACE_BOUND('',#4685,.F.);
#4685 = EDGE_LOOP('',(#4686,#4687,#4688,#4712));
#4686 = ORIENTED_EDGE('',*,*,#3018,.T.);
#4687 = ORIENTED_EDGE('',*,*,#4176,.T.);
#4688 = ORIENTED_EDGE('',*,*,#4689,.T.);
#4689 = EDGE_CURVE('',#4156,#4690,#4692,.T.);
#4690 = VERTEX_POINT('',#4691);
#4691 = CARTESIAN_POINT('',(83.300000000001,93.036566225585,1.5));
#4692 = SURFACE_CURVE('',#4693,(#4698,#4705),.PCURVE_S1.);
#4693 = CIRCLE('',#4694,4.3);
#4694 = AXIS2_PLACEMENT_3D('',#4695,#4696,#4697);
#4695 = CARTESIAN_POINT('',(80.5,96.3,1.5));
#4696 = DIRECTION('',(0.,0.,1.));
#4697 = DIRECTION('',(1.,0.,0.));
#4698 = PCURVE('',#3035,#4699);
#4699 = DEFINITIONAL_REPRESENTATION('',(#4700),#4704);
#4700 = CIRCLE('',#4701,4.3);
#4701 = AXIS2_PLACEMENT_2D('',#4702,#4703);
#4702 = CARTESIAN_POINT('',(0.,0.));
#4703 = DIRECTION('',(1.,0.));
#4704 = ( GEOMETRIC_REPRESENTATION_CONTEXT(2) 
PARAMETRIC_REPRESENTATION_CONTEXT() REPRESENTATION_CONTEXT('2D SPACE',''
  ) );
#4705 = PCURVE('',#3668,#4706);
#4706 = DEFINITIONAL_REPRESENTATION('',(#4707),#4711);
#4707 = LINE('',#4708,#4709);
#4708 = CARTESIAN_POINT('',(-0.,0.));
#4709 = VECTOR('',#4710,1.);
#4710 = DIRECTION('',(-1.,0.));
#4711 = ( GEOMETRIC_REPRESENTATION_CONTEXT(2) 
PARAMETRIC_REPRESENTATION_CONTEXT() REPRESENTATION_CONTEXT('2D SPACE',''
  ) );
#4712 = ORIENTED_EDGE('',*,*,#4713,.F.);
#4713 = EDGE_CURVE('',#2993,#4690,#4714,.T.);
#4714 = SURFACE_CURVE('',#4715,(#4719,#4726),.PCURVE_S1.);
#4715 = LINE('',#4716,#4717);
#4716 = CARTESIAN_POINT('',(83.300000000001,50.8,1.5));
#4717 = VECTOR('',#4718,1.);
#4718 = DIRECTION('',(0.,1.,-0.));
#4719 = PCURVE('',#3035,#4720);
#4720 = DEFINITIONAL_REPRESENTATION('',(#4721),#4725);
#4721 = LINE('',#4722,#4723);
#4722 = CARTESIAN_POINT('',(2.800000000001,-45.5));
#4723 = VECTOR('',#4724,1.);
#4724 = DIRECTION('',(0.,1.));
#4725 = ( GEOMETRIC_REPRESENTATION_CONTEXT(2) 
PARAMETRIC_REPRESENTATION_CONTEXT() REPRESENTATION_CONTEXT('2D SPACE',''
  ) );
#4726 = PCURVE('',#3007,#4727);
#4727 = DEFINITIONAL_REPRESENTATION('',(#4728),#4731);
#4728 = B_SPLINE_CURVE_WITH_KNOTS('',1,(#4729,#4730),.UNSPECIFIED.,.F.,
  .F.,(2,2),(40.5,43.9),.PIECEWISE_BEZIER_KNOTS.);
#4729 = CARTESIAN_POINT('',(86.,-2.2));
#4730 = CARTESIAN_POINT('',(89.4,-2.2));
#4731 = ( GEOMETRIC_REPRESENTATION_CONTEXT(2) 
PARAMETRIC_REPRESENTATION_CONTEXT() REPRESENTATION_CONTEXT('2D SPACE',''
  ) );
#4732 = FACE_BOUND('',#4733,.F.);
#4733 = EDGE_LOOP('',(#4734));
#4734 = ORIENTED_EDGE('',*,*,#4735,.T.);
#4735 = EDGE_CURVE('',#4736,#4736,#4738,.T.);
#4736 = VERTEX_POINT('',#4737);
#4737 = CARTESIAN_POINT('',(82.7,96.3,1.5));
#4738 = SURFACE_CURVE('',#4739,(#4744,#4755),.PCURVE_S1.);
#4739 = CIRCLE('',#4740,2.2);
#4740 = AXIS2_PLACEMENT_3D('',#4741,#4742,#4743);
#4741 = CARTESIAN_POINT('',(80.5,96.3,1.5));
#4742 = DIRECTION('',(0.,0.,-1.));
#4743 = DIRECTION('',(1.,0.,0.));
#4744 = PCURVE('',#3035,#4745);
#4745 = DEFINITIONAL_REPRESENTATION('',(#4746),#4754);
#4746 = ( BOUNDED_CURVE() B_SPLINE_CURVE(2,(#4747,#4748,#4749,#4750,
#4751,#4752,#4753),.UNSPECIFIED.,.T.,.F.) B_SPLINE_CURVE_WITH_KNOTS((1,2
    ,2,2,2,1),(-2.094395102393,0.,2.094395102393,4.188790204786,
6.28318530718,8.377580409573),.UNSPECIFIED.) CURVE() 
GEOMETRIC_REPRESENTATION_ITEM() RATIONAL_B_SPLINE_CURVE((1.,0.5,1.,0.5,
1.,0.5,1.)) REPRESENTATION_ITEM('') );
#4747 = CARTESIAN_POINT('',(2.2,0.));
#4748 = CARTESIAN_POINT('',(2.2,-3.810511776652));
#4749 = CARTESIAN_POINT('',(-1.1,-1.905255888326));
#4750 = CARTESIAN_POINT('',(-4.4,-5.388445916248E-16));
#4751 = CARTESIAN_POINT('',(-1.1,1.905255888326));
#4752 = CARTESIAN_POINT('',(2.2,3.810511776652));
#4753 = CARTESIAN_POINT('',(2.2,0.));
#4754 = ( GEOMETRIC_REPRESENTATION_CONTEXT(2) 
PARAMETRIC_REPRESENTATION_CONTEXT() REPRESENTATION_CONTEXT('2D SPACE',''
  ) );
#4755 = PCURVE('',#3805,#4756);
#4756 = DEFINITIONAL_REPRESENTATION('',(#4757),#4761);
#4757 = LINE('',#4758,#4759);
#4758 = CARTESIAN_POINT('',(-6.28318530718,-1.));
#4759 = VECTOR('',#4760,1.);
#4760 = DIRECTION('',(1.,-0.));
#4761 = ( GEOMETRIC_REPRESENTATION_CONTEXT(2) 
PARAMETRIC_REPRESENTATION_CONTEXT() REPRESENTATION_CONTEXT('2D SPACE',''
  ) );
#4762 = ADVANCED_FACE('',(#4763),#2949,.T.);
#4763 = FACE_BOUND('',#4764,.T.);
#4764 = EDGE_LOOP('',(#4765,#4766,#4767,#4768));
#4765 = ORIENTED_EDGE('',*,*,#2934,.T.);
#4766 = ORIENTED_EDGE('',*,*,#3182,.T.);
#4767 = ORIENTED_EDGE('',*,*,#3206,.F.);
#4768 = ORIENTED_EDGE('',*,*,#4769,.T.);
#4769 = EDGE_CURVE('',#3207,#2935,#4770,.T.);
#4770 = SURFACE_CURVE('',#4771,(#4775,#4782),.PCURVE_S1.);
#4771 = LINE('',#4772,#4773);
#4772 = CARTESIAN_POINT('',(84.500000000001,50.,0.3));
#4773 = VECTOR('',#4774,1.);
#4774 = DIRECTION('',(0.,1.,0.));
#4775 = PCURVE('',#2949,#4776);
#4776 = DEFINITIONAL_REPRESENTATION('',(#4777),#4781);
#4777 = LINE('',#4778,#4779);
#4778 = CARTESIAN_POINT('',(44.7,-8.8));
#4779 = VECTOR('',#4780,1.);
#4780 = DIRECTION('',(1.,0.));
#4781 = ( GEOMETRIC_REPRESENTATION_CONTEXT(2) 
PARAMETRIC_REPRESENTATION_CONTEXT() REPRESENTATION_CONTEXT('2D SPACE',''
  ) );
#4782 = PCURVE('',#2976,#4783);
#4783 = DEFINITIONAL_REPRESENTATION('',(#4784),#4788);
#4784 = LINE('',#4785,#4786);
#4785 = CARTESIAN_POINT('',(42.400000002013,7.483848560947E-16));
#4786 = VECTOR('',#4787,1.);
#4787 = DIRECTION('',(0.,1.));
#4788 = ( GEOMETRIC_REPRESENTATION_CONTEXT(2) 
PARAMETRIC_REPRESENTATION_CONTEXT() REPRESENTATION_CONTEXT('2D SPACE',''
  ) );
#4789 = ADVANCED_FACE('',(#4790),#3007,.T.);
#4790 = FACE_BOUND('',#4791,.T.);
#4791 = EDGE_LOOP('',(#4792,#4793,#4812,#4813,#4835,#4854,#4855,#4874));
#4792 = ORIENTED_EDGE('',*,*,#2992,.T.);
#4793 = ORIENTED_EDGE('',*,*,#4794,.T.);
#4794 = EDGE_CURVE('',#2961,#3329,#4795,.T.);
#4795 = SURFACE_CURVE('',#4796,(#4800,#4806),.PCURVE_S1.);
#4796 = LINE('',#4797,#4798);
#4797 = CARTESIAN_POINT('',(83.300000000001,27.65,0.3));
#4798 = VECTOR('',#4799,1.);
#4799 = DIRECTION('',(0.,-1.,0.));
#4800 = PCURVE('',#3007,#4801);
#4801 = DEFINITIONAL_REPRESENTATION('',(#4802),#4805);
#4802 = B_SPLINE_CURVE_WITH_KNOTS('',1,(#4803,#4804),.UNSPECIFIED.,.F.,
  .F.,(2,2),(-67.05,22.35),.PIECEWISE_BEZIER_KNOTS.);
#4803 = CARTESIAN_POINT('',(89.4,-1.));
#4804 = CARTESIAN_POINT('',(0.,-1.));
#4805 = ( GEOMETRIC_REPRESENTATION_CONTEXT(2) 
PARAMETRIC_REPRESENTATION_CONTEXT() REPRESENTATION_CONTEXT('2D SPACE',''
  ) );
#4806 = PCURVE('',#2976,#4807);
#4807 = DEFINITIONAL_REPRESENTATION('',(#4808),#4811);
#4808 = B_SPLINE_CURVE_WITH_KNOTS('',1,(#4809,#4810),.UNSPECIFIED.,.F.,
  .F.,(2,2),(-67.05,22.35),.PIECEWISE_BEZIER_KNOTS.);
#4809 = CARTESIAN_POINT('',(41.200000002013,44.7));
#4810 = CARTESIAN_POINT('',(41.200000002013,-44.7));
#4811 = ( GEOMETRIC_REPRESENTATION_CONTEXT(2) 
PARAMETRIC_REPRESENTATION_CONTEXT() REPRESENTATION_CONTEXT('2D SPACE',''
  ) );
#4812 = ORIENTED_EDGE('',*,*,#3328,.F.);
#4813 = ORIENTED_EDGE('',*,*,#4814,.F.);
#4814 = EDGE_CURVE('',#4815,#3300,#4817,.T.);
#4815 = VERTEX_POINT('',#4816);
#4816 = CARTESIAN_POINT('',(83.300000000001,6.963433774415,1.5));
#4817 = SURFACE_CURVE('',#4818,(#4822,#4828),.PCURVE_S1.);
#4818 = LINE('',#4819,#4820);
#4819 = CARTESIAN_POINT('',(83.300000000001,4.5,1.5));
#4820 = VECTOR('',#4821,1.);
#4821 = DIRECTION('',(0.,1.,-0.));
#4822 = PCURVE('',#3007,#4823);
#4823 = DEFINITIONAL_REPRESENTATION('',(#4824),#4827);
#4824 = B_SPLINE_CURVE_WITH_KNOTS('',1,(#4825,#4826),.UNSPECIFIED.,.F.,
  .F.,(2,2),(0.8,4.2),.PIECEWISE_BEZIER_KNOTS.);
#4825 = CARTESIAN_POINT('',(0.,-2.2));
#4826 = CARTESIAN_POINT('',(3.4,-2.2));
#4827 = ( GEOMETRIC_REPRESENTATION_CONTEXT(2) 
PARAMETRIC_REPRESENTATION_CONTEXT() REPRESENTATION_CONTEXT('2D SPACE',''
  ) );
#4828 = PCURVE('',#3316,#4829);
#4829 = DEFINITIONAL_REPRESENTATION('',(#4830),#4834);
#4830 = LINE('',#4831,#4832);
#4831 = CARTESIAN_POINT('',(2.800000000001,0.8));
#4832 = VECTOR('',#4833,1.);
#4833 = DIRECTION('',(0.,1.));
#4834 = ( GEOMETRIC_REPRESENTATION_CONTEXT(2) 
PARAMETRIC_REPRESENTATION_CONTEXT() REPRESENTATION_CONTEXT('2D SPACE',''
  ) );
#4835 = ORIENTED_EDGE('',*,*,#4836,.F.);
#4836 = EDGE_CURVE('',#3681,#4815,#4837,.T.);
#4837 = SURFACE_CURVE('',#4838,(#4842,#4848),.PCURVE_S1.);
#4838 = LINE('',#4839,#4840);
#4839 = CARTESIAN_POINT('',(83.300000000001,6.963433774415,1.5));
#4840 = VECTOR('',#4841,1.);
#4841 = DIRECTION('',(-0.,-0.,-1.));
#4842 = PCURVE('',#3007,#4843);
#4843 = DEFINITIONAL_REPRESENTATION('',(#4844),#4847);
#4844 = B_SPLINE_CURVE_WITH_KNOTS('',1,(#4845,#4846),.UNSPECIFIED.,.F.,
  .F.,(2,2),(-1.9000024,2.400000000069E-06),.PIECEWISE_BEZIER_KNOTS.);
#4845 = CARTESIAN_POINT('',(1.663433774415,-4.1000024));
#4846 = CARTESIAN_POINT('',(1.663433774415,-2.1999976));
#4847 = ( GEOMETRIC_REPRESENTATION_CONTEXT(2) 
PARAMETRIC_REPRESENTATION_CONTEXT() REPRESENTATION_CONTEXT('2D SPACE',''
  ) );
#4848 = PCURVE('',#3720,#4849);
#4849 = DEFINITIONAL_REPRESENTATION('',(#4850),#4853);
#4850 = B_SPLINE_CURVE_WITH_KNOTS('',1,(#4851,#4852),.UNSPECIFIED.,.F.,
  .F.,(2,2),(-1.9000024,2.400000000069E-06),.PIECEWISE_BEZIER_KNOTS.);
#4851 = CARTESIAN_POINT('',(-0.86168076665,-1.9000024));
#4852 = CARTESIAN_POINT('',(-0.86168076665,2.400000000069E-06));
#4853 = ( GEOMETRIC_REPRESENTATION_CONTEXT(2) 
PARAMETRIC_REPRESENTATION_CONTEXT() REPRESENTATION_CONTEXT('2D SPACE',''
  ) );
#4854 = ORIENTED_EDGE('',*,*,#3680,.T.);
#4855 = ORIENTED_EDGE('',*,*,#4856,.T.);
#4856 = EDGE_CURVE('',#3652,#4690,#4857,.T.);
#4857 = SURFACE_CURVE('',#4858,(#4862,#4868),.PCURVE_S1.);
#4858 = LINE('',#4859,#4860);
#4859 = CARTESIAN_POINT('',(83.300000000001,93.036566225585,1.5));
#4860 = VECTOR('',#4861,1.);
#4861 = DIRECTION('',(-0.,-0.,-1.));
#4862 = PCURVE('',#3007,#4863);
#4863 = DEFINITIONAL_REPRESENTATION('',(#4864),#4867);
#4864 = B_SPLINE_CURVE_WITH_KNOTS('',1,(#4865,#4866),.UNSPECIFIED.,.F.,
  .F.,(2,2),(-1.9000024,2.400000000069E-06),.PIECEWISE_BEZIER_KNOTS.);
#4865 = CARTESIAN_POINT('',(87.736566225585,-4.1000024));
#4866 = CARTESIAN_POINT('',(87.736566225585,-2.1999976));
#4867 = ( GEOMETRIC_REPRESENTATION_CONTEXT(2) 
PARAMETRIC_REPRESENTATION_CONTEXT() REPRESENTATION_CONTEXT('2D SPACE',''
  ) );
#4868 = PCURVE('',#3668,#4869);
#4869 = DEFINITIONAL_REPRESENTATION('',(#4870),#4873);
#4870 = B_SPLINE_CURVE_WITH_KNOTS('',1,(#4871,#4872),.UNSPECIFIED.,.F.,
  .F.,(2,2),(-1.9000024,2.400000000069E-06),.PIECEWISE_BEZIER_KNOTS.);
#4871 = CARTESIAN_POINT('',(-5.421504540529,-1.9000024));
#4872 = CARTESIAN_POINT('',(-5.421504540529,2.400000000069E-06));
#4873 = ( GEOMETRIC_REPRESENTATION_CONTEXT(2) 
PARAMETRIC_REPRESENTATION_CONTEXT() REPRESENTATION_CONTEXT('2D SPACE',''
  ) );
#4874 = ORIENTED_EDGE('',*,*,#4713,.F.);
#4875 = ADVANCED_FACE('',(#4876),#2976,.F.);
#4876 = FACE_BOUND('',#4877,.F.);
#4877 = EDGE_LOOP('',(#4878,#4879,#4880,#4881));
#4878 = ORIENTED_EDGE('',*,*,#4769,.T.);
#4879 = ORIENTED_EDGE('',*,*,#2960,.T.);
#4880 = ORIENTED_EDGE('',*,*,#4794,.T.);
#4881 = ORIENTED_EDGE('',*,*,#3349,.T.);
#4882 = ADVANCED_FACE('',(#4883,#4910),#3316,.F.);
#4883 = FACE_BOUND('',#4884,.F.);
#4884 = EDGE_LOOP('',(#4885,#4886,#4887,#4909));
#4885 = ORIENTED_EDGE('',*,*,#3299,.T.);
#4886 = ORIENTED_EDGE('',*,*,#4814,.F.);
#4887 = ORIENTED_EDGE('',*,*,#4888,.T.);
#4888 = EDGE_CURVE('',#4815,#4637,#4889,.T.);
#4889 = SURFACE_CURVE('',#4890,(#4895,#4902),.PCURVE_S1.);
#4890 = CIRCLE('',#4891,4.3);
#4891 = AXIS2_PLACEMENT_3D('',#4892,#4893,#4894);
#4892 = CARTESIAN_POINT('',(80.5,3.7,1.5));
#4893 = DIRECTION('',(0.,0.,1.));
#4894 = DIRECTION('',(1.,0.,0.));
#4895 = PCURVE('',#3316,#4896);
#4896 = DEFINITIONAL_REPRESENTATION('',(#4897),#4901);
#4897 = CIRCLE('',#4898,4.3);
#4898 = AXIS2_PLACEMENT_2D('',#4899,#4900);
#4899 = CARTESIAN_POINT('',(0.,-4.440892098501E-16));
#4900 = DIRECTION('',(1.,0.));
#4901 = ( GEOMETRIC_REPRESENTATION_CONTEXT(2) 
PARAMETRIC_REPRESENTATION_CONTEXT() REPRESENTATION_CONTEXT('2D SPACE',''
  ) );
#4902 = PCURVE('',#3720,#4903);
#4903 = DEFINITIONAL_REPRESENTATION('',(#4904),#4908);
#4904 = LINE('',#4905,#4906);
#4905 = CARTESIAN_POINT('',(-0.,0.));
#4906 = VECTOR('',#4907,1.);
#4907 = DIRECTION('',(-1.,0.));
#4908 = ( GEOMETRIC_REPRESENTATION_CONTEXT(2) 
PARAMETRIC_REPRESENTATION_CONTEXT() REPRESENTATION_CONTEXT('2D SPACE',''
  ) );
#4909 = ORIENTED_EDGE('',*,*,#4657,.F.);
#4910 = FACE_BOUND('',#4911,.F.);
#4911 = EDGE_LOOP('',(#4912));
#4912 = ORIENTED_EDGE('',*,*,#4913,.T.);
#4913 = EDGE_CURVE('',#4914,#4914,#4916,.T.);
#4914 = VERTEX_POINT('',#4915);
#4915 = CARTESIAN_POINT('',(82.7,3.7,1.5));
#4916 = SURFACE_CURVE('',#4917,(#4922,#4933),.PCURVE_S1.);
#4917 = CIRCLE('',#4918,2.2);
#4918 = AXIS2_PLACEMENT_3D('',#4919,#4920,#4921);
#4919 = CARTESIAN_POINT('',(80.5,3.7,1.5));
#4920 = DIRECTION('',(0.,0.,-1.));
#4921 = DIRECTION('',(1.,0.,0.));
#4922 = PCURVE('',#3316,#4923);
#4923 = DEFINITIONAL_REPRESENTATION('',(#4924),#4932);
#4924 = ( BOUNDED_CURVE() B_SPLINE_CURVE(2,(#4925,#4926,#4927,#4928,
#4929,#4930,#4931),.UNSPECIFIED.,.T.,.F.) B_SPLINE_CURVE_WITH_KNOTS((1,2
    ,2,2,2,1),(-2.094395102393,0.,2.094395102393,4.188790204786,
6.28318530718,8.377580409573),.UNSPECIFIED.) CURVE() 
GEOMETRIC_REPRESENTATION_ITEM() RATIONAL_B_SPLINE_CURVE((1.,0.5,1.,0.5,
1.,0.5,1.)) REPRESENTATION_ITEM('') );
#4925 = CARTESIAN_POINT('',(2.2,-4.440892098501E-16));
#4926 = CARTESIAN_POINT('',(2.2,-3.810511776652));
#4927 = CARTESIAN_POINT('',(-1.1,-1.905255888326));
#4928 = CARTESIAN_POINT('',(-4.4,-9.829338014749E-16));
#4929 = CARTESIAN_POINT('',(-1.1,1.905255888326));
#4930 = CARTESIAN_POINT('',(2.2,3.810511776652));
#4931 = CARTESIAN_POINT('',(2.2,-4.440892098501E-16));
#4932 = ( GEOMETRIC_REPRESENTATION_CONTEXT(2) 
PARAMETRIC_REPRESENTATION_CONTEXT() REPRESENTATION_CONTEXT('2D SPACE',''
  ) );
#4933 = PCURVE('',#3525,#4934);
#4934 = DEFINITIONAL_REPRESENTATION('',(#4935),#4939);
#4935 = LINE('',#4936,#4937);
#4936 = CARTESIAN_POINT('',(-6.28318530718,-1.));
#4937 = VECTOR('',#4938,1.);
#4938 = DIRECTION('',(1.,-0.));
#4939 = ( GEOMETRIC_REPRESENTATION_CONTEXT(2) 
PARAMETRIC_REPRESENTATION_CONTEXT() REPRESENTATION_CONTEXT('2D SPACE',''
  ) );
#4940 = ADVANCED_FACE('',(#4941),#3490,.F.);
#4941 = FACE_BOUND('',#4942,.T.);
#4942 = EDGE_LOOP('',(#4943,#4944,#4965,#4966));
#4943 = ORIENTED_EDGE('',*,*,#4450,.T.);
#4944 = ORIENTED_EDGE('',*,*,#4945,.T.);
#4945 = EDGE_CURVE('',#4451,#3470,#4946,.T.);
#4946 = SEAM_CURVE('',#4947,(#4951,#4958),.PCURVE_S1.);
#4947 = LINE('',#4948,#4949);
#4948 = CARTESIAN_POINT('',(5.9,3.7,0.5));
#4949 = VECTOR('',#4950,1.);
#4950 = DIRECTION('',(0.,0.,1.));
#4951 = PCURVE('',#3490,#4952);
#4952 = DEFINITIONAL_REPRESENTATION('',(#4953),#4957);
#4953 = LINE('',#4954,#4955);
#4954 = CARTESIAN_POINT('',(-6.28318530718,0.));
#4955 = VECTOR('',#4956,1.);
#4956 = DIRECTION('',(-0.,-1.));
#4957 = ( GEOMETRIC_REPRESENTATION_CONTEXT(2) 
PARAMETRIC_REPRESENTATION_CONTEXT() REPRESENTATION_CONTEXT('2D SPACE',''
  ) );
#4958 = PCURVE('',#3490,#4959);
#4959 = DEFINITIONAL_REPRESENTATION('',(#4960),#4964);
#4960 = LINE('',#4961,#4962);
#4961 = CARTESIAN_POINT('',(-0.,0.));
#4962 = VECTOR('',#4963,1.);
#4963 = DIRECTION('',(-0.,-1.));
#4964 = ( GEOMETRIC_REPRESENTATION_CONTEXT(2) 
PARAMETRIC_REPRESENTATION_CONTEXT() REPRESENTATION_CONTEXT('2D SPACE',''
  ) );
#4965 = ORIENTED_EDGE('',*,*,#3469,.F.);
#4966 = ORIENTED_EDGE('',*,*,#4945,.F.);
#4967 = ADVANCED_FACE('',(#4968),#3525,.F.);
#4968 = FACE_BOUND('',#4969,.T.);
#4969 = EDGE_LOOP('',(#4970,#4971,#4992,#4993));
#4970 = ORIENTED_EDGE('',*,*,#4913,.T.);
#4971 = ORIENTED_EDGE('',*,*,#4972,.T.);
#4972 = EDGE_CURVE('',#4914,#3505,#4973,.T.);
#4973 = SEAM_CURVE('',#4974,(#4978,#4985),.PCURVE_S1.);
#4974 = LINE('',#4975,#4976);
#4975 = CARTESIAN_POINT('',(82.7,3.7,0.5));
#4976 = VECTOR('',#4977,1.);
#4977 = DIRECTION('',(0.,0.,1.));
#4978 = PCURVE('',#3525,#4979);
#4979 = DEFINITIONAL_REPRESENTATION('',(#4980),#4984);
#4980 = LINE('',#4981,#4982);
#4981 = CARTESIAN_POINT('',(-6.28318530718,0.));
#4982 = VECTOR('',#4983,1.);
#4983 = DIRECTION('',(-0.,-1.));
#4984 = ( GEOMETRIC_REPRESENTATION_CONTEXT(2) 
PARAMETRIC_REPRESENTATION_CONTEXT() REPRESENTATION_CONTEXT('2D SPACE',''
  ) );
#4985 = PCURVE('',#3525,#4986);
#4986 = DEFINITIONAL_REPRESENTATION('',(#4987),#4991);
#4987 = LINE('',#4988,#4989);
#4988 = CARTESIAN_POINT('',(-0.,0.));
#4989 = VECTOR('',#4990,1.);
#4990 = DIRECTION('',(-0.,-1.));
#4991 = ( GEOMETRIC_REPRESENTATION_CONTEXT(2) 
PARAMETRIC_REPRESENTATION_CONTEXT() REPRESENTATION_CONTEXT('2D SPACE',''
  ) );
#4992 = ORIENTED_EDGE('',*,*,#3504,.F.);
#4993 = ORIENTED_EDGE('',*,*,#4972,.F.);
#4994 = ADVANCED_FACE('',(#4995),#3560,.F.);
#4995 = FACE_BOUND('',#4996,.T.);
#4996 = EDGE_LOOP('',(#4997,#4998,#5019,#5020));
#4997 = ORIENTED_EDGE('',*,*,#4251,.T.);
#4998 = ORIENTED_EDGE('',*,*,#4999,.T.);
#4999 = EDGE_CURVE('',#4252,#3540,#5000,.T.);
#5000 = SEAM_CURVE('',#5001,(#5005,#5012),.PCURVE_S1.);
#5001 = LINE('',#5002,#5003);
#5002 = CARTESIAN_POINT('',(5.9,96.3,0.5));
#5003 = VECTOR('',#5004,1.);
#5004 = DIRECTION('',(0.,0.,1.));
#5005 = PCURVE('',#3560,#5006);
#5006 = DEFINITIONAL_REPRESENTATION('',(#5007),#5011);
#5007 = LINE('',#5008,#5009);
#5008 = CARTESIAN_POINT('',(-6.28318530718,0.));
#5009 = VECTOR('',#5010,1.);
#5010 = DIRECTION('',(-0.,-1.));
#5011 = ( GEOMETRIC_REPRESENTATION_CONTEXT(2) 
PARAMETRIC_REPRESENTATION_CONTEXT() REPRESENTATION_CONTEXT('2D SPACE',''
  ) );
#5012 = PCURVE('',#3560,#5013);
#5013 = DEFINITIONAL_REPRESENTATION('',(#5014),#5018);
#5014 = LINE('',#5015,#5016);
#5015 = CARTESIAN_POINT('',(-0.,0.));
#5016 = VECTOR('',#5017,1.);
#5017 = DIRECTION('',(-0.,-1.));
#5018 = ( GEOMETRIC_REPRESENTATION_CONTEXT(2) 
PARAMETRIC_REPRESENTATION_CONTEXT() REPRESENTATION_CONTEXT('2D SPACE',''
  ) );
#5019 = ORIENTED_EDGE('',*,*,#3539,.F.);
#5020 = ORIENTED_EDGE('',*,*,#4999,.F.);
#5021 = ADVANCED_FACE('',(#5022),#3770,.T.);
#5022 = FACE_BOUND('',#5023,.F.);
#5023 = EDGE_LOOP('',(#5024,#5025,#5026,#5027));
#5024 = ORIENTED_EDGE('',*,*,#4426,.F.);
#5025 = ORIENTED_EDGE('',*,*,#4616,.F.);
#5026 = ORIENTED_EDGE('',*,*,#3755,.T.);
#5027 = ORIENTED_EDGE('',*,*,#4352,.T.);
#5028 = ADVANCED_FACE('',(#5029),#3616,.T.);
#5029 = FACE_BOUND('',#5030,.F.);
#5030 = EDGE_LOOP('',(#5031,#5032,#5033,#5034));
#5031 = ORIENTED_EDGE('',*,*,#3599,.T.);
#5032 = ORIENTED_EDGE('',*,*,#4135,.T.);
#5033 = ORIENTED_EDGE('',*,*,#4223,.T.);
#5034 = ORIENTED_EDGE('',*,*,#4372,.F.);
#5035 = ADVANCED_FACE('',(#5036),#3720,.T.);
#5036 = FACE_BOUND('',#5037,.F.);
#5037 = EDGE_LOOP('',(#5038,#5039,#5040,#5041));
#5038 = ORIENTED_EDGE('',*,*,#4888,.F.);
#5039 = ORIENTED_EDGE('',*,*,#4836,.F.);
#5040 = ORIENTED_EDGE('',*,*,#3703,.T.);
#5041 = ORIENTED_EDGE('',*,*,#4636,.T.);
#5042 = ADVANCED_FACE('',(#5043),#3668,.T.);
#5043 = FACE_BOUND('',#5044,.F.);
#5044 = EDGE_LOOP('',(#5045,#5046,#5047,#5048));
#5045 = ORIENTED_EDGE('',*,*,#4689,.F.);
#5046 = ORIENTED_EDGE('',*,*,#4155,.F.);
#5047 = ORIENTED_EDGE('',*,*,#3651,.T.);
#5048 = ORIENTED_EDGE('',*,*,#4856,.T.);
#5049 = ADVANCED_FACE('',(#5050),#3805,.F.);
#5050 = FACE_BOUND('',#5051,.T.);
#5051 = EDGE_LOOP('',(#5052,#5053,#5074,#5075));
#5052 = ORIENTED_EDGE('',*,*,#4735,.T.);
#5053 = ORIENTED_EDGE('',*,*,#5054,.T.);
#5054 = EDGE_CURVE('',#4736,#3785,#5055,.T.);
#5055 = SEAM_CURVE('',#5056,(#5060,#5067),.PCURVE_S1.);
#5056 = LINE('',#5057,#5058);
#5057 = CARTESIAN_POINT('',(82.7,96.3,0.5));
#5058 = VECTOR('',#5059,1.);
#5059 = DIRECTION('',(0.,0.,1.));
#5060 = PCURVE('',#3805,#5061);
#5061 = DEFINITIONAL_REPRESENTATION('',(#5062),#5066);
#5062 = LINE('',#5063,#5064);
#5063 = CARTESIAN_POINT('',(-6.28318530718,0.));
#5064 = VECTOR('',#5065,1.);
#5065 = DIRECTION('',(-0.,-1.));
#5066 = ( GEOMETRIC_REPRESENTATION_CONTEXT(2) 
PARAMETRIC_REPRESENTATION_CONTEXT() REPRESENTATION_CONTEXT('2D SPACE',''
  ) );
#5067 = PCURVE('',#3805,#5068);
#5068 = DEFINITIONAL_REPRESENTATION('',(#5069),#5073);
#5069 = LINE('',#5070,#5071);
#5070 = CARTESIAN_POINT('',(-0.,0.));
#5071 = VECTOR('',#5072,1.);
#5072 = DIRECTION('',(-0.,-1.));
#5073 = ( GEOMETRIC_REPRESENTATION_CONTEXT(2) 
PARAMETRIC_REPRESENTATION_CONTEXT() REPRESENTATION_CONTEXT('2D SPACE',''
  ) );
#5074 = ORIENTED_EDGE('',*,*,#3784,.F.);
#5075 = ORIENTED_EDGE('',*,*,#5054,.F.);
#5076 = ADVANCED_FACE('',(#5077),#3961,.F.);
#5077 = FACE_BOUND('',#5078,.F.);
#5078 = EDGE_LOOP('',(#5079,#5100,#5101,#5122));
#5079 = ORIENTED_EDGE('',*,*,#5080,.F.);
#5080 = EDGE_CURVE('',#3947,#4510,#5081,.T.);
#5081 = SURFACE_CURVE('',#5082,(#5086,#5093),.PCURVE_S1.);
#5082 = LINE('',#5083,#5084);
#5083 = CARTESIAN_POINT('',(47.1,-15.25,-1.4));
#5084 = VECTOR('',#5085,1.);
#5085 = DIRECTION('',(-0.,1.,0.));
#5086 = PCURVE('',#3961,#5087);
#5087 = DEFINITIONAL_REPRESENTATION('',(#5088),#5092);
#5088 = LINE('',#5089,#5090);
#5089 = CARTESIAN_POINT('',(3.6,0.));
#5090 = VECTOR('',#5091,1.);
#5091 = DIRECTION('',(0.,-1.));
#5092 = ( GEOMETRIC_REPRESENTATION_CONTEXT(2) 
PARAMETRIC_REPRESENTATION_CONTEXT() REPRESENTATION_CONTEXT('2D SPACE',''
  ) );
#5093 = PCURVE('',#3987,#5094);
#5094 = DEFINITIONAL_REPRESENTATION('',(#5095),#5099);
#5095 = LINE('',#5096,#5097);
#5096 = CARTESIAN_POINT('',(10.,0.));
#5097 = VECTOR('',#5098,1.);
#5098 = DIRECTION('',(0.,1.));
#5099 = ( GEOMETRIC_REPRESENTATION_CONTEXT(2) 
PARAMETRIC_REPRESENTATION_CONTEXT() REPRESENTATION_CONTEXT('2D SPACE',''
  ) );
#5100 = ORIENTED_EDGE('',*,*,#3944,.F.);
#5101 = ORIENTED_EDGE('',*,*,#5102,.T.);
#5102 = EDGE_CURVE('',#3945,#4552,#5103,.T.);
#5103 = SURFACE_CURVE('',#5104,(#5108,#5115),.PCURVE_S1.);
#5104 = LINE('',#5105,#5106);
#5105 = CARTESIAN_POINT('',(47.1,-15.25,-5.));
#5106 = VECTOR('',#5107,1.);
#5107 = DIRECTION('',(-0.,1.,0.));
#5108 = PCURVE('',#3961,#5109);
#5109 = DEFINITIONAL_REPRESENTATION('',(#5110),#5114);
#5110 = LINE('',#5111,#5112);
#5111 = CARTESIAN_POINT('',(0.,0.));
#5112 = VECTOR('',#5113,1.);
#5113 = DIRECTION('',(0.,-1.));
#5114 = ( GEOMETRIC_REPRESENTATION_CONTEXT(2) 
PARAMETRIC_REPRESENTATION_CONTEXT() REPRESENTATION_CONTEXT('2D SPACE',''
  ) );
#5115 = PCURVE('',#4037,#5116);
#5116 = DEFINITIONAL_REPRESENTATION('',(#5117),#5121);
#5117 = LINE('',#5118,#5119);
#5118 = CARTESIAN_POINT('',(10.,0.));
#5119 = VECTOR('',#5120,1.);
#5120 = DIRECTION('',(0.,1.));
#5121 = ( GEOMETRIC_REPRESENTATION_CONTEXT(2) 
PARAMETRIC_REPRESENTATION_CONTEXT() REPRESENTATION_CONTEXT('2D SPACE',''
  ) );
#5122 = ORIENTED_EDGE('',*,*,#4572,.F.);
#5123 = ADVANCED_FACE('',(#5124),#4037,.T.);
#5124 = FACE_BOUND('',#5125,.T.);
#5125 = EDGE_LOOP('',(#5126,#5147,#5148,#5149));
#5126 = ORIENTED_EDGE('',*,*,#5127,.F.);
#5127 = EDGE_CURVE('',#3999,#4531,#5128,.T.);
#5128 = SURFACE_CURVE('',#5129,(#5133,#5140),.PCURVE_S1.);
#5129 = LINE('',#5130,#5131);
#5130 = CARTESIAN_POINT('',(37.1,-15.25,-5.));
#5131 = VECTOR('',#5132,1.);
#5132 = DIRECTION('',(-0.,1.,0.));
#5133 = PCURVE('',#4037,#5134);
#5134 = DEFINITIONAL_REPRESENTATION('',(#5135),#5139);
#5135 = LINE('',#5136,#5137);
#5136 = CARTESIAN_POINT('',(0.,0.));
#5137 = VECTOR('',#5138,1.);
#5138 = DIRECTION('',(0.,1.));
#5139 = ( GEOMETRIC_REPRESENTATION_CONTEXT(2) 
PARAMETRIC_REPRESENTATION_CONTEXT() REPRESENTATION_CONTEXT('2D SPACE',''
  ) );
#5140 = PCURVE('',#4013,#5141);
#5141 = DEFINITIONAL_REPRESENTATION('',(#5142),#5146);
#5142 = LINE('',#5143,#5144);
#5143 = CARTESIAN_POINT('',(0.,0.));
#5144 = VECTOR('',#5145,1.);
#5145 = DIRECTION('',(0.,-1.));
#5146 = ( GEOMETRIC_REPRESENTATION_CONTEXT(2) 
PARAMETRIC_REPRESENTATION_CONTEXT() REPRESENTATION_CONTEXT('2D SPACE',''
  ) );
#5147 = ORIENTED_EDGE('',*,*,#4024,.F.);
#5148 = ORIENTED_EDGE('',*,*,#5102,.T.);
#5149 = ORIENTED_EDGE('',*,*,#4551,.F.);
#5150 = ADVANCED_FACE('',(#5151),#4013,.T.);
#5151 = FACE_BOUND('',#5152,.T.);
#5152 = EDGE_LOOP('',(#5153,#5174,#5175,#5176));
#5153 = ORIENTED_EDGE('',*,*,#5154,.F.);
#5154 = EDGE_CURVE('',#3973,#4508,#5155,.T.);
#5155 = SURFACE_CURVE('',#5156,(#5160,#5167),.PCURVE_S1.);
#5156 = LINE('',#5157,#5158);
#5157 = CARTESIAN_POINT('',(37.1,-15.25,-1.4));
#5158 = VECTOR('',#5159,1.);
#5159 = DIRECTION('',(-0.,1.,0.));
#5160 = PCURVE('',#4013,#5161);
#5161 = DEFINITIONAL_REPRESENTATION('',(#5162),#5166);
#5162 = LINE('',#5163,#5164);
#5163 = CARTESIAN_POINT('',(3.6,0.));
#5164 = VECTOR('',#5165,1.);
#5165 = DIRECTION('',(0.,-1.));
#5166 = ( GEOMETRIC_REPRESENTATION_CONTEXT(2) 
PARAMETRIC_REPRESENTATION_CONTEXT() REPRESENTATION_CONTEXT('2D SPACE',''
  ) );
#5167 = PCURVE('',#3987,#5168);
#5168 = DEFINITIONAL_REPRESENTATION('',(#5169),#5173);
#5169 = LINE('',#5170,#5171);
#5170 = CARTESIAN_POINT('',(0.,0.));
#5171 = VECTOR('',#5172,1.);
#5172 = DIRECTION('',(0.,1.));
#5173 = ( GEOMETRIC_REPRESENTATION_CONTEXT(2) 
PARAMETRIC_REPRESENTATION_CONTEXT() REPRESENTATION_CONTEXT('2D SPACE',''
  ) );
#5174 = ORIENTED_EDGE('',*,*,#3998,.F.);
#5175 = ORIENTED_EDGE('',*,*,#5127,.T.);
#5176 = ORIENTED_EDGE('',*,*,#4530,.F.);
#5177 = ADVANCED_FACE('',(#5178),#3987,.F.);
#5178 = FACE_BOUND('',#5179,.F.);
#5179 = EDGE_LOOP('',(#5180,#5181,#5182,#5183));
#5180 = ORIENTED_EDGE('',*,*,#5154,.F.);
#5181 = ORIENTED_EDGE('',*,*,#3972,.F.);
#5182 = ORIENTED_EDGE('',*,*,#5080,.T.);
#5183 = ORIENTED_EDGE('',*,*,#4507,.F.);
#5184 = ( GEOMETRIC_REPRESENTATION_CONTEXT(3) 
GLOBAL_UNCERTAINTY_ASSIGNED_CONTEXT((#5188)) 
GLOBAL_UNIT_ASSIGNED_CONTEXT((#5185,#5186,#5187)) REPRESENTATION_CONTEXT
('Context #1','3D Context with UNIT and UNCERTAINTY') );
#5185 = ( LENGTH_UNIT() NAMED_UNIT(*) SI_UNIT(.MILLI.,.METRE.) );
#5186 = ( NAMED_UNIT(*) PLANE_ANGLE_UNIT() SI_UNIT($,.RADIAN.) );
#5187 = ( NAMED_UNIT(*) SI_UNIT($,.STERADIAN.) SOLID_ANGLE_UNIT() );
#5188 = UNCERTAINTY_MEASURE_WITH_UNIT(LENGTH_MEASURE(1.E-07),#5185,
  'distance_accuracy_value','confusion accuracy');
#5189 = PRODUCT_RELATED_PRODUCT_CATEGORY('part',$,(#7));
ENDSEC;
END-ISO-10303-21;
